frame_number,player_id,team_id,has_ball,speed_mps,distance_meters,x_transformed_meters,y_transformed_meters
0,1,2,False,12.033428270686832,0.6963789508499324,13.4361572265625,52.79335403442383
0,3,2,False,2.0222259663761855,0.11702696564676998,3.059546709060669,38.6951904296875
0,4,2,False,0.0,0.0,,
0,5,1,False,6.411916357699626,0.3710599744039136,8.489628791809082,48.45960235595703
0,6,1,False,6.308195530354468,0.365057611710328,20.479490280151367,64.82421875
0,7,2,False,5.90762488631872,0.34187644018048147,19.428144454956055,37.337257385253906
0,8,2,False,5.677927493687793,0.32858376699582137,18.44478416442871,24.46075439453125
0,9,1,False,0.0,0.0,,
0,10,2,False,0.0,0.0,,
0,11,1,False,7.791604067302051,0.45090301315405384,3.719907522201538,56.96522903442383
0,12,1,False,3.8933799835197025,0.22531134163887168,0.6615772843360901,40.368247985839844
0,13,2,False,0.0,0.0,,
0,14,2,False,2.169835207050125,0.12556916707466,6.985631465911865,55.35639953613281
0,15,1,False,4.2119692510642475,0.24374822054769948,14.475467681884766,32.099857330322266
0,16,1,False,3.1156854908717317,0.1803058733143363,4.1611409187316895,12.908321380615234
0,18,1,False,4.189677313473534,0.2424581778630517,17.73245620727539,58.308712005615234
0,19,1,False,0.0,0.0,,
0,20,2,False,0.0,0.0,,
0,22,1,True,7.5916862898176865,0.4393336973274124,17.89496421813965,58.9378776550293
1,1,2,False,12.033428270686832,0.6963789508499324,13.4361572265625,52.79335403442383
1,3,2,False,2.0222259663761855,0.11702696564676998,3.059546709060669,38.6951904296875
1,4,2,False,0.0,0.0,,
1,5,1,False,6.411916357699626,0.3710599744039136,8.489628791809082,48.45960235595703
1,6,1,False,6.308195530354468,0.365057611710328,20.479490280151367,64.82421875
1,7,2,False,5.90762488631872,0.34187644018048147,19.428144454956055,37.337257385253906
1,8,2,False,5.677927493687793,0.32858376699582137,18.44478416442871,24.46075439453125
1,9,1,False,0.0,0.0,,
1,10,2,False,0.0,0.0,,
1,11,1,False,7.791604067302051,0.45090301315405384,3.719907522201538,56.96522903442383
1,12,1,False,3.8933799835197025,0.22531134163887168,0.6615772843360901,40.368247985839844
1,13,2,False,0.0,0.0,,
1,14,2,False,2.169835207050125,0.12556916707466,6.985631465911865,55.35639953613281
1,15,1,False,4.2119692510642475,0.24374822054769948,14.475467681884766,32.099857330322266
1,16,1,False,3.1156854908717317,0.1803058733143363,4.1611409187316895,12.908321380615234
1,18,1,False,4.189677313473534,0.2424581778630517,17.73245620727539,58.308712005615234
1,19,1,False,0.0,0.0,,
1,20,2,False,0.0,0.0,,
1,22,1,True,7.5916862898176865,0.4393336973274124,17.876846313476562,58.934322357177734
2,1,2,False,12.033428270686832,0.6963789508499324,13.540128707885742,53.02293395996094
2,3,2,False,2.0222259663761855,0.11702696564676998,3.082571029663086,38.69938659667969
2,4,2,False,0.0,0.0,,
2,5,1,False,6.411916357699626,0.3710599744039136,8.571698188781738,48.475135803222656
2,6,1,False,6.308195530354468,0.365057611710328,20.44720458984375,64.86654663085938
2,7,2,False,5.90762488631872,0.34187644018048147,19.453123092651367,37.34172821044922
2,8,2,False,5.677927493687793,0.32858376699582137,18.473674774169922,24.465633392333984
2,9,1,False,0.0,0.0,,
2,10,2,False,0.0,0.0,,
2,11,1,False,7.791604067302051,0.45090301315405384,3.737191677093506,57.02541732788086
2,12,1,False,3.8933799835197025,0.22531134163887168,0.6875306367874146,40.466121673583984
2,13,2,False,0.0,0.0,,
2,14,2,False,2.169835207050125,0.12556916707466,7.000290870666504,55.42078399658203
2,15,1,False,4.2119692510642475,0.24374822054769948,14.459284782409668,32.22083282470703
2,16,1,False,3.1156854908717317,0.1803058733143363,4.1611409187316895,12.908321380615234
2,18,1,False,4.189677313473534,0.2424581778630517,17.77262306213379,58.37685012817383
2,19,1,False,0.0,0.0,,
2,20,2,False,0.0,0.0,,
2,22,1,True,7.5916862898176865,0.4393336973274124,17.93792724609375,59.0643310546875
3,1,2,False,12.033428270686832,0.6963789508499324,13.646297454833984,53.1129035949707
3,3,2,False,2.0222259663761855,0.11702696564676998,3.1055960655212402,38.70358657836914
3,4,2,False,0.0,0.0,,
3,5,1,False,6.411916357699626,0.3710599744039136,8.688809394836426,48.574737548828125
3,6,1,False,6.308195530354468,0.365057611710328,20.398494720458984,64.9054946899414
3,7,2,False,5.90762488631872,0.34187644018048147,19.455636978149414,37.4539909362793
3,8,2,False,5.677927493687793,0.32858376699582137,18.56035041809082,24.48027801513672
3,9,1,False,0.0,0.0,,
3,10,2,False,0.0,0.0,,
3,11,1,False,7.791604067302051,0.45090301315405384,3.736821413040161,57.138587951660156
3,12,1,False,3.8933799835197025,0.22531134163887168,0.7097924947738647,40.470218658447266
3,13,2,False,0.0,0.0,,
3,14,2,False,2.169835207050125,0.12556916707466,7.000290870666504,55.42078399658203
3,15,1,False,4.2119692510642475,0.24374822054769948,14.459284782409668,32.22083282470703
3,16,1,False,3.1156854908717317,0.1803058733143363,4.160059452056885,13.08726692199707
3,18,1,False,4.189677313473534,0.2424581778630517,17.790904998779297,58.380428314208984
3,19,1,False,0.0,0.0,,
3,20,2,False,0.0,0.0,,
3,22,1,True,7.5916862898176865,0.4393336973274124,18.0677490234375,59.14863967895508
4,1,2,False,12.033428270686832,0.6963789508499324,13.791303634643555,53.21019744873047
4,3,2,False,2.0222259663761855,0.11702696564676998,3.128621816635132,38.70778274536133
4,4,2,False,0.0,0.0,,
4,5,1,False,6.411916357699626,0.3710599744039136,8.770809173583984,48.59026336669922
4,6,1,False,6.308195530354468,0.365057611710328,20.299592971801758,64.88567352294922
4,7,2,False,5.90762488631872,0.34187644018048147,19.45814323425293,37.56594467163086
4,8,2,False,5.677927493687793,0.32858376699582137,18.618141174316406,24.490039825439453
4,9,1,False,0.0,0.0,,
4,10,2,False,0.0,0.0,,
4,11,1,False,7.791604067302051,0.45090301315405384,3.718902826309204,57.3040771484375
4,12,1,False,3.8933799835197025,0.22531134163887168,0.7356529831886292,40.567840576171875
4,13,2,False,0.0,0.0,,
4,14,2,False,2.169835207050125,0.12556916707466,6.996703147888184,55.48147964477539
4,15,1,False,4.2119692510642475,0.24374822054769948,14.459284782409668,32.22083282470703
4,16,1,False,3.1156854908717317,0.1803058733143363,4.129061222076416,13.082250595092773
4,18,1,False,4.189677313473534,0.2424581778630517,17.864042282104492,58.39474105834961
4,19,1,False,0.0,0.0,,
4,20,2,False,0.0,0.0,,
4,22,1,False,7.5916862898176865,0.4393336973274124,18.10706901550293,59.21508026123047
4,26,2,False,0.0,0.0,,
5,1,2,False,15.619024022905762,1.6002576558792012,13.967077255249023,53.24398422241211
5,3,2,False,5.422433475416293,0.4308251991778055,3.1746761798858643,38.71617889404297
5,4,2,False,0.0,0.0,,
5,5,1,False,14.469361962719994,1.2084073102094688,8.832315444946289,48.60190963745117
5,6,1,False,18.008300263541965,1.40720461770234,20.136852264404297,64.95018005371094
5,7,2,False,5.359055150066655,0.6520069465500795,19.460643768310547,37.67758560180664
5,8,2,False,11.606556740584487,1.0002595042981643,18.75860595703125,24.363372802734375
5,9,1,False,0.0,0.0,,
5,10,2,False,0.0,0.0,,
5,11,1,False,6.628011845571991,0.8344685134765071,3.7185707092285156,57.41613006591797
5,12,1,False,2.790124357596378,0.38677687159236573,0.7578880190849304,40.571937561035156
5,13,2,False,0.0,0.0,,
5,14,2,False,2.4178932358883336,0.26549354415153115,6.996703147888184,55.48147964477539
5,15,1,False,4.457951374219311,0.5017315176668725,14.44314956665039,32.341453552246094
5,16,1,False,3.2100466047771423,0.36607245923893944,4.098064422607422,13.077234268188477
5,18,1,False,15.734128499934934,1.1529980216092863,17.97040367126465,58.355262756347656
5,19,1,False,0.0,0.0,,
5,20,2,False,0.0,0.0,,
5,22,1,False,0.0,0.0,18.164348602294922,59.28493118286133
5,26,2,False,0.0,0.0,,
6,1,2,False,15.619024022905762,1.6002576558792012,14.135103225708008,53.20683670043945
6,3,2,False,5.422433475416293,0.4308251991778055,3.2437639236450195,38.72877502441406
6,4,2,False,0.0,0.0,,
6,5,1,False,14.469361962719994,1.2084073102094688,8.922280311584473,48.77330780029297
6,6,1,False,18.008300263541965,1.40720461770234,19.974750518798828,65.0144271850586
6,7,2,False,5.359055150066655,0.6520069465500795,19.51039695739746,37.686500549316406
6,8,2,False,11.606556740584487,1.0002595042981643,18.79154396057129,24.51933479309082
6,9,1,False,0.0,0.0,,
6,10,2,False,0.0,0.0,,
6,11,1,False,6.628011845571991,0.8344685134765071,3.7180747985839844,57.583377838134766
6,12,1,False,2.790124357596378,0.38677687159236573,0.7836560010910034,40.6693115234375
6,13,2,False,0.0,0.0,,
6,14,2,False,2.4178932358883336,0.26549354415153115,7.014920234680176,55.48503112792969
6,15,1,False,4.457951374219311,0.5017315176668725,14.453079223632812,32.46629333496094
6,16,1,False,3.2100466047771423,0.36607245923893944,4.098064422607422,13.077234268188477
6,18,1,False,15.734128499934934,1.1529980216092863,18.171812057495117,58.3946647644043
6,19,1,False,0.0,0.0,,
6,20,2,False,0.0,0.0,,
6,22,1,False,0.0,0.0,18.332937240600586,59.08285903930664
6,26,2,False,0.0,0.0,,
7,1,2,False,15.619024022905762,1.6002576558792012,14.2720365524292,53.233150482177734
7,3,2,False,5.422433475416293,0.4308251991778055,3.2898263931274414,38.73717498779297
7,4,2,False,0.0,0.0,,
7,5,1,False,14.469361962719994,1.2084073102094688,9.0118408203125,48.94393539428711
7,6,1,False,18.008300263541965,1.40720461770234,19.832271575927734,65.17827606201172
7,7,2,False,5.359055150066655,0.6520069465500795,19.53766441345215,37.802276611328125
7,8,2,False,11.606556740584487,1.0002595042981643,18.849355697631836,24.529102325439453
7,9,1,False,0.0,0.0,,
7,10,2,False,0.0,0.0,,
7,11,1,False,6.628011845571991,0.8344685134765071,3.7179102897644043,57.6389045715332
7,12,1,False,2.790124357596378,0.38677687159236573,0.8058643341064453,40.67340087890625
7,13,2,False,0.0,0.0,,
7,14,2,False,2.4178932358883336,0.26549354415153115,7.029519081115723,55.54914855957031
7,15,1,False,4.457951374219311,0.5017315176668725,14.453079223632812,32.46629333496094
7,16,1,False,3.2100466047771423,0.36607245923893944,4.098064422607422,13.077234268188477
7,18,1,False,15.734128499934934,1.1529980216092863,18.239107131958008,58.64830780029297
7,19,1,False,0.0,0.0,,
7,20,2,False,0.0,0.0,,
7,22,1,False,0.0,0.0,18.284616470336914,59.191200256347656
7,26,2,False,0.0,0.0,,
8,1,2,False,15.619024022905762,1.6002576558792012,14.396950721740723,53.32661819458008
8,3,2,False,5.422433475416293,0.4308251991778055,3.336176633834839,38.84440994262695
8,4,2,False,0.0,0.0,,
8,5,1,False,14.469361962719994,1.2084073102094688,9.10099983215332,49.11379623413086
8,6,1,False,18.008300263541965,1.40720461770234,19.639055252075195,65.23516845703125
8,7,2,False,5.359055150066655,0.6520069465500795,19.564857482910156,37.91773986816406
8,8,2,False,11.606556740584487,1.0002595042981643,18.910961151123047,24.689441680908203
8,9,1,False,0.0,0.0,,
8,10,2,False,0.0,0.0,,
8,11,1,False,6.628011845571991,0.8344685134765071,3.7003536224365234,57.74623489379883
8,12,1,False,2.790124357596378,0.38677687159236573,0.8280735015869141,40.677494049072266
8,13,2,False,0.0,0.0,,
8,14,2,False,2.4178932358883336,0.26549354415153115,7.029519081115723,55.54914855957031
8,15,1,False,4.457951374219311,0.5017315176668725,14.479097366333008,32.47086715698242
8,16,1,False,3.2100466047771423,0.36607245923893944,4.098064422607422,13.077234268188477
8,18,1,False,15.734128499934934,1.1529980216092863,18.3726806640625,58.79397964477539
8,19,1,False,0.0,0.0,,
8,20,2,False,0.0,0.0,,
8,22,1,False,0.0,0.0,18.426374435424805,59.16016387939453
8,26,2,False,0.0,0.0,,
9,1,2,False,15.619024022905762,1.6002576558792012,14.567989349365234,53.49797439575195
9,3,2,False,5.422433475416293,0.4308251991778055,3.359433650970459,38.947181701660156
9,4,2,False,0.0,0.0,,
9,5,1,False,14.469361962719994,1.2084073102094688,9.19629955291748,49.20809555053711
9,6,1,False,18.008300263541965,1.40720461770234,19.41738510131836,65.38092041015625
9,7,2,False,5.359055150066655,0.6520069465500795,19.61448097229004,37.926639556884766
9,8,2,False,11.606556740584487,1.0002595042981643,18.94355583190918,24.844406127929688
9,9,1,False,0.0,0.0,,
9,10,2,False,0.0,0.0,,
9,11,1,False,6.628011845571991,0.8344685134765071,3.700206995010376,57.80143737792969
9,12,1,False,2.790124357596378,0.38677687159236573,0.8502834439277649,40.68158721923828
9,13,2,False,0.0,0.0,,
9,14,2,False,2.4178932358883336,0.26549354415153115,7.029519081115723,55.54914855957031
9,15,1,False,4.457951374219311,0.5017315176668725,14.50511646270752,32.475440979003906
9,16,1,False,3.2100466047771423,0.36607245923893944,4.098064422607422,13.077234268188477
9,18,1,False,15.734128499934934,1.1529980216092863,18.417760848999023,58.98118591308594
9,19,1,False,0.0,0.0,,
9,20,2,False,0.0,0.0,,
9,26,2,False,0.0,0.0,,
9,28,1,False,0.0,0.0,,
10,1,2,False,17.04862154841817,2.586867699190438,14.725975036621094,53.7349739074707
10,3,2,False,7.787111150421272,0.8814682055679255,3.3824081420898438,38.95137405395508
10,4,2,False,0.0,0.0,,
10,5,1,False,11.48417733876344,1.8730009062027233,9.29139518737793,49.30219268798828
10,6,1,False,14.94043115404659,2.271812902080036,19.2441349029541,65.48788452148438
10,7,2,False,8.97153148049685,1.1711927961158695,19.639293670654297,37.93109130859375
10,8,2,False,6.767964818122287,1.3919241349765374,18.97604751586914,24.998878479003906
10,9,1,False,0.0,0.0,,
10,10,2,False,0.0,0.0,,
10,11,1,False,2.709255637162955,0.9912541406271411,3.6829962730407715,57.79804229736328
10,12,1,False,3.8630321128210188,0.6103319707139525,0.872494101524353,40.68567657470703
10,13,2,False,0.0,0.0,,
10,14,2,False,12.548436108395508,0.9916761893133083,7.044088363647461,55.613136291503906
10,15,1,False,1.3676108195704209,0.5808756623179385,14.488960266113281,32.5953369140625
10,16,1,False,6.130076461081114,0.7208222544403928,4.12803840637207,13.260566711425781
10,18,1,False,16.4928993682745,2.107448216532579,18.477859497070312,59.11128616333008
10,19,1,False,0.0,0.0,,
10,20,2,False,0.0,0.0,,
10,26,2,False,0.0,0.0,,
10,28,1,False,0.0,0.0,,
11,1,2,False,17.04862154841817,2.586867699190438,14.973103523254395,53.919559478759766
11,3,2,False,7.787111150421272,0.8814682055679255,3.4283597469329834,38.95975875854492
11,4,2,False,0.0,0.0,,
11,5,1,False,11.48417733876344,1.8730009062027233,9.406594276428223,49.399940490722656
11,6,1,True,14.94043115404659,2.271812902080036,19.05173683166504,65.49628448486328
11,7,2,False,8.97153148049685,1.1711927961158695,19.688922882080078,37.93999099731445
11,8,2,False,6.767964818122287,1.3919241349765374,19.00482177734375,25.00374984741211
11,9,1,False,0.0,0.0,,
11,10,2,False,0.0,0.0,,
11,11,1,False,2.709255637162955,0.9912541406271411,3.6656734943389893,57.8497428894043
11,12,1,False,3.8630321128210188,0.6103319707139525,0.872494101524353,40.68567657470703
11,13,2,False,0.0,0.0,,
11,14,2,False,12.548436108395508,0.9916761893133083,7.04046630859375,55.67344665527344
11,15,1,False,1.3676108195704209,0.5808756623179385,14.514942169189453,32.59990692138672
11,16,1,False,6.130076461081114,0.7208222544403928,4.12803840637207,13.260566711425781
11,18,1,False,16.4928993682745,2.107448216532579,18.70306396484375,59.332069396972656
11,19,1,False,0.0,0.0,,
11,20,2,False,0.0,0.0,,
11,26,2,False,0.0,0.0,,
11,28,1,False,0.0,0.0,,
11,22,1,False,0.0,0.0,18.69530487060547,59.15393829345703
12,1,2,False,17.04862154841817,2.586867699190438,15.109650611877441,54.15028762817383
12,3,2,False,7.787111150421272,0.8814682055679255,3.4514684677124023,39.062252044677734
12,4,2,False,0.0,0.0,,
12,5,1,False,11.48417733876344,1.8730009062027233,9.515050888061523,49.34464645385742
12,6,1,True,14.94043115404659,2.271812902080036,18.82961082458496,65.5455093383789
12,7,2,False,8.97153148049685,1.1711927961158695,19.738554000854492,37.94889450073242
12,8,2,False,6.767964818122287,1.3919241349765374,19.00843620300293,25.152862548828125
12,9,1,False,0.0,0.0,,
12,10,2,False,0.0,0.0,,
12,11,1,False,2.709255637162955,0.9912541406271411,3.6483852863311768,57.90134048461914
12,12,1,False,3.8630321128210188,0.6103319707139525,0.898087739944458,40.78279495239258
12,13,2,False,0.0,0.0,,
12,14,2,False,12.548436108395508,0.9916761893133083,7.047749996185303,55.85716247558594
12,15,1,False,1.3676108195704209,0.5808756623179385,14.514942169189453,32.59990692138672
12,16,1,False,6.130076461081114,0.7208222544403928,4.127018928527832,13.438251495361328
12,18,1,False,16.4928993682745,2.107448216532579,18.664810180664062,60.077640533447266
12,19,1,False,0.0,0.0,,
12,26,2,False,0.0,0.0,,
12,28,1,False,0.0,0.0,,
12,22,1,False,0.0,0.0,18.887496948242188,59.01392364501953
13,1,2,False,17.04862154841817,2.586867699190438,15.25815486907959,54.31447219848633
13,3,2,False,7.787111150421272,0.8814682055679255,3.474517345428467,39.16447830200195
13,4,2,False,0.0,0.0,,
13,5,1,False,11.48417733876344,1.8730009062027233,9.602710723876953,49.51289749145508
13,6,1,True,14.94043115404659,2.271812902080036,18.69813346862793,65.47216796875
13,7,2,False,8.97153148049685,1.1711927961158695,19.765439987182617,38.06401443481445
13,8,2,False,6.767964818122287,1.3919241349765374,19.06589698791504,25.16259765625
13,9,1,False,0.0,0.0,,
13,10,2,False,0.0,0.0,,
13,11,1,False,2.709255637162955,0.9912541406271411,3.614034652709961,57.89455795288086
13,12,1,False,3.8630321128210188,0.6103319707139525,0.9202718138694763,40.78688430786133
13,13,2,False,0.0,0.0,,
13,14,2,False,12.548436108395508,0.9916761893133083,7.0405354499816895,55.976661682128906
13,15,1,False,1.3676108195704209,0.5808756623179385,14.540924072265625,32.60447692871094
13,16,1,False,6.130076461081114,0.7208222544403928,4.127018928527832,13.438251495361328
13,18,1,False,16.4928993682745,2.107448216532579,18.8669376373291,59.8300666809082
13,19,1,False,0.0,0.0,,
13,26,2,False,0.0,0.0,,
13,28,1,False,0.0,0.0,,
14,1,2,False,17.04862154841817,2.586867699190438,15.393394470214844,54.34055709838867
14,3,2,False,7.787111150421272,0.8814682055679255,3.497506618499756,39.266441345214844
14,4,2,False,0.0,0.0,,
14,5,1,False,11.48417733876344,1.8730009062027233,9.69707202911377,49.60637283325195
14,6,1,True,14.94043115404659,2.271812902080036,18.59878921508789,65.40521240234375
14,7,2,False,8.97153148049685,1.1711927961158695,19.79427719116211,38.288875579833984
14,8,2,False,6.767964818122287,1.3919241349765374,19.152095794677734,25.177200317382812
14,9,1,False,0.0,0.0,,
14,10,2,False,0.0,0.0,,
14,11,1,False,2.709255637162955,0.9912541406271411,3.579686164855957,57.88777542114258
14,12,1,False,3.8630321128210188,0.6103319707139525,0.9424566030502319,40.79097366333008
14,13,2,False,0.0,0.0,,
14,14,2,False,12.548436108395508,0.9916761893133083,7.044188499450684,56.21770095825195
14,15,1,False,1.3676108195704209,0.5808756623179385,14.589768409729004,32.243743896484375
14,16,1,False,6.130076461081114,0.7208222544403928,4.127018928527832,13.438251495361328
14,18,1,False,16.4928993682745,2.107448216532579,18.920726776123047,59.84064483642578
14,19,1,False,0.0,0.0,,
14,26,2,False,0.0,0.0,,
14,28,1,False,0.0,0.0,,
14,34,2,False,0.0,0.0,19.081130981445312,60.78194808959961
15,1,2,False,19.43549915662019,3.711607233717069,15.490011215209961,54.35919189453125
15,3,2,False,3.173710691534374,1.065132018735424,3.5432965755462646,39.372318267822266
15,4,2,False,0.0,0.0,,
15,5,1,False,11.647198514612597,2.547028598020582,9.763810157775879,49.7696418762207
15,6,1,True,15.30427695210664,3.1574770775491707,18.388601303100586,65.36294555664062
15,7,2,False,7.889228578981716,1.627745375918052,19.845661163330078,38.407501220703125
15,8,2,False,5.532676321875743,1.7121021628628652,19.184160232543945,25.330677032470703
15,9,1,False,0.0,0.0,,
15,10,2,False,0.0,0.0,,
15,11,1,False,4.361712358556549,1.2436680502658304,3.5281436443328857,57.82258605957031
15,12,1,False,5.541291466955428,0.9310085602368361,0.96793133020401,40.88783645629883
15,13,2,False,0.0,0.0,,
15,14,2,False,2.6024577326175518,1.1422813821731204,7.054982662200928,56.339237213134766
15,15,1,False,12.616985023127796,1.31102525856376,14.56690788269043,32.609046936035156
15,16,1,False,3.177074417688142,0.9046807276862344,4.126003265380859,13.615310668945312
15,18,1,False,0.0,0.0,19.115842819213867,59.82118225097656
15,19,1,False,0.0,0.0,,
15,26,2,False,0.0,0.0,,
15,28,1,False,0.0,0.0,,
16,1,2,False,19.43549915662019,3.711607233717069,15.560312271118164,54.507755279541016
16,3,2,False,3.173710691534374,1.065132018735424,3.566157579421997,39.37649917602539
16,4,2,False,0.0,0.0,,
16,5,1,False,11.647198514612597,2.547028598020582,9.857685089111328,49.86252975463867
16,6,1,True,15.30427695210664,3.1574770775491707,18.191875457763672,65.2763442993164
16,7,2,False,7.889228578981716,1.627745375918052,19.872257232666016,38.52137756347656
16,8,2,False,5.532676321875743,1.7121021628628652,19.24154281616211,25.34040641784668
16,9,1,False,0.0,0.0,,
16,10,2,False,0.0,0.0,,
16,11,1,False,4.361712358556549,1.2436680502658304,3.4937660694122314,57.815799713134766
16,12,1,False,5.541291466955428,0.9310085602368361,1.0154731273651123,40.98854446411133
16,13,2,False,0.0,0.0,,
16,14,2,False,2.6024577326175518,1.1422813821731204,7.065732955932617,56.46028137207031
16,15,1,False,12.616985023127796,1.31102525856376,14.576629638671875,32.7331428527832
16,16,1,False,3.177074417688142,0.9046807276862344,4.126003265380859,13.615310668945312
16,18,1,False,0.0,0.0,19.27147102355957,59.67757034301758
16,19,1,False,0.0,0.0,,
16,26,2,False,0.0,0.0,,
16,28,1,False,0.0,0.0,,
16,34,2,False,0.0,0.0,19.112205505371094,60.67593002319336
17,1,2,False,19.43549915662019,3.711607233717069,15.655596733093262,54.72757339477539
17,3,2,False,3.173710691534374,1.065132018735424,3.56613826751709,39.4737548828125
17,4,2,False,0.0,0.0,,
17,5,1,False,11.647198514612597,2.547028598020582,9.903681755065918,50.020851135253906
17,6,1,True,15.30427695210664,3.1574770775491707,18.111003875732422,65.26008605957031
17,7,2,False,7.889228578981716,1.627745375918052,19.898780822753906,38.634944915771484
17,8,2,False,5.532676321875743,1.7121021628628652,19.32452964782715,25.206411361694336
17,9,1,False,0.0,0.0,,
17,10,2,False,0.0,0.0,,
17,11,1,False,4.361712358556549,1.2436680502658304,3.459390163421631,57.80900955200195
17,12,1,False,5.541291466955428,0.9310085602368361,1.0376049280166626,40.99262619018555
17,13,2,False,0.0,0.0,,
17,14,2,False,2.6024577326175518,1.1422813821731204,7.101576805114746,56.46730041503906
17,15,1,False,12.616985023127796,1.31102525856376,14.528127670288086,33.08961868286133
17,16,1,False,3.177074417688142,0.9046807276862344,4.155770778656006,13.796743392944336
17,18,1,False,0.0,0.0,19.371028900146484,59.9869270324707
17,19,1,False,0.0,0.0,,
17,26,2,False,0.0,0.0,,
17,28,1,False,0.0,0.0,,
18,1,2,False,19.43549915662019,3.711607233717069,15.750279426574707,54.94600296020508
18,3,2,False,3.173710691534374,1.065132018735424,3.611802816390991,39.48210525512695
18,4,2,False,0.0,0.0,,
18,5,1,False,11.647198514612597,2.547028598020582,9.99709701538086,50.11316680908203
18,6,1,True,15.30427695210664,3.1574770775491707,17.93912124633789,65.31951904296875
18,7,2,False,7.889228578981716,1.627745375918052,19.923398971557617,38.639373779296875
18,8,2,False,5.532676321875743,1.7121021628628652,19.38201904296875,25.216150283813477
18,9,1,False,0.0,0.0,,
18,10,2,False,0.0,0.0,,
18,11,1,False,4.361712358556549,1.2436680502658304,3.425140619277954,57.85725021362305
18,12,1,False,5.541291466955428,0.9310085602368361,1.0376049280166626,40.99262619018555
18,13,2,False,0.0,0.0,,
18,14,2,False,2.6024577326175518,1.1422813821731204,7.123154163360596,56.412113189697266
18,15,1,False,12.616985023127796,1.31102525856376,14.537849426269531,33.21229553222656
18,16,1,False,3.177074417688142,0.9046807276862344,4.155770778656006,13.796743392944336
18,18,1,False,0.0,0.0,19.485870361328125,59.661376953125
18,19,1,False,0.0,0.0,,
18,26,2,False,0.0,0.0,,
18,28,1,False,0.0,0.0,,
18,22,1,False,0.0,0.0,19.50606346130371,59.135169982910156
18,34,2,False,0.0,0.0,19.144506454467773,61.07291030883789
19,1,2,False,19.43549915662019,3.711607233717069,15.876830101013184,55.10319137573242
19,3,2,False,3.173710691534374,1.065132018735424,3.634636402130127,39.48627853393555
19,4,2,False,0.0,0.0,,
19,5,1,False,11.647198514612597,2.547028598020582,10.110435485839844,50.20911407470703
19,6,1,True,15.30427695210664,3.1574770775491707,17.732519149780273,65.32483673095703
19,7,2,False,7.889228578981716,1.627745375918052,19.92523193359375,38.74820327758789
19,8,2,False,5.532676321875743,1.7121021628628652,19.413724899291992,25.36959457397461
19,9,1,False,0.0,0.0,,
19,10,2,False,0.0,0.0,,
19,11,1,False,4.361712358556549,1.2436680502658304,3.391117572784424,57.96021270751953
19,12,1,False,5.541291466955428,0.9310085602368361,1.062897801399231,41.0890007019043
19,13,2,False,0.0,0.0,,
19,14,2,False,2.6024577326175518,1.1422813821731204,7.1627373695373535,56.360328674316406
19,15,1,False,12.616985023127796,1.31102525856376,14.563644409179688,33.21684646606445
19,16,1,False,3.177074417688142,0.9046807276862344,4.155770778656006,13.796743392944336
19,18,1,False,0.0,0.0,19.57775115966797,59.73774337768555
19,19,1,False,0.0,0.0,,
19,26,2,False,0.0,0.0,,
19,28,1,False,0.0,0.0,,
19,22,1,False,0.0,0.0,19.756362915039062,59.00531005859375
19,34,2,False,0.0,0.0,19.052095413208008,61.38518524169922
20,1,2,False,13.137829509976266,4.471898293322177,15.956912994384766,55.382442474365234
20,3,2,False,3.8727804666506547,1.2892512587036333,3.6803059577941895,39.494632720947266
20,4,2,False,0.0,0.0,,
20,5,1,False,11.684860021025107,3.223235775163239,10.183329582214355,50.29719924926758
20,6,1,True,16.813451043104717,4.13047771661773,17.506881713867188,65.27944946289062
20,7,2,False,11.601688912793609,2.299139410223238,19.927059173583984,38.85673904418945
20,8,2,False,6.395179532894433,2.0821935710164783,19.499834060668945,25.384193420410156
20,9,1,False,0.0,0.0,,
20,10,2,False,0.0,0.0,,
20,11,1,False,12.787113181317068,1.983663026036494,3.357039451599121,58.008155822753906
20,12,1,False,3.6037933178777473,1.1395614142806871,1.0881274938583374,41.18513488769531
20,13,2,False,0.0,0.0,,
20,14,2,False,10.169758146755665,1.7308090527029623,7.202404022216797,56.308433532714844
20,15,1,False,3.1055222297583596,1.4907429801932948,14.5733003616333,33.339168548583984
20,16,1,False,3.002368209270913,1.078428887944968,4.155770778656006,13.796743392944336
20,19,1,False,0.0,0.0,,
20,26,2,False,0.0,0.0,,
20,28,1,False,0.0,0.0,,
20,22,1,False,9.396303659909254,0.9831012702388275,19.798847198486328,59.251956939697266
20,34,2,False,17.207222175333374,0.9957883203317924,18.975919723510742,61.642601013183594
21,1,2,False,13.137829509976266,4.471898293322177,16.025217056274414,55.526710510253906
21,3,2,False,3.8727804666506547,1.2892512587036333,3.7259786128997803,39.50298309326172
21,4,2,False,0.0,0.0,,
21,5,1,False,11.684860021025107,3.223235775163239,10.248405456542969,50.45751190185547
21,6,1,True,16.813451043104717,4.13047771661773,17.358360290527344,65.20272064208984
21,7,2,False,11.601688912793609,2.299139410223238,19.977922439575195,38.97380828857422
21,8,2,False,6.395179532894433,2.0821935710164783,19.559967041015625,25.542001724243164
21,9,1,False,0.0,0.0,,
21,10,2,False,0.0,0.0,,
21,11,1,False,12.787113181317068,1.983663026036494,3.3234763145446777,58.1649055480957
21,12,1,False,3.6037933178777473,1.1395614142806871,1.0881274938583374,41.18513488769531
21,13,2,False,0.0,0.0,,
21,14,2,False,10.169758146755665,1.7308090527029623,7.2601542472839355,56.25994873046875
21,15,1,False,3.1055222297583596,1.4907429801932948,14.599059104919434,33.343711853027344
21,16,1,False,3.002368209270913,1.078428887944968,4.155770778656006,13.796743392944336
21,19,1,False,0.0,0.0,,
21,26,2,False,0.0,0.0,,
21,28,1,False,0.0,0.0,,
21,22,1,False,9.396303659909254,0.9831012702388275,19.919401168823242,58.977352142333984
21,34,2,False,17.207222175333374,0.9957883203317924,18.900487899780273,61.897499084472656
22,1,2,False,13.137829509976266,4.471898293322177,16.1257381439209,55.61149978637695
22,3,2,False,3.8727804666506547,1.2892512587036333,3.7488162517547607,39.50716018676758
22,4,2,False,0.0,0.0,,
22,5,1,False,11.684860021025107,3.223235775163239,10.320911407470703,50.5450439453125
22,6,1,True,16.813451043104717,4.13047771661773,17.209604263305664,65.1258773803711
22,7,2,False,11.601688912793609,2.299139410223238,20.004159927368164,39.086158752441406
22,8,2,False,6.395179532894433,2.0821935710164783,19.617292404174805,25.551727294921875
22,9,1,False,0.0,0.0,,
22,10,2,False,0.0,0.0,,
22,11,1,False,12.787113181317068,1.983663026036494,3.2903659343719482,58.37471389770508
22,12,1,False,3.6037933178777473,1.1395614142806871,1.0912439823150635,41.27695846557617
22,13,2,False,0.0,0.0,,
22,14,2,False,10.169758146755665,1.7308090527029623,7.336048603057861,56.21488571166992
22,15,1,False,3.1055222297583596,1.4907429801932948,14.624818801879883,33.34825897216797
22,16,1,False,3.002368209270913,1.078428887944968,4.155770778656006,13.796743392944336
22,19,1,False,0.0,0.0,,
22,26,2,False,0.0,0.0,,
22,28,1,False,0.0,0.0,,
22,22,1,False,9.396303659909254,0.9831012702388275,19.97032356262207,58.80690383911133
22,34,2,False,17.207222175333374,0.9957883203317924,18.842994689941406,62.1533317565918
23,1,2,False,13.137829509976266,4.471898293322177,16.315702438354492,55.64830780029297
23,3,2,False,3.8727804666506547,1.2892512587036333,3.794494152069092,39.5155143737793
23,4,2,False,0.0,0.0,,
23,5,1,False,11.684860021025107,3.223235775163239,10.39326000213623,50.63238525390625
23,6,1,True,16.813451043104717,4.13047771661773,17.03594398498535,65.13787841796875
23,7,2,False,11.601688912793609,2.299139410223238,20.007579803466797,39.3011360168457
23,8,2,False,6.395179532894433,2.0821935710164783,19.619915008544922,25.699321746826172
23,9,1,False,0.0,0.0,,
23,10,2,False,0.0,0.0,,
23,11,1,False,12.787113181317068,1.983663026036494,3.2572288513183594,58.52931594848633
23,12,1,False,3.6037933178777473,1.1395614142806871,1.113294243812561,41.28103256225586
23,13,2,False,0.0,0.0,,
23,14,2,False,10.169758146755665,1.7308090527029623,7.452209949493408,56.11740493774414
23,15,1,False,3.1055222297583596,1.4907429801932948,14.634373664855957,33.470218658447266
23,16,1,False,3.002368209270913,1.078428887944968,4.124990940093994,13.79174518585205
23,19,1,False,0.0,0.0,,
23,26,2,False,0.0,0.0,,
23,28,1,False,0.0,0.0,,
23,22,1,False,9.396303659909254,0.9831012702388275,20.005733489990234,58.75344467163086
23,34,2,False,17.207222175333374,0.9957883203317924,18.768938064575195,62.403289794921875
24,1,2,False,13.137829509976266,4.471898293322177,16.47279930114746,55.74394226074219
24,3,2,False,3.8727804666506547,1.2892512587036333,3.8397982120513916,39.62082290649414
24,4,2,False,0.0,0.0,,
24,5,1,False,11.684860021025107,3.223235775163239,10.457588195800781,50.791255950927734
24,6,1,True,16.813451043104717,4.13047771661773,16.826461791992188,65.09574890136719
24,7,2,False,11.601688912793609,2.299139410223238,20.0092830657959,39.40818786621094
24,8,2,False,6.395179532894433,2.0821935710164783,19.648534774780273,25.704181671142578
24,9,1,False,0.0,0.0,,
24,10,2,False,0.0,0.0,,
24,11,1,False,12.787113181317068,1.983663026036494,3.223968982696533,58.62964630126953
24,12,1,False,3.6037933178777473,1.1395614142806871,1.1383981704711914,41.376686096191406
24,13,2,False,0.0,0.0,,
24,14,2,False,10.169758146755665,1.7308090527029623,7.600892066955566,56.086177825927734
24,15,1,False,3.1055222297583596,1.4907429801932948,14.660097122192383,33.47475814819336
24,16,1,False,3.002368209270913,1.078428887944968,4.1239824295043945,13.967558860778809
24,19,1,False,0.0,0.0,,
24,26,2,False,0.0,0.0,,
24,28,1,False,0.0,0.0,,
24,22,1,False,9.396303659909254,0.9831012702388275,20.024099349975586,58.75703811645508
24,34,2,False,17.207222175333374,0.9957883203317924,18.807863235473633,62.51618194580078
25,1,2,False,7.086324973122874,4.881986544081602,16.57269859313965,55.828369140625
25,3,2,False,6.389386000510413,1.6590073929924305,3.862610101699829,39.624996185302734
25,4,2,False,0.0,0.0,,
25,5,1,False,14.15402887387711,4.042334668327423,10.529553413391113,50.878047943115234
25,6,1,True,16.4292749718479,5.081245944155224,16.545011520385742,65.13269805908203
25,7,2,False,7.838965760085652,2.7527832620800465,20.035337448120117,39.519344329833984
25,8,2,False,4.279634334395882,2.3298575949977214,19.677154541015625,25.70903968811035
25,9,1,False,0.0,0.0,,
25,10,2,False,0.0,0.0,,
25,11,1,False,18.540424397651492,3.056604252752437,3.2077207565307617,58.73292922973633
25,12,1,False,1.7044603841773225,1.2381991679946525,1.1604222059249878,41.38075637817383
25,13,2,False,0.0,0.0,,
25,14,2,False,7.734699921390709,2.178419001857517,7.731808185577393,56.05134201049805
25,15,1,False,4.209977600963003,1.7343759432119872,14.685822486877441,33.47930145263672
25,16,1,False,6.044282753065708,1.4282137694881225,4.1239824295043945,13.967558860778809
25,19,1,False,0.0,0.0,,
25,26,2,False,0.0,0.0,,
25,28,1,False,0.0,0.0,,
25,22,1,False,2.10244921530087,1.1047707850131834,20.024099349975586,58.75703811645508
25,34,2,False,15.7474054877909,1.9070965082826548,18.863698959350586,62.63204574584961
26,1,2,False,7.086324973122874,4.881986544081602,16.6393985748291,55.97101593017578
26,3,2,False,6.389386000510413,1.6590073929924305,3.907771348953247,39.730037689208984
26,4,2,False,0.0,0.0,,
26,5,1,False,14.15402887387711,4.042334668327423,10.59337043762207,51.035858154296875
26,6,1,True,16.4292749718479,5.081245944155224,16.260215759277344,65.12203979492188
26,7,2,False,7.838965760085652,2.7527832620800465,20.061323165893555,39.63020706176758
26,8,2,False,4.279634334395882,2.3298575949977214,19.734399795532227,25.71875762939453
26,9,1,False,0.0,0.0,,
26,10,2,False,0.0,0.0,,
26,11,1,False,18.540424397651492,3.056604252752437,3.191187858581543,58.782745361328125
26,12,1,False,1.7044603841773225,1.2381991679946525,1.1604222059249878,41.38075637817383
26,13,2,False,0.0,0.0,,
26,14,2,False,7.734699921390709,2.178419001857517,7.863022327423096,56.01642608642578
26,15,1,False,4.209977600963003,1.7343759432119872,14.711548805236816,33.48384094238281
26,16,1,False,6.044282753065708,1.4282137694881225,4.1239824295043945,13.967558860778809
26,19,1,False,0.0,0.0,,
26,26,2,False,0.0,0.0,,
26,28,1,False,0.0,0.0,,
26,22,1,False,2.10244921530087,1.1047707850131834,20.059602737426758,58.70347213745117
26,34,2,False,15.7474054877909,1.9070965082826548,18.82181167602539,62.83203887939453
27,1,2,False,7.086324973122874,4.881986544081602,16.67288589477539,56.17106246948242
27,3,2,False,6.389386000510413,1.6590073929924305,3.976127862930298,39.742549896240234
27,4,2,False,0.0,0.0,,
27,5,1,False,14.15402887387711,4.042334668327423,10.69664478302002,51.200565338134766
27,6,1,True,16.4292749718479,5.081245944155224,16.099699020385742,65.0897445678711
27,7,2,False,7.838965760085652,2.7527832620800465,20.10841178894043,39.53253936767578
27,8,2,False,4.279634334395882,2.3298575949977214,19.763023376464844,25.723615646362305
27,9,1,False,0.0,0.0,,
27,10,2,False,0.0,0.0,,
27,11,1,False,18.540424397651492,3.056604252752437,3.15783953666687,58.829124450683594
27,12,1,False,1.7044603841773225,1.2381991679946525,1.1824469566345215,41.384822845458984
27,13,2,False,0.0,0.0,,
27,14,2,False,7.734699921390709,2.178419001857517,7.940082550048828,55.97079849243164
27,15,1,False,4.209977600963003,1.7343759432119872,14.763004302978516,33.49292755126953
27,16,1,False,6.044282753065708,1.4282137694881225,4.1229777336120605,14.142755508422852
27,19,1,False,0.0,0.0,,
27,26,2,False,0.0,0.0,,
27,28,1,False,0.0,0.0,,
27,22,1,False,2.10244921530087,1.1047707850131834,20.0767765045166,58.64619064331055
27,34,2,False,15.7474054877909,1.9070965082826548,18.76331901550293,63.02713394165039
28,1,2,False,7.086324973122874,4.881986544081602,16.729496002197266,56.18205261230469
28,3,2,False,6.389386000510413,1.6590073929924305,4.021090507507324,39.847312927246094
28,4,2,False,0.0,0.0,,
28,5,1,False,14.15402887387711,4.042334668327423,10.787814140319824,51.29024124145508
28,6,1,True,16.4292749718479,5.081245944155224,15.966567039489746,65.01632690429688
28,7,2,False,7.838965760085652,2.7527832620800465,20.134300231933594,39.64338684082031
28,8,2,False,4.279634334395882,2.3298575949977214,19.820276260375977,25.733335494995117
28,9,1,False,0.0,0.0,,
28,10,2,False,0.0,0.0,,
28,11,1,False,18.540424397651492,3.056604252752437,3.1245574951171875,58.87541580200195
28,12,1,False,1.7044603841773225,1.2381991679946525,1.1824469566345215,41.384822845458984
28,13,2,False,0.0,0.0,,
28,14,2,False,7.734699921390709,2.178419001857517,7.999140739440918,55.9215202331543
28,15,1,False,4.209977600963003,1.7343759432119872,14.78873348236084,33.49747085571289
28,16,1,False,6.044282753065708,1.4282137694881225,4.1229777336120605,14.142755508422852
28,19,1,False,0.0,0.0,,
28,26,2,False,0.0,0.0,,
28,28,1,False,0.0,0.0,,
28,22,1,False,2.10244921530087,1.1047707850131834,20.0767765045166,58.64619064331055
28,34,2,False,15.7474054877909,1.9070965082826548,18.673988342285156,63.26555633544922
29,1,2,False,7.086324973122874,4.881986544081602,16.76723861694336,56.18937683105469
29,3,2,False,6.389386000510413,1.6590073929924305,4.021090507507324,39.847312927246094
29,4,2,False,0.0,0.0,,
29,5,1,False,14.15402887387711,4.042334668327423,10.850720405578613,51.44629669189453
29,6,1,True,16.4292749718479,5.081245944155224,15.828339576721191,64.89501953125
29,7,2,False,7.838965760085652,2.7527832620800465,20.160120010375977,39.75394058227539
29,8,2,False,4.279634334395882,2.3298575949977214,19.851152420043945,25.885284423828125
29,9,1,False,0.0,0.0,,
29,10,2,False,0.0,0.0,,
29,11,1,False,18.540424397651492,3.056604252752437,3.040903329849243,58.91160202026367
29,12,1,False,1.7044603841773225,1.2381991679946525,1.1824469566345215,41.384822845458984
29,13,2,False,0.0,0.0,,
29,14,2,False,7.734699921390709,2.178419001857517,8.040136337280273,55.868587493896484
29,15,1,False,4.209977600963003,1.7343759432119872,14.865926742553711,33.5110969543457
29,16,1,False,6.044282753065708,1.4282137694881225,4.121976375579834,14.317337989807129
29,19,1,False,0.0,0.0,,
29,26,2,False,0.0,0.0,,
29,28,1,False,0.0,0.0,,
29,22,1,False,2.10244921530087,1.1047707850131834,20.039966583251953,58.63899230957031
29,34,2,False,15.7474054877909,1.9070965082826548,18.630874633789062,63.40952682495117
30,1,2,False,6.919500884620115,5.282420623052674,16.76723861694336,56.18937683105469
30,3,2,False,2.4921723153707798,1.803230327909721,4.043209075927734,39.94764709472656
30,4,2,False,0.0,0.0,,
30,5,1,False,11.878672429914598,4.729757841354888,10.913351058959961,51.60166549682617
30,6,1,True,19.072153174600597,6.184958512129796,15.635335922241211,64.856201171875
30,7,2,False,10.846008218903306,3.380445774748062,20.13886260986328,39.96101760864258
30,8,2,False,8.180921039849705,2.8032905255445795,19.851152420043945,25.885284423828125
30,9,1,False,0.0,0.0,,
30,10,2,False,0.0,0.0,,
30,11,1,False,20.554225363675076,4.246084887224374,2.9829671382904053,59.782066345214844
30,12,1,False,4.635394734198321,1.5064511780755738,1.185436725616455,41.47616958618164
30,13,2,False,0.0,0.0,,
30,14,2,False,6.065014617282478,2.529403644061364,8.149287223815918,55.889892578125
30,15,1,False,2.254739045873148,1.8648585268852018,14.875123023986816,33.63267135620117
30,16,1,False,1.072107654155973,1.4902570365110377,4.121976375579834,14.317337989807129
30,19,1,False,0.0,0.0,,
30,26,2,False,0.0,0.0,,
30,28,1,False,0.0,0.0,,
30,22,1,False,5.469481336986909,1.4212916957184443,20.021562576293945,58.63539505004883
30,34,2,False,13.462684416278032,2.6861870416320777,18.602270126342773,63.50505065917969
31,1,2,False,6.919500884620115,5.282420623052674,16.781387329101562,56.12773895263672
31,3,2,False,2.4921723153707798,1.803230327909721,4.065938949584961,39.95180892944336
31,4,2,False,0.0,0.0,,
31,5,1,False,11.878672429914598,4.729757841354888,10.927980422973633,51.818355560302734
31,6,1,True,19.072153174600597,6.184958512129796,15.426314353942871,64.81416320800781
31,7,2,False,10.846008218903306,3.380445774748062,20.141881942749023,40.17134094238281
31,8,2,False,8.180921039849705,2.8032905255445795,19.881933212280273,26.03675651550293
31,9,1,False,0.0,0.0,,
31,10,2,False,0.0,0.0,,
31,11,1,False,20.554225363675076,4.246084887224374,2.7582201957702637,59.065589904785156
31,12,1,False,4.635394734198321,1.5064511780755738,1.1664496660232544,41.56322479248047
31,13,2,False,0.0,0.0,,
31,14,2,False,6.065014617282478,2.529403644061364,8.231781959533691,55.783721923828125
31,15,1,False,2.254739045873148,1.8648585268852018,14.875123023986816,33.63267135620117
31,16,1,False,1.072107654155973,1.4902570365110377,4.152594089508057,14.322322845458984
31,19,1,False,0.0,0.0,,
31,26,2,False,0.0,0.0,,
31,28,1,False,0.0,0.0,,
31,22,1,False,5.469481336986909,1.4212916957184443,19.984756469726562,58.628196716308594
31,34,2,False,13.462684416278032,2.6861870416320777,18.540311813354492,63.593536376953125
32,1,2,False,6.919500884620115,5.282420623052674,16.776653289794922,56.06229782104492
32,3,2,False,2.4921723153707798,1.803230327909721,4.088670253753662,39.95597457885742
32,4,2,False,0.0,0.0,,
32,5,1,False,11.878672429914598,4.729757841354888,10.970440864562988,51.96829605102539
32,6,1,True,19.072153174600597,6.184958512129796,15.211677551269531,64.58307647705078
32,7,2,False,10.846008218903306,3.380445774748062,20.12078857421875,40.37617111206055
32,8,2,False,8.180921039849705,2.8032905255445795,19.910472869873047,26.041608810424805
32,9,1,False,0.0,0.0,,
32,10,2,False,0.0,0.0,,
32,11,1,False,20.554225363675076,4.246084887224374,2.637545585632324,58.83157730102539
32,12,1,False,4.635394734198321,1.5064511780755738,1.1664496660232544,41.56322479248047
32,13,2,False,0.0,0.0,,
32,14,2,False,6.065014617282478,2.529403644061364,8.286484718322754,55.794395446777344
32,15,1,False,2.254739045873148,1.8648585268852018,14.900819778442383,33.637210845947266
32,16,1,False,1.072107654155973,1.4902570365110377,4.152594089508057,14.322322845458984
32,19,1,False,0.0,0.0,,
32,26,2,False,0.0,0.0,,
32,28,1,False,0.0,0.0,,
32,22,1,False,5.469481336986909,1.4212916957184443,20.001867294311523,58.57078170776367
32,34,2,False,13.462684416278032,2.6861870416320777,18.464502334594727,63.72895812988281
33,1,2,False,6.919500884620115,5.282420623052674,16.786108016967773,55.93467330932617
33,3,2,False,2.4921723153707798,1.803230327909721,4.1114020347595215,39.960140228271484
33,4,2,False,0.0,0.0,,
33,5,1,False,11.878672429914598,4.729757841354888,10.993101119995117,52.11381530761719
33,6,1,True,19.072153174600597,6.184958512129796,15.007678985595703,64.58917999267578
33,7,2,False,10.846008218903306,3.380445774748062,20.14638328552246,40.484718322753906
33,8,2,False,8.180921039849705,2.8032905255445795,19.93901252746582,26.04646110534668
33,9,1,False,0.0,0.0,,
33,10,2,False,0.0,0.0,,
33,11,1,False,20.554225363675076,4.246084887224374,2.569399118423462,58.76529312133789
33,12,1,False,4.635394734198321,1.5064511780755738,1.1475110054016113,41.650054931640625
33,13,2,False,0.0,0.0,,
33,14,2,False,6.065014617282478,2.529403644061364,8.341192245483398,55.80506896972656
33,15,1,False,2.254739045873148,1.8648585268852018,14.926517486572266,33.64175033569336
33,16,1,False,1.072107654155973,1.4902570365110377,4.152594089508057,14.322322845458984
33,19,1,False,0.0,0.0,,
33,26,2,False,0.0,0.0,,
33,28,1,False,0.0,0.0,,
33,22,1,False,5.469481336986909,1.4212916957184443,19.965024948120117,58.56357955932617
33,34,2,False,13.462684416278032,2.6861870416320777,18.36712074279785,63.759498596191406
34,1,2,False,6.919500884620115,5.282420623052674,16.762392044067383,55.865142822265625
34,3,2,False,2.4921723153707798,1.803230327909721,4.134134769439697,39.96430206298828
34,4,2,False,0.0,0.0,,
34,5,1,False,11.878672429914598,4.729757841354888,11.01566219329834,52.258697509765625
34,6,1,True,19.072153174600597,6.184958512129796,14.814400672912598,64.55033111572266
34,7,2,False,10.846008218903306,3.380445774748062,20.14787483215332,40.58861541748047
34,8,2,False,8.180921039849705,2.8032905255445795,19.9696102142334,26.197450637817383
34,9,1,False,0.0,0.0,,
34,10,2,False,0.0,0.0,,
34,11,1,False,20.554225363675076,4.246084887224374,2.502140522003174,58.751953125
34,12,1,False,4.635394734198321,1.5064511780755738,1.1286207437515259,41.736663818359375
34,13,2,False,0.0,0.0,,
34,14,2,False,6.065014617282478,2.529403644061364,8.409089088439941,55.87952423095703
34,15,1,False,2.254739045873148,1.8648585268852018,14.97791576385498,33.65082931518555
34,16,1,False,1.072107654155973,1.4902570365110377,4.152594089508057,14.322322845458984
34,19,1,False,0.0,0.0,,
34,26,2,False,0.0,0.0,,
34,28,1,False,0.0,0.0,,
34,22,1,False,5.469481336986909,1.4212916957184443,19.980817794799805,58.44477462768555
34,34,2,False,13.462684416278032,2.6861870416320777,18.175809860229492,63.87067794799805
35,1,2,False,4.340630202122923,5.5336145004903425,16.719635009765625,55.79178237915039
35,3,2,False,5.029858711221114,2.094310114438721,4.133378028869629,40.06020736694336
35,4,2,False,0.0,0.0,,
35,5,1,False,12.61911432684263,5.460030661195319,11.074378967285156,52.269962310791016
35,6,1,True,17.295008965074754,7.185827086497548,14.588983535766602,64.50502014160156
35,7,2,False,5.364909898718848,3.690915097590588,20.14787483215332,40.58861541748047
35,8,2,False,3.1452359260292884,2.9853064934860893,19.971656799316406,26.343124389648438
35,9,1,False,0.0,0.0,,
35,10,2,False,0.0,0.0,,
35,11,1,False,11.628454902281097,4.9190278792545294,2.418077230453491,58.73527908325195
35,12,1,False,1.7319629849346132,1.6066805174815122,1.1067088842391968,41.732608795166016
35,13,2,False,0.0,0.0,,
35,14,2,False,11.94684643075638,3.2207720717671733,8.50019359588623,55.89730453491211
35,15,1,False,3.0855258379840973,2.043419049916689,15.003616333007812,33.65536880493164
35,16,1,False,3.620310725098884,1.6997657590283342,4.183213233947754,14.327308654785156
35,19,1,False,0.0,0.0,,
35,26,2,False,0.0,0.0,,
35,28,1,False,0.0,0.0,,
35,22,1,False,13.178198417315063,2.1839189189426955,19.978179931640625,58.321861267089844
35,34,2,False,11.039551438225516,3.325049972084943,17.985618591308594,63.981204986572266
36,1,2,False,4.340630202122923,5.5336145004903425,16.643674850463867,55.777061462402344
36,3,2,False,5.029858711221114,2.094310114438721,4.133378028869629,40.06020736694336
36,4,2,False,0.0,0.0,,
36,5,1,False,12.61911432684263,5.460030661195319,11.105111122131348,52.345909118652344
36,6,1,True,17.295008965074754,7.185827086497548,14.376051902770996,64.55612182617188
36,7,2,False,5.364909898718848,3.690915097590588,20.14787483215332,40.58861541748047
36,8,2,False,3.1452359260292884,2.9853064934860893,19.973697662353516,26.488338470458984
36,9,1,False,0.0,0.0,,
36,10,2,False,0.0,0.0,,
36,11,1,False,11.628454902281097,4.9190278792545294,2.3207736015319824,58.87392807006836
36,12,1,False,1.7319629849346132,1.6066805174815122,1.1097785234451294,41.82305145263672
36,13,2,False,0.0,0.0,,
36,14,2,False,11.94684643075638,3.2207720717671733,8.627762794494629,55.92219924926758
36,15,1,False,3.0855258379840973,2.043419049916689,15.029317855834961,33.659908294677734
36,16,1,False,3.620310725098884,1.6997657590283342,4.213833808898926,14.332293510437012
36,19,1,False,0.0,0.0,,
36,26,2,False,0.0,0.0,,
36,28,1,False,0.0,0.0,,
36,22,1,False,13.178198417315063,2.1839189189426955,19.97553062438965,58.19844055175781
36,34,2,False,11.039551438225516,3.325049972084943,17.83976173400879,64.00135803222656
37,1,2,False,4.340630202122923,5.5336145004903425,16.60569953918457,55.76969909667969
37,3,2,False,5.029858711221114,2.094310114438721,4.132622718811035,40.155860900878906
37,4,2,False,0.0,0.0,,
37,5,1,False,12.61911432684263,5.460030661195319,11.135775566101074,52.42169189453125
37,6,1,True,17.295008965074754,7.185827086497548,14.167255401611328,64.5141372680664
37,7,2,False,5.364909898718848,3.690915097590588,20.101362228393555,40.68352508544922
37,8,2,False,3.1452359260292884,2.9853064934860893,19.973697662353516,26.488338470458984
37,9,1,False,0.0,0.0,,
37,10,2,False,0.0,0.0,,
37,11,1,False,11.628454902281097,4.9190278792545294,2.2060465812683105,58.9559440612793
37,12,1,False,1.7319629849346132,1.6066805174815122,1.0878947973251343,41.81900405883789
37,13,2,False,0.0,0.0,,
37,14,2,False,11.94684643075638,3.2207720717671733,8.737128257751465,55.94354248046875
37,15,1,False,3.0855258379840973,2.043419049916689,15.029317855834961,33.659908294677734
37,16,1,False,3.620310725098884,1.6997657590283342,4.213833808898926,14.332293510437012
37,19,1,False,0.0,0.0,,
37,26,2,False,0.0,0.0,,
37,28,1,False,0.0,0.0,,
37,22,1,False,13.178198417315063,2.1839189189426955,19.95294189453125,58.008724212646484
37,34,2,False,11.039551438225516,3.325049972084943,17.71072769165039,64.02476501464844
38,1,2,False,4.340630202122923,5.5336145004903425,16.52082633972168,55.88323211669922
38,3,2,False,5.029858711221114,2.094310114438721,4.109225273132324,40.24711227416992
38,4,2,False,0.0,0.0,,
38,5,1,False,12.61911432684263,5.460030661195319,11.157927513122559,52.565277099609375
38,6,1,True,17.295008965074754,7.185827086497548,13.926422119140625,64.46570587158203
38,7,2,False,5.364909898718848,3.690915097590588,20.077362060546875,40.67917251586914
38,8,2,False,3.1452359260292884,2.9853064934860893,20.002105712890625,26.49317741394043
38,9,1,False,0.0,0.0,,
38,10,2,False,0.0,0.0,,
38,11,1,False,11.628454902281097,4.9190278792545294,2.0931754112243652,59.08994674682617
38,12,1,False,1.7319629849346132,1.6066805174815122,1.066011905670166,41.8149528503418
38,13,2,False,0.0,0.0,,
38,14,2,False,11.94684643075638,3.2207720717671733,8.908307075500488,56.099037170410156
38,15,1,False,3.0855258379840973,2.043419049916689,15.038267135620117,33.781105041503906
38,16,1,False,3.620310725098884,1.6997657590283342,4.213833808898926,14.332293510437012
38,19,1,False,0.0,0.0,,
38,26,2,False,0.0,0.0,,
38,28,1,False,0.0,0.0,,
38,22,1,False,13.178198417315063,2.1839189189426955,19.948863983154297,57.82146453857422
38,34,2,False,11.039551438225516,3.325049972084943,17.59846305847168,64.05143737792969
39,1,2,False,4.340630202122923,5.5336145004903425,16.482938766479492,55.875885009765625
39,3,2,False,5.029858711221114,2.094310114438721,4.108503341674805,40.34227752685547
39,4,2,False,0.0,0.0,,
39,5,1,False,12.61911432684263,5.460030661195319,11.171546936035156,52.7757453918457
39,6,1,False,17.295008965074754,7.185827086497548,13.759175300598145,64.38519287109375
39,7,2,False,5.364909898718848,3.690915097590588,20.054975509643555,40.778175354003906
39,8,2,False,3.1452359260292884,2.9853064934860893,20.002105712890625,26.49317741394043
39,9,1,False,0.0,0.0,,
39,10,2,False,0.0,0.0,,
39,11,1,False,11.628454902281097,4.9190278792545294,2.012751817703247,59.17774200439453
39,12,1,False,1.7319629849346132,1.6066805174815122,1.066011905670166,41.8149528503418
39,13,2,False,0.0,0.0,,
39,14,2,False,11.94684643075638,3.2207720717671733,9.011829376220703,56.180110931396484
39,15,1,False,3.0855258379840973,2.043419049916689,15.063933372497559,33.78564453125
39,16,1,False,3.620310725098884,1.6997657590283342,4.24324369430542,14.511232376098633
39,19,1,False,0.0,0.0,,
39,26,2,False,0.0,0.0,,
39,28,1,False,0.0,0.0,,
39,22,1,False,13.178198417315063,2.1839189189426955,19.90875244140625,57.688690185546875
39,34,2,False,11.039551438225516,3.325049972084943,17.51595115661621,64.03491973876953
40,1,2,False,5.838155103951987,5.871470698635712,16.482938766479492,55.875885009765625
40,3,2,False,7.215773920017458,2.5118896236989903,4.15373420715332,40.3505744934082
40,4,2,False,0.0,0.0,,
40,5,1,False,11.465216306269197,6.123526975215527,11.20444107055664,52.98855972290039
40,6,1,False,14.50438646607562,8.025201303284332,13.607741355895996,64.30778503417969
40,7,2,False,7.262341169801147,4.1111894708429695,20.032649993896484,40.87691116333008
40,8,2,False,9.614780803743807,3.5417174196286707,20.05892562866211,26.50285530090332
40,9,1,False,0.0,0.0,,
40,10,2,False,0.0,0.0,,
40,11,1,False,1.9284012720648953,5.030625175091618,1.9477245807647705,59.216548919677734
40,12,1,False,1.6223268236196424,1.7005651716261674,1.044129729270935,41.8109016418457
40,13,2,False,0.0,0.0,,
40,14,2,False,5.518879622604184,3.540151679556767,9.054963111877441,56.30988311767578
40,15,1,False,8.016526828796458,2.507338426583151,15.11526870727539,33.794715881347656
40,16,1,False,10.938344697638701,2.332771817919463,4.2738142013549805,14.516214370727539
40,19,1,False,0.0,0.0,,
40,26,2,False,0.0,0.0,,
40,28,1,False,0.0,0.0,,
40,22,1,False,2.679681532998573,2.3389930817319646,19.90593147277832,57.56266403198242
40,34,2,False,10.922095246792207,3.95711566923727,17.3581485748291,64.101318359375
41,1,2,False,5.838155103951987,5.871470698635712,16.482938766479492,55.875885009765625
41,3,2,False,7.215773920017458,2.5118896236989903,4.1763505935668945,40.3547248840332
41,4,2,False,0.0,0.0,,
41,5,1,False,11.465216306269197,6.123526975215527,11.228687286376953,53.266448974609375
41,6,1,True,14.50438646607562,8.025201303284332,13.441978454589844,64.1330795288086
41,7,2,False,7.262341169801147,4.1111894708429695,20.012046813964844,41.07792663574219
41,8,2,False,9.614780803743807,3.5417174196286707,20.1441650390625,26.51737403869629
41,9,1,False,0.0,0.0,,
41,10,2,False,0.0,0.0,,
41,11,1,False,1.9284012720648953,5.030625175091618,1.8828281164169312,59.255279541015625
41,12,1,False,1.6223268236196424,1.7005651716261674,1.022248387336731,41.80685043334961
41,13,2,False,0.0,0.0,,
41,14,2,False,5.518879622604184,3.540151679556767,9.139909744262695,56.3869743347168
41,15,1,False,8.016526828796458,2.507338426583151,15.166607856750488,33.80378723144531
41,16,1,False,10.938344697638701,2.332771817919463,4.365533351898193,14.531159400939941
41,19,1,False,0.0,0.0,,
41,26,2,False,0.0,0.0,,
41,28,1,False,0.0,0.0,,
41,22,1,False,2.679681532998573,2.3389930817319646,19.90309715270996,57.43611145019531
41,34,2,False,10.922095246792207,3.95711566923727,17.049222946166992,64.08830261230469
42,1,2,False,5.838155103951987,5.871470698635712,16.477874755859375,55.80998229980469
42,3,2,False,7.215773920017458,2.5118896236989903,4.24330997467041,40.46207046508789
42,4,2,False,0.0,0.0,,
42,5,1,False,11.465216306269197,6.123526975215527,11.316569328308105,53.351318359375
42,6,1,True,14.50438646607562,8.025201303284332,13.248651504516602,64.09424591064453
42,7,2,False,7.262341169801147,4.1111894708429695,20.01370620727539,41.18019485473633
42,8,2,False,9.614780803743807,3.5417174196286707,20.174299240112305,26.66693687438965
42,9,1,False,0.0,0.0,,
42,10,2,False,0.0,0.0,,
42,11,1,False,1.9284012720648953,5.030625175091618,1.849618911743164,59.24867630004883
42,12,1,False,1.6223268236196424,1.7005651716261674,1.0003677606582642,41.80280303955078
42,13,2,False,0.0,0.0,,
42,14,2,False,5.518879622604184,3.540151679556767,9.170360565185547,56.45329284667969
42,15,1,False,8.016526828796458,2.507338426583151,15.217951774597168,33.812862396240234
42,16,1,False,10.938344697638701,2.332771817919463,4.457265853881836,14.546106338500977
42,19,1,False,0.0,0.0,,
42,26,2,False,0.0,0.0,,
42,28,1,False,0.0,0.0,,
42,22,1,False,2.679681532998573,2.3389930817319646,19.901676177978516,57.37263870239258
42,34,2,False,10.922095246792207,3.95711566923727,16.888822555541992,64.10491943359375
43,1,2,False,5.838155103951987,5.871470698635712,16.453815460205078,55.740264892578125
43,3,2,False,7.215773920017458,2.5118896236989903,4.31206750869751,40.3796272277832
43,4,2,False,0.0,0.0,,
43,5,1,False,11.465216306269197,6.123526975215527,11.412879943847656,53.36988067626953
43,6,1,True,14.50438646607562,8.025201303284332,13.094959259033203,64.1105728149414
43,7,2,False,7.262341169801147,4.1111894708429695,20.039165496826172,41.28652572631836
43,8,2,False,9.614780803743807,3.5417174196286707,20.23104476928711,26.67660903930664
43,9,1,False,0.0,0.0,,
43,10,2,False,0.0,0.0,,
43,11,1,False,1.9284012720648953,5.030625175091618,1.8164114952087402,59.24207305908203
43,12,1,False,1.6223268236196424,1.7005651716261674,1.0003677606582642,41.80280303955078
43,13,2,False,0.0,0.0,,
43,14,2,False,5.518879622604184,3.540151679556767,9.212427139282227,56.401145935058594
43,15,1,False,8.016526828796458,2.507338426583151,15.27789306640625,33.942752838134766
43,16,1,False,10.938344697638701,2.332771817919463,4.549012184143066,14.561056137084961
43,19,1,False,0.0,0.0,,
43,26,2,False,0.0,0.0,,
43,28,1,False,0.0,0.0,,
43,22,1,False,2.679681532998573,2.3389930817319646,19.901676177978516,57.37263870239258
43,34,2,False,10.922095246792207,3.95711566923727,16.773860931396484,64.08189392089844
44,1,2,False,5.838155103951987,5.871470698635712,16.41070556640625,55.66671371459961
44,3,2,False,7.215773920017458,2.5118896236989903,4.379936695098877,40.3920783996582
44,4,2,False,0.0,0.0,,
44,5,1,False,11.465216306269197,6.123526975215527,11.528473854064941,53.39215850830078
44,6,1,True,14.50438646607562,8.025201303284332,12.910470008850098,64.02630615234375
44,7,2,False,7.262341169801147,4.1111894708429695,20.086780548095703,41.295188903808594
44,8,2,False,9.614780803743807,3.5417174196286707,20.289331436157227,26.830530166625977
44,9,1,False,0.0,0.0,,
44,10,2,False,0.0,0.0,,
44,11,1,False,1.9284012720648953,5.030625175091618,1.7998085021972656,59.23876953125
44,12,1,False,1.6223268236196424,1.7005651716261674,1.0003677606582642,41.80280303955078
44,13,2,False,0.0,0.0,,
44,14,2,False,5.518879622604184,3.540151679556767,9.230557441711426,56.40468978881836
44,15,1,False,8.016526828796458,2.507338426583151,15.354811668395996,33.956356048583984
44,16,1,False,10.938344697638701,2.332771817919463,4.640771389007568,14.576007843017578
44,19,1,False,0.0,0.0,,
44,26,2,False,0.0,0.0,,
44,28,1,False,0.0,0.0,,
44,22,1,False,2.679681532998573,2.3389930817319646,19.88433074951172,57.43246078491211
44,34,2,False,10.922095246792207,3.95711566923727,16.68756103515625,64.01586151123047
45,1,2,False,4.045677518971673,6.105595555057684,16.48519515991211,55.53803634643555
45,3,2,False,3.522310110000989,2.7157270143240475,4.569677829742432,40.31364822387695
45,4,2,False,0.0,0.0,,
45,5,1,False,9.531886740274686,6.675140791203646,11.75722885131836,53.35551071166992
45,6,1,True,18.2449220483543,9.081041699601132,12.845166206359863,63.95703125
45,7,2,False,5.633330666218945,4.437192402915825,20.287742614746094,41.210914611816406
45,8,2,False,4.73838559264297,3.815929548832546,20.50173568725586,26.839771270751953
45,9,1,False,0.0,0.0,,
45,10,2,False,0.0,0.0,,
45,11,1,False,9.77737227404347,5.596445329839504,1.8379578590393066,59.23667907714844
45,12,1,False,2.089632125463716,1.8214929566645768,1.1380128860473633,41.811431884765625
45,13,2,False,0.0,0.0,,
45,14,2,False,5.0460173380656785,3.8321665718059386,9.370362281799316,56.36014938354492
45,15,1,False,3.3980765835947397,2.703986377022661,15.545710563659668,33.967750549316406
45,16,1,False,6.658418273708497,2.7180969494998157,4.898001670837402,14.410921096801758
45,19,1,False,0.0,0.0,,
45,26,2,False,0.0,0.0,,
45,28,1,False,0.0,0.0,,
45,22,1,False,6.283588401624259,2.7026266697889243,20.006145477294922,57.44432067871094
45,34,2,False,15.952229228218666,4.880277082907332,16.740215301513672,63.968406677246094
46,1,2,False,4.045677518971673,6.105595555057684,16.20904541015625,55.23552322387695
46,3,2,False,3.522310110000989,2.7157270143240475,4.363774299621582,40.0091552734375
46,4,2,False,0.0,0.0,,
46,5,1,False,9.531886740274686,6.675140791203646,11.623368263244629,53.13971710205078
46,6,1,True,18.2449220483543,9.081041699601132,12.502169609069824,63.70848083496094
46,7,2,False,5.633330666218945,4.437192402915825,20.0583553314209,40.88455581665039
46,8,2,False,4.73838559264297,3.815929548832546,20.28680419921875,26.400976181030273
46,9,1,False,0.0,0.0,,
46,10,2,False,0.0,0.0,,
46,11,1,False,9.77737227404347,5.596445329839504,1.5468225479125977,59.034812927246094
46,12,1,False,2.089632125463716,1.8214929566645768,0.8612760305404663,41.509422302246094
46,13,2,False,0.0,0.0,,
46,14,2,False,5.0460173380656785,3.8321665718059386,9.170609474182129,56.09103012084961
46,15,1,False,3.3980765835947397,2.703986377022661,15.348624229431152,33.479469299316406
46,16,1,False,6.658418273708497,2.7180969494998157,4.589902877807617,13.872353553771973
46,19,1,False,0.0,0.0,,
46,26,2,False,0.0,0.0,,
46,28,1,False,0.0,0.0,,
46,22,1,False,6.283588401624259,2.7026266697889243,19.842262268066406,57.17253875732422
46,34,2,False,15.952229228218666,4.880277082907332,16.465269088745117,63.67848205566406
47,1,2,False,4.045677518971673,6.105595555057684,16.114463806152344,55.21495056152344
47,3,2,False,3.522310110000989,2.7157270143240475,4.388276100158691,39.91402053833008
47,4,2,False,0.0,0.0,,
47,5,1,False,9.531886740274686,6.675140791203646,11.691245079040527,53.081871032714844
47,6,1,True,18.2449220483543,9.081041699601132,12.235978126525879,63.51008987426758
47,7,2,False,5.633330666218945,4.437192402915825,20.01192283630371,40.872589111328125
47,8,2,False,4.73838559264297,3.815929548832546,20.316991806030273,26.4011173248291
47,9,1,False,0.0,0.0,,
47,10,2,False,0.0,0.0,,
47,11,1,False,9.77737227404347,5.596445329839504,1.426668405532837,58.90522384643555
47,12,1,False,2.089632125463716,1.8214929566645768,0.8583781719207764,41.41523361206055
47,13,2,False,0.0,0.0,,
47,14,2,False,5.0460173380656785,3.8321665718059386,9.146498680114746,55.961856842041016
47,15,1,False,3.3980765835947397,2.703986377022661,15.367225646972656,33.357906341552734
47,16,1,False,6.658418273708497,2.7180969494998157,4.625412940979004,13.518080711364746
47,19,1,False,0.0,0.0,,
47,26,2,False,0.0,0.0,,
47,28,1,False,0.0,0.0,,
47,22,1,False,6.283588401624259,2.7026266697889243,19.841894149780273,57.106544494628906
47,34,2,False,15.952229228218666,4.880277082907332,16.37000274658203,63.509361267089844
48,1,2,False,4.045677518971673,6.105595555057684,16.044397354125977,55.513580322265625
48,3,2,False,3.522310110000989,2.7157270143240475,4.4226765632629395,40.28001022338867
48,4,2,False,0.0,0.0,,
48,5,1,False,9.531886740274686,6.675140791203646,11.730443954467773,53.48143768310547
48,6,1,True,18.2449220483543,9.081041699601132,12.032005310058594,63.69560623168945
48,7,2,False,5.633330666218945,4.437192402915825,19.923460006713867,41.340797424316406
48,8,2,False,4.73838559264297,3.815929548832546,20.26611328125,27.076366424560547
48,9,1,False,0.0,0.0,,
48,10,2,False,0.0,0.0,,
48,11,1,False,9.77737227404347,5.596445329839504,1.312950849533081,59.0770378112793
48,12,1,False,2.089632125463716,1.8214929566645768,0.9148215651512146,41.9430046081543
48,13,2,False,0.0,0.0,,
48,14,2,False,5.0460173380656785,3.8321665718059386,9.064687728881836,56.17477035522461
48,15,1,False,3.3980765835947397,2.703986377022661,15.354782104492188,33.92565155029297
48,16,1,False,6.658418273708497,2.7180969494998157,4.6685075759887695,14.361347198486328
48,19,1,False,0.0,0.0,,
48,26,2,False,0.0,0.0,,
48,28,1,False,0.0,0.0,,
48,22,1,False,6.283588401624259,2.7026266697889243,19.790149688720703,57.33464050292969
48,34,2,False,15.952229228218666,4.880277082907332,16.15973663330078,63.70170974731445
49,1,2,False,4.045677518971673,6.105595555057684,16.253389358520508,55.57090759277344
49,3,2,False,3.522310110000989,2.7157270143240475,4.720908164978027,40.35929870605469
49,4,2,False,0.0,0.0,,
49,5,1,False,9.531886740274686,6.675140791203646,11.982597351074219,53.682708740234375
49,6,1,True,18.2449220483543,9.081041699601132,12.008925437927246,63.75061798095703
49,7,2,False,5.633330666218945,4.437192402915825,20.18345069885254,41.414215087890625
49,8,2,False,4.73838559264297,3.815929548832546,20.630395889282227,27.032270431518555
49,9,1,False,0.0,0.0,,
49,10,2,False,0.0,0.0,,
49,11,1,False,9.77737227404347,5.596445329839504,1.4139904975891113,59.05872344970703
49,12,1,False,2.089632125463716,1.8214929566645768,1.1565552949905396,41.921363830566406
49,13,2,False,0.0,0.0,,
49,14,2,False,5.0460173380656785,3.8321665718059386,9.139105796813965,56.20497131347656
49,15,1,False,3.3980765835947397,2.703986377022661,15.680230140686035,33.89456558227539
49,16,1,False,6.658418273708497,2.7180969494998157,5.07717227935791,14.122479438781738
49,19,1,False,0.0,0.0,,
49,26,2,False,0.0,0.0,,
49,28,1,False,0.0,0.0,,
49,22,1,False,6.283588401624259,2.7026266697889243,20.048173904418945,57.210723876953125
49,34,2,False,15.952229228218666,4.880277082907332,16.166658401489258,63.617313385009766
50,1,2,False,3.1873789619262096,6.2900503560950805,16.253389358520508,55.57090759277344
50,3,2,False,3.595040461255196,2.923773337313353,4.766241550445557,40.36761474609375
50,4,2,False,0.0,0.0,,
50,5,1,False,4.93348704708086,6.96064351383564,12.040913581848145,53.82858657836914
50,6,1,True,11.644854800184971,9.754933759797021,11.80057144165039,63.803340911865234
50,7,2,False,0.6536096490564994,4.475017035384372,20.161128997802734,41.51132583618164
50,8,2,False,2.8492530778313228,3.9808168797255625,20.687002182006836,27.04193115234375
50,9,1,False,0.0,0.0,,
50,10,2,False,0.0,0.0,,
50,11,1,False,6.510854431460704,5.973230887215703,1.3287549018859863,58.98997116088867
50,12,1,False,0.9296629735788638,1.8752928972652054,1.1784138679504395,41.925411224365234
50,13,2,False,0.0,0.0,,
50,14,2,False,4.044829510210475,4.066242353646823,9.096989631652832,56.257484436035156
50,15,1,False,5.691570990507232,3.0333596982325703,15.731616020202637,33.90364456176758
50,16,1,False,6.0300184569106525,3.0670563509414044,5.169492721557617,14.137483596801758
50,19,1,False,0.0,0.0,,
50,26,2,False,0.0,0.0,,
50,28,1,False,0.0,0.0,,
50,22,1,False,17.269709036972827,3.702031127947074,20.102291107177734,57.0936279296875
50,34,2,False,15.848202459838701,5.797418428962812,15.958752632141113,63.47693634033203
51,1,2,False,3.1873789619262096,6.2900503560950805,16.253389358520508,55.57090759277344
51,3,2,False,3.595040461255196,2.923773337313353,4.834248065948486,40.38008499145508
51,4,2,False,0.0,0.0,,
51,5,1,False,4.93348704708086,6.96064351383564,12.089137077331543,53.90499496459961
51,6,1,True,11.644854800184971,9.754933759797021,11.59167766571045,63.761375427246094
51,7,2,False,0.6536096490564994,4.475017035384372,20.138864517211914,41.60817337036133
51,8,2,False,2.8492530778313228,3.9808168797255625,20.771150588989258,26.91270637512207
51,9,1,False,0.0,0.0,,
51,10,2,False,0.0,0.0,,
51,11,1,False,6.510854431460704,5.973230887215703,1.2455705404281616,58.97343826293945
51,12,1,False,0.9296629735788638,1.8752928972652054,1.2032182216644287,42.01943588256836
51,13,2,False,0.0,0.0,,
51,14,2,False,4.044829510210475,4.066242353646823,9.078825950622559,56.25393295288086
51,15,1,False,5.691570990507232,3.0333596982325703,15.783004760742188,33.91272735595703
51,16,1,False,6.0300184569106525,3.0670563509414044,5.2340087890625,13.971837043762207
51,19,1,False,0.0,0.0,,
51,26,2,False,0.0,0.0,,
51,28,1,False,0.0,0.0,,
51,22,1,False,17.269709036972827,3.702031127947074,20.137710571289062,56.97235107421875
51,34,2,False,15.848202459838701,5.797418428962812,15.861091613769531,63.30854797363281
52,1,2,False,3.1873789619262096,6.2900503560950805,16.239709854125977,55.633583068847656
52,3,2,False,3.595040461255196,2.923773337313353,4.879589557647705,40.38840103149414
52,4,2,False,0.0,0.0,,
52,5,1,False,4.93348704708086,6.96064351383564,12.14704418182373,54.04994201660156
52,6,1,True,11.644854800184971,9.754933759797021,11.536182403564453,63.79737091064453
52,7,2,False,0.6536096490564994,4.475017035384372,20.140344619750977,41.709075927734375
52,8,2,False,2.8492530778313228,3.9808168797255625,20.82785987854004,26.922378540039062
52,9,1,False,0.0,0.0,,
52,10,2,False,0.0,0.0,,
52,11,1,False,6.510854431460704,5.973230887215703,1.1669484376907349,59.061317443847656
52,12,1,False,0.9296629735788638,1.8752928972652054,1.2221333980560303,41.93350601196289
52,13,2,False,0.0,0.0,,
52,14,2,False,4.044829510210475,4.066242353646823,9.066372871398926,56.190765380859375
52,15,1,False,5.691570990507232,3.0333596982325703,15.816524505615234,34.03799819946289
52,16,1,False,6.0300184569106525,3.0670563509414044,5.326515197753906,13.986858367919922
52,19,1,False,0.0,0.0,,
52,26,2,False,0.0,0.0,,
52,28,1,False,0.0,0.0,,
52,22,1,False,17.269709036972827,3.702031127947074,20.20900535583496,56.72822952270508
52,34,2,False,15.848202459838701,5.797418428962812,15.773103713989258,63.24116134643555
53,1,2,False,3.1873789619262096,6.2900503560950805,16.234371185302734,55.56722640991211
53,3,2,False,3.595040461255196,2.923773337313353,4.94760799407959,40.40087890625
53,4,2,False,0.0,0.0,,
53,5,1,False,4.93348704708086,6.96064351383564,12.232967376708984,53.999717712402344
53,6,1,True,11.644854800184971,9.754933759797021,11.454322814941406,63.68655776977539
53,7,2,False,0.6536096490564994,4.475017035384372,20.21001625061035,41.621131896972656
53,8,2,False,2.8492530778313228,3.9808168797255625,20.912382125854492,26.79273796081543
53,9,1,False,0.0,0.0,,
53,10,2,False,0.0,0.0,,
53,11,1,False,6.510854431460704,5.973230887215703,1.1028764247894287,59.100181579589844
53,12,1,False,0.9296629735788638,1.8752928972652054,1.2658557891845703,41.94160461425781
53,13,2,False,0.0,0.0,,
53,14,2,False,4.044829510210475,4.066242353646823,9.03569507598877,56.1239128112793
53,15,1,False,5.691570990507232,3.0333596982325703,15.867846488952637,34.04707336425781
53,16,1,False,6.0300184569106525,3.0670563509414044,5.422334671020508,13.825637817382812
53,19,1,False,0.0,0.0,,
53,26,2,False,0.0,0.0,,
53,28,1,False,0.0,0.0,,
53,22,1,False,17.269709036972827,3.702031127947074,20.243803024291992,56.540061950683594
53,34,2,False,15.848202459838701,5.797418428962812,15.624672889709473,63.061561584472656
54,1,2,False,3.1873789619262096,6.2900503560950805,16.215354919433594,55.563541412353516
54,3,2,False,3.595040461255196,2.923773337313353,5.015634059906006,40.413352966308594
54,4,2,False,0.0,0.0,,
54,5,1,False,4.93348704708086,6.96064351383564,12.309542655944824,54.014503479003906
54,6,1,False,11.644854800184971,9.754933759797021,11.356071472167969,63.572120666503906
54,7,2,False,0.6536096490564994,4.475017035384372,20.233736038208008,41.62545394897461
54,8,2,False,2.8492530778313228,3.9808168797255625,20.94129180908203,26.94172477722168
54,9,1,False,0.0,0.0,,
54,10,2,False,0.0,0.0,,
54,11,1,False,6.510854431460704,5.973230887215703,1.0531251430511475,59.09029006958008
54,12,1,False,0.9296629735788638,1.8752928972652054,1.2877181768417358,41.94565200805664
54,13,2,False,0.0,0.0,,
54,14,2,False,4.044829510210475,4.066242353646823,8.993648529052734,56.17656326293945
54,15,1,False,5.691570990507232,3.0333596982325703,15.901200294494629,34.17198181152344
54,16,1,False,6.0300184569106525,3.0670563509414044,5.515031814575195,13.840678215026855
54,19,1,False,0.0,0.0,,
54,26,2,False,0.0,0.0,,
54,28,1,False,0.0,0.0,,
54,22,1,False,17.269709036972827,3.702031127947074,20.316097259521484,56.29222106933594
54,34,2,False,15.848202459838701,5.797418428962812,15.469568252563477,62.98042297363281
55,1,2,False,5.210459686597808,6.5915815879583795,16.084930419921875,55.49577331542969
55,3,2,False,6.038601488327877,3.273229441961957,4.962367057800293,40.43702697753906
55,4,2,False,0.0,0.0,,
55,5,1,False,9.944335383078053,7.536125885541546,12.290436744689941,53.96733093261719
55,6,1,False,9.629516932382266,10.312197471161735,11.194437026977539,63.50883865356445
55,7,2,False,3.5101454756694714,4.6781504541152445,20.169443130493164,41.54822540283203
55,8,2,False,9.679989491821113,4.5410014567985435,20.83741569519043,26.974376678466797
55,9,1,False,0.0,0.0,,
55,10,2,False,0.0,0.0,,
55,11,1,False,5.170962266297187,6.27247638873753,0.9657579660415649,59.09096908569336
55,12,1,False,3.5852075622060657,2.0827701867447233,1.2161468267440796,41.96376037597656
55,13,2,False,0.0,0.0,,
55,14,2,False,6.8789776892027135,4.4643313402904985,8.865799903869629,56.29412841796875
55,15,1,False,8.212209361240793,3.5086032955265978,15.861085891723633,34.206504821777344
55,16,1,False,13.651591938809506,3.857079032585473,5.411271572113037,13.885857582092285
55,19,1,False,0.0,0.0,,
55,26,2,False,0.0,0.0,,
55,28,1,False,0.0,0.0,,
55,22,1,False,7.276255271654561,4.123110715427083,20.262094497680664,56.10708236694336
55,34,2,False,8.977978796873883,6.316977387115236,15.210692405700684,62.946319580078125
56,1,2,False,5.210459686597808,6.5915815879583795,16.185546875,55.42670822143555
56,3,2,False,6.038601488327877,3.273229441961957,5.129026889801025,40.43415069580078
56,4,2,False,0.0,0.0,,
56,5,1,False,9.944335383078053,7.536125885541546,12.501362800598145,53.91744613647461
56,6,1,False,9.629516932382266,10.312197471161735,11.192956924438477,63.4443359375
56,7,2,False,3.5101454756694714,4.6781504541152445,20.3273868560791,41.54159927368164
56,8,2,False,9.679989491821113,4.5410014567985435,21.083110809326172,26.965913772583008
56,9,1,False,0.0,0.0,,
56,10,2,False,0.0,0.0,,
56,11,1,False,5.170962266297187,6.27247638873753,1.0531251430511475,59.09029006958008
56,12,1,False,3.5852075622060657,2.0827701867447233,1.3095812797546387,41.94969940185547
56,13,2,False,0.0,0.0,,
56,14,2,False,6.8789776892027135,4.4643313402904985,8.880660057067871,56.39665985107422
56,15,1,False,8.212209361240793,3.5086032955265978,16.07317543029785,34.08338165283203
56,16,1,False,13.651591938809506,3.857079032585473,5.70427131652832,13.693936347961426
56,19,1,False,0.0,0.0,,
56,26,2,False,0.0,0.0,,
56,28,1,False,0.0,0.0,,
56,22,1,False,7.276255271654561,4.123110715427083,20.42661476135254,55.983116149902344
56,34,2,False,8.977978796873883,6.316977387115236,15.2032470703125,62.927249908447266
57,1,2,False,5.210459686597808,6.5915815879583795,16.1992130279541,55.363609313964844
57,3,2,False,6.038601488327877,3.273229441961957,5.174389839172363,40.44247055053711
57,4,2,False,0.0,0.0,,
57,5,1,False,9.944335383078053,7.536125885541546,12.597331047058105,53.93596649169922
57,6,1,False,9.629516932382266,10.312197471161735,11.070838928222656,63.3721809387207
57,7,2,False,3.5101454756694714,4.6781504541152445,20.35114097595215,41.54592514038086
57,8,2,False,9.679989491821113,4.5410014567985435,21.168216705322266,26.98042869567871
57,9,1,False,0.0,0.0,,
57,10,2,False,0.0,0.0,,
57,11,1,False,5.170962266297187,6.27247638873753,1.0531251430511475,59.09029006958008
57,12,1,False,3.5852075622060657,2.0827701867447233,1.2848753929138184,41.855464935302734
57,13,2,False,0.0,0.0,,
57,14,2,False,6.8789776892027135,4.4643313402904985,8.730514526367188,56.427528381347656
57,15,1,False,8.212209361240793,3.5086032955265978,16.131879806518555,34.21279525756836
57,16,1,False,13.651591938809506,3.857079032585473,5.797173976898193,13.708996772766113
57,19,1,False,0.0,0.0,,
57,26,2,False,0.0,0.0,,
57,28,1,False,0.0,0.0,,
57,22,1,False,7.276255271654561,4.123110715427083,20.482746124267578,55.86076354980469
57,34,2,False,8.977978796873883,6.316977387115236,15.114322662353516,62.8592529296875
58,1,2,False,5.210459686597808,6.5915815879583795,16.232004165649414,55.304073333740234
58,3,2,False,6.038601488327877,3.273229441961957,5.219756126403809,40.45079040527344
58,4,2,False,0.0,0.0,,
58,5,1,False,9.944335383078053,7.536125885541546,12.68408489227295,53.88542938232422
58,6,1,False,9.629516932382266,10.312197471161735,10.964673042297363,63.30315017700195
58,7,2,False,3.5101454756694714,4.6781504541152445,20.35114097595215,41.54592514038086
58,8,2,False,9.679989491821113,4.5410014567985435,21.22501564025879,27.133752822875977
58,9,1,False,0.0,0.0,,
58,10,2,False,0.0,0.0,,
58,11,1,False,5.170962266297187,6.27247638873753,1.0175487995147705,59.0316162109375
58,12,1,False,3.5852075622060657,2.0827701867447233,1.2410966157913208,41.84735870361328
58,13,2,False,0.0,0.0,,
58,14,2,False,6.8789776892027135,4.4643313402904985,8.671001434326172,56.475990295410156
58,15,1,False,8.212209361240793,3.5086032955265978,16.18315315246582,34.221866607666016
58,16,1,False,13.651591938809506,3.857079032585473,5.921065330505371,13.729080200195312
58,19,1,False,0.0,0.0,,
58,26,2,False,0.0,0.0,,
58,28,1,False,0.0,0.0,,
58,22,1,False,7.276255271654561,4.123110715427083,20.520570755004883,55.80125427246094
58,34,2,False,8.977978796873883,6.316977387115236,15.008575439453125,62.787811279296875
59,1,2,False,5.210459686597808,6.5915815879583795,16.212905883789062,55.300376892089844
59,3,2,False,6.038601488327877,3.273229441961957,5.267351150512695,40.3638916015625
59,4,2,False,0.0,0.0,,
59,5,1,False,9.944335383078053,7.536125885541546,12.770112037658691,53.96930694580078
59,6,1,False,9.629516932382266,10.312197471161735,10.89066219329834,63.2404899597168
59,7,2,False,3.5101454756694714,4.6781504541152445,20.30489730834961,41.6384162902832
59,8,2,False,9.679989491821113,4.5410014567985435,21.310007095336914,27.148258209228516
59,9,1,False,0.0,0.0,,
59,10,2,False,0.0,0.0,,
59,11,1,False,5.170962266297187,6.27247638873753,0.9154584407806396,58.959625244140625
59,12,1,False,3.5852075622060657,2.0827701867447233,1.2410966157913208,41.84735870361328
59,13,2,False,0.0,0.0,,
59,14,2,False,6.8789776892027135,4.4643313402904985,8.624435424804688,56.586700439453125
59,15,1,False,8.212209361240793,3.5086032955265978,16.260072708129883,34.235477447509766
59,16,1,False,13.651591938809506,3.857079032585473,6.013999938964844,13.744145393371582
59,19,1,False,0.0,0.0,,
59,26,2,False,0.0,0.0,,
59,28,1,False,0.0,0.0,,
59,22,1,False,7.276255271654561,4.123110715427083,20.539901733398438,55.804988861083984
59,34,2,False,8.977978796873883,6.316977387115236,14.902647972106934,62.71624755859375
60,1,2,False,1.2869227371959773,6.666056283397961,16.24574851989746,55.24070739746094
60,3,2,False,2.5903957311382353,3.423136602328753,5.310497760772705,40.46743392944336
60,4,2,False,0.0,0.0,,
60,5,1,False,9.47621060628442,8.084517703034857,12.845830917358398,54.1180534362793
60,6,1,False,8.90838094810309,10.827728776028811,10.7908353805542,63.12458801269531
60,7,2,False,1.8681649934633748,4.786261854199931,20.258779525756836,41.73065948486328
60,8,2,False,2.4023280783760814,4.680025072445307,21.366674423217773,27.157930374145508
60,9,1,False,0.0,0.0,,
60,10,2,False,0.0,0.0,,
60,11,1,False,7.81716375465601,6.724858550465309,0.8105745315551758,58.835105895996094
60,12,1,False,7.8447520681117995,2.536748894390082,1.260108232498169,41.76099395751953
60,13,2,False,0.0,0.0,,
60,14,2,False,12.53464644599445,5.189715972581844,8.588394165039062,56.579647064208984
60,15,1,False,3.8110894496737924,3.729152453493831,16.329931259155273,34.1287841796875
60,16,1,False,12.713111330138446,4.592791493820337,6.142521858215332,13.586844444274902
60,19,1,False,0.0,0.0,,
60,26,2,False,0.0,0.0,,
60,28,1,False,0.0,0.0,,
60,22,1,False,2.300286875689475,4.256229168881336,20.559234619140625,55.8087272644043
60,34,2,False,11.74593140168898,6.996718787675941,14.823912620544434,62.59941482543945
61,1,2,False,1.2869227371959773,6.666056283397961,16.37930679321289,55.2325439453125
61,3,2,False,2.5903957311382353,3.423136602328753,5.484482765197754,40.4502067565918
61,4,2,False,0.0,0.0,,
61,5,1,False,9.47621060628442,8.084517703034857,13.044158935546875,54.18885803222656
61,6,1,False,8.90838094810309,10.827728776028811,10.804167747497559,63.102561950683594
61,7,2,False,1.8681649934633748,4.786261854199931,20.37959861755371,41.70097351074219
61,8,2,False,2.4023280783760814,4.680025072445307,21.625579833984375,27.128314971923828
61,9,1,False,0.0,0.0,,
61,10,2,False,0.0,0.0,,
61,11,1,False,7.81716375465601,6.724858550465309,0.8360492587089539,58.81345748901367
61,12,1,False,7.8447520681117995,2.536748894390082,1.4009227752685547,41.650508880615234
61,13,2,False,0.0,0.0,,
61,14,2,False,12.53464644599445,5.189715972581844,8.643369674682617,56.4997444152832
61,15,1,False,3.8110894496737924,3.729152453493831,16.56084442138672,34.1082763671875
61,16,1,False,12.713111330138446,4.592791493820337,6.448716640472412,13.36546516418457
61,19,1,False,0.0,0.0,,
61,26,2,False,0.0,0.0,,
61,28,1,False,0.0,0.0,,
61,22,1,False,2.300286875689475,4.256229168881336,20.69728660583496,55.867897033691406
61,34,2,False,11.74593140168898,6.996718787675941,14.794088363647461,62.465816497802734
62,1,2,False,1.2869227371959773,6.666056283397961,16.11874008178711,55.345420837402344
62,3,2,False,2.5903957311382353,3.423136602328753,5.234745502471924,40.545135498046875
62,4,2,False,0.0,0.0,,
62,5,1,False,9.47621060628442,8.084517703034857,12.877521514892578,54.38807678222656
62,6,1,False,8.90838094810309,10.827728776028811,10.505467414855957,63.11343765258789
62,7,2,False,1.8681649934633748,4.786261854199931,20.06590461730957,41.791893005371094
62,8,2,False,2.4023280783760814,4.680025072445307,21.30414390563965,27.141559600830078
62,9,1,False,0.0,0.0,,
62,10,2,False,0.0,0.0,,
62,11,1,False,7.81716375465601,6.724858550465309,0.5568036437034607,58.78261947631836
62,12,1,False,7.8447520681117995,2.536748894390082,1.1200352907180786,41.641387939453125
62,13,2,False,0.0,0.0,,
62,14,2,False,12.53464644599445,5.189715972581844,8.367947578430176,56.53413391113281
62,15,1,False,3.8110894496737924,3.729152453493831,16.280120849609375,34.23429870605469
62,16,1,False,12.713111330138446,4.592791493820337,6.166088581085205,13.58357048034668
62,19,1,False,0.0,0.0,,
62,26,2,False,0.0,0.0,,
62,28,1,False,0.0,0.0,,
62,22,1,False,2.300286875689475,4.256229168881336,20.440977096557617,55.916717529296875
62,34,2,False,11.74593140168898,6.996718787675941,14.456669807434082,62.42266845703125
63,1,2,False,1.2869227371959773,6.666056283397961,16.142410278320312,55.32418441772461
63,3,2,False,2.5903957311382353,3.423136602328753,5.30272102355957,40.520233154296875
63,4,2,False,0.0,0.0,,
63,5,1,False,9.47621060628442,8.084517703034857,12.936734199523926,54.50603485107422
63,6,1,False,8.90838094810309,10.827728776028811,10.452459335327148,63.131927490234375
63,7,2,False,1.8681649934633748,4.786261854199931,20.1209716796875,41.762603759765625
63,8,2,False,2.4023280783760814,4.680025072445307,21.37088394165039,27.09667205810547
63,9,1,False,0.0,0.0,,
63,10,2,False,0.0,0.0,,
63,11,1,False,7.81716375465601,6.724858550465309,0.47183528542518616,58.74536895751953
63,12,1,False,7.8447520681117995,2.536748894390082,1.111830472946167,41.42338943481445
63,13,2,False,0.0,0.0,,
63,14,2,False,12.53464644599445,5.189715972581844,8.21180248260498,56.42025375366211
63,15,1,False,3.8110894496737924,3.729152453493831,16.344745635986328,34.31794738769531
63,16,1,False,12.713111330138446,4.592791493820337,6.264716625213623,13.350452423095703
63,19,1,False,0.0,0.0,,
63,26,2,False,0.0,0.0,,
63,22,1,False,2.300286875689475,4.256229168881336,20.486038208007812,55.89929962158203
63,34,2,False,11.74593140168898,6.996718787675941,14.342920303344727,62.38005065917969
64,1,2,False,1.2869227371959773,6.666056283397961,16.175949096679688,55.330963134765625
64,3,2,False,2.5903957311382353,3.423136602328753,5.365294933319092,40.532127380371094
64,4,2,False,0.0,0.0,,
64,5,1,False,9.47621060628442,8.084517703034857,12.998100280761719,54.58424758911133
64,6,1,False,8.90838094810309,10.827728776028811,10.377638816833496,63.164955139160156
64,7,2,False,1.8681649934633748,4.786261854199931,20.161090850830078,41.66986846923828
64,8,2,False,2.4023280783760814,4.680025072445307,21.363969802856445,27.096113204956055
64,9,1,False,0.0,0.0,,
64,10,2,False,0.0,0.0,,
64,11,1,False,7.81716375465601,6.724858550465309,0.4043208658695221,58.78409194946289
64,12,1,False,7.8447520681117995,2.536748894390082,1.0845669507980347,41.41874694824219
64,13,2,False,0.0,0.0,,
64,14,2,False,12.53464644599445,5.189715972581844,8.022537231445312,56.443363189697266
64,15,1,False,3.8110894496737924,3.729152453493831,16.43411636352539,34.21541213989258
64,16,1,False,12.713111330138446,4.592791493820337,6.355613708496094,13.186227798461914
64,19,1,False,0.0,0.0,,
64,26,2,False,0.0,0.0,,
64,22,1,False,2.300286875689475,4.256229168881336,20.538454055786133,55.84298324584961
64,34,2,False,11.74593140168898,6.996718787675941,14.255196571350098,62.3627815246582
64,28,1,False,0.0,0.0,,
65,1,2,False,6.831401788652571,7.061392035056096,16.258583068847656,55.31406784057617
65,3,2,False,9.66929817337858,3.9827024688437174,5.456542491912842,40.501243591308594
65,4,2,False,0.0,0.0,,
65,5,1,False,6.562487058563756,8.464291259664703,13.04947566986084,54.62723159790039
65,6,1,False,2.2176603164496482,10.956065599897425,10.27719783782959,63.16873550415039
65,7,2,False,3.977735338103242,5.016454871451276,20.218917846679688,41.630165100097656
65,8,2,False,14.081729241520863,5.494939959107394,21.434114456176758,27.036359786987305
65,9,1,False,0.0,0.0,,
65,10,2,False,0.0,0.0,,
65,11,1,False,2.681817421172191,6.8800563178942555,0.35853564739227295,58.852725982666016
65,12,1,False,10.17673075841389,3.1256800725390343,1.0383130311965942,41.36488342285156
65,13,2,False,0.0,0.0,,
65,14,2,False,1.743275369103413,5.290599963849402,7.87569522857666,56.444580078125
65,15,1,False,11.100389436996863,4.371536101468187,16.545440673828125,34.175662994384766
65,16,1,False,18.84595803332046,5.683414065193048,6.48727560043335,12.936907768249512
65,19,1,False,0.0,0.0,,
65,26,2,False,0.0,0.0,,
65,22,1,False,19.556786912066034,5.387987670737009,20.623085021972656,55.69192123413086
65,34,2,False,6.418226560822176,7.368143935871669,14.18270492553711,62.373802185058594
65,28,1,False,0.0,0.0,,
66,1,2,False,6.831401788652571,7.061392035056096,16.15357780456543,55.685184478759766
66,3,2,False,9.66929817337858,3.9827024688437174,5.5042548179626465,41.07619094848633
66,4,2,False,0.0,0.0,,
66,5,1,False,6.562487058563756,8.464291259664703,13.003070831298828,55.009559631347656
66,6,1,False,2.2176603164496482,10.956065599897425,10.15655517578125,63.42815017700195
66,7,2,False,3.977735338103242,5.016454871451276,20.081098556518555,42.20220947265625
66,8,2,False,14.081729241520863,5.494939959107394,21.258081436157227,27.85760498046875
66,9,1,False,0.0,0.0,,
66,10,2,False,0.0,0.0,,
66,11,1,False,2.681817421172191,6.8800563178942555,0.3098747730255127,59.20130157470703
66,12,1,False,10.17673075841389,3.1256800725390343,0.9801024794578552,41.71348571777344
66,13,2,False,0.0,0.0,,
66,14,2,False,1.743275369103413,5.290599963849402,7.769351482391357,56.837440490722656
66,15,1,False,11.100389436996863,4.371536101468187,16.4529972076416,34.865421295166016
66,16,1,False,18.84595803332046,5.683414065193048,6.541982650756836,14.015769004821777
66,19,1,False,0.0,0.0,,
66,26,2,False,0.0,0.0,,
66,22,1,False,19.556786912066034,5.387987670737009,20.582551956176758,55.88324737548828
66,34,2,False,6.418226560822176,7.368143935871669,14.0623197555542,62.60136032104492
66,28,1,False,0.0,0.0,,
67,1,2,False,6.831401788652571,7.061392035056096,16.392812728881836,54.96949768066406
67,3,2,False,9.66929817337858,3.9827024688437174,5.715400695800781,40.20470428466797
67,4,2,False,0.0,0.0,,
67,5,1,False,6.562487058563756,8.464291259664703,13.238503456115723,54.42654800415039
67,6,1,False,2.2176603164496482,10.956065599897425,10.240241050720215,62.9415397644043
67,7,2,False,3.977735338103242,5.016454871451276,20.44150733947754,41.30775451660156
67,8,2,False,14.081729241520863,5.494939959107394,21.735448837280273,26.71432113647461
67,9,1,False,0.0,0.0,,
67,10,2,False,0.0,0.0,,
67,11,1,False,2.681817421172191,6.8800563178942555,0.31366750597953796,58.657806396484375
67,12,1,False,10.17673075841389,3.1256800725390343,0.997451901435852,40.846195220947266
67,13,2,False,0.0,0.0,,
67,14,2,False,1.743275369103413,5.290599963849402,7.872934818267822,56.229087829589844
67,15,1,False,11.100389436996863,4.371536101468187,16.82566261291504,33.91585159301758
67,16,1,False,18.84595803332046,5.683414065193048,6.85732364654541,12.159685134887695
67,19,1,False,0.0,0.0,,
67,26,2,False,0.0,0.0,,
67,22,1,False,19.556786912066034,5.387987670737009,20.960041046142578,55.10622787475586
67,34,2,False,6.418226560822176,7.368143935871669,14.221943855285645,62.09633255004883
67,28,1,False,0.0,0.0,,
68,1,2,False,6.831401788652571,7.061392035056096,16.501848220825195,55.12881088256836
68,3,2,False,9.66929817337858,3.9827024688437174,5.980711936950684,40.644256591796875
68,4,2,False,0.0,0.0,,
68,5,1,False,6.562487058563756,8.464291259664703,13.419466972351074,54.66522216796875
68,6,1,False,2.2176603164496482,10.956065599897425,10.327669143676758,63.05880355834961
68,7,2,False,3.977735338103242,5.016454871451276,20.542692184448242,41.63780975341797
68,8,2,False,14.081729241520863,5.494939959107394,21.96248435974121,27.340539932250977
68,9,1,False,0.0,0.0,,
68,10,2,False,0.0,0.0,,
68,11,1,False,2.681817421172191,6.8800563178942555,0.47293621301651,58.79730987548828
68,12,1,False,10.17673075841389,3.1256800725390343,1.2046267986297607,40.9834098815918
68,13,2,False,0.0,0.0,,
68,14,2,False,1.743275369103413,5.290599963849402,7.988886833190918,56.43629455566406
68,15,1,False,11.100389436996863,4.371536101468187,17.07952308654785,34.32861328125
68,16,1,False,18.84595803332046,5.683414065193048,7.253334045410156,12.786494255065918
68,19,1,False,0.0,0.0,,
68,26,2,False,0.0,0.0,,
68,22,1,False,19.556786912066034,5.387987670737009,21.197519302368164,55.157161712646484
68,34,2,False,6.418226560822176,7.368143935871669,14.288050651550293,62.21588897705078
68,28,1,False,0.0,0.0,,
69,1,2,False,6.831401788652571,7.061392035056096,16.516109466552734,55.06522750854492
69,3,2,False,9.66929817337858,3.9827024688437174,5.984104633331299,40.54960250854492
69,4,2,False,0.0,0.0,,
69,5,1,False,6.562487058563756,8.464291259664703,13.43868637084961,54.669124603271484
69,6,1,False,2.2176603164496482,10.956065599897425,10.263138771057129,63.045997619628906
69,7,2,False,3.977735338103242,5.016454871451276,20.471656799316406,41.625152587890625
69,8,2,False,14.081729241520863,5.494939959107394,22.0477237701416,27.35549545288086
69,9,1,False,0.0,0.0,,
69,10,2,False,0.0,0.0,,
69,11,1,False,2.681817421172191,6.8800563178942555,0.49266594648361206,58.85319519042969
69,12,1,False,10.17673075841389,3.1256800725390343,1.2684285640716553,40.90337371826172
69,13,2,False,0.0,0.0,,
69,14,2,False,1.743275369103413,5.290599963849402,7.935039043426514,56.425926208496094
69,15,1,False,11.100389436996863,4.371536101468187,17.105436325073242,34.33353042602539
69,16,1,False,18.84595803332046,5.683414065193048,7.417599678039551,12.6310396194458
69,19,1,False,0.0,0.0,,
69,26,2,False,0.0,0.0,,
69,22,1,False,19.556786912066034,5.387987670737009,21.27608871459961,55.03496551513672
69,34,2,False,6.418226560822176,7.368143935871669,14.234838485717773,62.05153274536133
69,28,1,False,0.0,0.0,,
70,1,2,False,5.3419973909215255,7.3705354025862775,16.51261329650879,55.01115036010742
70,3,2,False,1.9332611179380983,4.094581005761431,6.011406421661377,40.573631286621094
70,4,2,False,0.0,0.0,,
70,5,1,False,4.083410786001227,8.70059975422496,13.411221504211426,54.74285125732422
70,6,1,False,7.079723018448563,11.36577179309468,10.178681373596191,63.08648681640625
70,7,2,False,7.714473998613611,5.462894338963638,20.4488525390625,41.64106750488281
70,8,2,False,9.070200448940927,6.019835818421105,22.161672592163086,27.4034366607666
70,9,1,False,0.0,0.0,,
70,10,2,False,0.0,0.0,,
70,11,1,False,6.417524281988054,7.251440824953749,0.4999629259109497,58.9166374206543
70,12,1,False,1.3401151672175913,3.2032330336048673,1.2933956384658813,40.83406066894531
70,13,2,False,0.0,0.0,,
70,14,2,False,12.677330334551861,6.02424176561745,7.875375270843506,56.54546356201172
70,15,1,False,3.9896546567077613,4.602418894101738,17.158775329589844,34.36665344238281
70,16,1,False,13.8366955579215,6.484148761832024,7.549252510070801,12.68858814239502
70,19,1,False,0.0,0.0,,
70,26,2,False,0.0,0.0,,
70,22,1,False,13.877278893097902,6.191070940013508,21.394941329956055,54.86420440673828
70,34,2,False,1.1250610344915286,7.4332516346269655,14.196365356445312,62.002628326416016
70,28,1,False,0.0,0.0,,
71,1,2,False,5.3419973909215255,7.3705354025862775,16.5557918548584,55.033836364746094
71,3,2,False,1.9332611179380983,4.094581005761431,5.997219562530518,40.59158706665039
71,4,2,False,0.0,0.0,,
71,5,1,False,4.083410786001227,8.70059975422496,13.397628784179688,54.75437545776367
71,6,1,False,7.079723018448563,11.36577179309468,10.123387336730957,63.1811637878418
71,7,2,False,7.714473998613611,5.462894338963638,20.477331161499023,41.66793441772461
71,8,2,False,9.070200448940927,6.019835818421105,22.22190284729004,27.587352752685547
71,9,1,False,0.0,0.0,,
71,10,2,False,0.0,0.0,,
71,11,1,False,6.417524281988054,7.251440824953749,0.4907299280166626,58.925907135009766
71,12,1,False,1.3401151672175913,3.2032330336048673,1.3223780393600464,40.76681900024414
71,13,2,False,0.0,0.0,,
71,14,2,False,12.677330334551861,6.02424176561745,7.832617282867432,56.72787094116211
71,15,1,False,3.9896546567077613,4.602418894101738,17.19061279296875,34.39787292480469
71,16,1,False,13.8366955579215,6.484148761832024,7.686263084411621,12.749922752380371
71,19,1,False,0.0,0.0,,
71,26,2,False,0.0,0.0,,
71,22,1,False,13.877278893097902,6.191070940013508,21.4976806640625,54.75993728637695
71,34,2,False,1.1250610344915286,7.4332516346269655,14.18416976928711,62.01127624511719
71,28,1,False,0.0,0.0,,
72,1,2,False,5.3419973909215255,7.3705354025862775,16.550582885742188,55.121543884277344
72,3,2,False,1.9332611179380983,4.094581005761431,5.944187641143799,40.61359405517578
72,4,2,False,0.0,0.0,,
72,5,1,False,4.083410786001227,8.70059975422496,13.407599449157715,54.778160095214844
72,6,1,False,7.079723018448563,11.36577179309468,10.050490379333496,63.32483673095703
72,7,2,False,7.714473998613611,5.462894338963638,20.533124923706055,41.61072540283203
72,8,2,False,9.070200448940927,6.019835818421105,22.31690788269043,27.650951385498047
72,9,1,False,0.0,0.0,,
72,10,2,False,0.0,0.0,,
72,11,1,False,6.417524281988054,7.251440824953749,0.4371616244316101,58.93239974975586
72,12,1,False,1.3401151672175913,3.2032330336048673,1.3362828493118286,40.70751953125
72,13,2,False,0.0,0.0,,
72,14,2,False,12.677330334551861,6.02424176561745,7.53150749206543,56.80645751953125
72,15,1,False,3.9896546567077613,4.602418894101738,17.202259063720703,34.43943786621094
72,16,1,False,13.8366955579215,6.484148761832024,7.831883430480957,12.833995819091797
72,19,1,False,0.0,0.0,,
72,26,2,False,0.0,0.0,,
72,22,1,False,13.877278893097902,6.191070940013508,21.564607620239258,54.726280212402344
72,34,2,False,1.1250610344915286,7.4332516346269655,14.13885498046875,62.122093200683594
72,28,1,False,0.0,0.0,,
73,1,2,False,5.3419973909215255,7.3705354025862775,16.612510681152344,55.12027359008789
73,3,2,False,1.9332611179380983,4.094581005761431,5.9466352462768555,40.595027923583984
73,4,2,False,0.0,0.0,,
73,5,1,False,4.083410786001227,8.70059975422496,13.468287467956543,54.77680969238281
73,6,1,False,7.079723018448563,11.36577179309468,9.956560134887695,63.29654312133789
73,7,2,False,7.714473998613611,5.462894338963638,20.586204528808594,41.49910354614258
73,8,2,False,9.070200448940927,6.019835818421105,22.379955291748047,27.77571678161621
73,9,1,False,0.0,0.0,,
73,10,2,False,0.0,0.0,,
73,11,1,False,6.417524281988054,7.251440824953749,0.3353687524795532,58.8502311706543
73,12,1,False,1.3401151672175913,3.2032330336048673,1.3403352499008179,40.782447814941406
73,13,2,False,0.0,0.0,,
73,14,2,False,12.677330334551861,6.02424176561745,7.347445011138916,56.87615203857422
73,15,1,False,3.9896546567077613,4.602418894101738,17.253883361816406,34.30580520629883
73,16,1,False,13.8366955579215,6.484148761832024,7.993230819702148,12.823681831359863
73,19,1,False,0.0,0.0,,
73,26,2,False,0.0,0.0,,
73,22,1,False,13.877278893097902,6.191070940013508,21.669939041137695,54.59280776977539
73,34,2,False,1.1250610344915286,7.4332516346269655,14.175820350646973,62.11924743652344
73,28,1,False,0.0,0.0,,
74,1,2,False,5.3419973909215255,7.3705354025862775,16.675403594970703,55.126708984375
74,3,2,False,1.9332611179380983,4.094581005761431,6.000343322753906,40.50098419189453
74,4,2,False,0.0,0.0,,
74,5,1,False,4.083410786001227,8.70059975422496,13.549328804016113,54.78683090209961
74,6,1,False,7.079723018448563,11.36577179309468,9.906471252441406,63.329750061035156
74,7,2,False,7.714473998613611,5.462894338963638,20.66384506225586,41.40304946899414
74,8,2,False,9.070200448940927,6.019835818421105,22.445053100585938,27.77461814880371
74,9,1,False,0.0,0.0,,
74,10,2,False,0.0,0.0,,
74,11,1,False,6.417524281988054,7.251440824953749,0.23592045903205872,58.774253845214844
74,12,1,False,1.3401151672175913,3.2032330336048673,1.3226048946380615,40.77122116088867
74,13,2,False,0.0,0.0,,
74,14,2,False,12.677330334551861,6.02424176561745,7.27651309967041,56.915775299072266
74,15,1,False,3.9896546567077613,4.602418894101738,17.312522888183594,34.305912017822266
74,16,1,False,13.8366955579215,6.484148761832024,8.134732246398926,12.64787769317627
74,19,1,False,0.0,0.0,,
74,26,2,False,0.0,0.0,,
74,22,1,False,13.877278893097902,6.191070940013508,21.79657745361328,54.4001350402832
74,34,2,False,1.1250610344915286,7.4332516346269655,14.19042682647705,62.0663948059082
74,28,1,False,0.0,0.0,,
75,1,2,False,1.3489962965760542,7.448602317897392,16.752578735351562,55.206050872802734
75,3,2,False,3.8760768058513464,4.318891006100051,6.108375549316406,40.51782989501953
75,4,2,False,0.0,0.0,,
75,5,1,False,2.8868092144863997,8.867660472655887,13.639922142028809,54.802330017089844
75,6,1,False,3.435039879282094,11.564558823145727,9.838361740112305,63.314613342285156
75,7,2,False,1.152642596777886,5.52959819294384,20.753149032592773,41.31439971923828
75,8,2,False,9.603703800579604,6.57560571428798,22.523548126220703,27.783649444580078
75,9,1,False,0.0,0.0,,
75,10,2,False,0.0,0.0,,
75,11,1,False,5.2512808206731005,7.555334390964925,0.22525472939014435,58.66671371459961
75,12,1,False,6.706475449804442,3.591339251764847,1.3390920162200928,40.771400451660156
75,13,2,False,0.0,0.0,,
75,14,2,False,8.50899062639786,6.516660204645104,7.236503601074219,56.90612030029297
75,15,1,False,5.699024100435097,4.932223529543584,17.383766174316406,34.31482696533203
75,16,1,False,17.873316192517773,7.518484189639766,8.324766159057617,12.489202499389648
75,19,1,False,0.0,0.0,,
75,26,2,False,0.0,0.0,,
75,22,1,False,7.3535769380893345,6.616625160967752,21.952777862548828,54.28648376464844
75,34,2,False,7.682094034986516,7.877817261651648,14.203282356262207,62.06736755371094
75,28,1,False,0.0,0.0,,
76,1,2,False,1.3489962965760542,7.448602317897392,16.801273345947266,55.280799865722656
76,3,2,False,3.8760768058513464,4.318891006100051,6.20920991897583,40.43890380859375
76,4,2,False,0.0,0.0,,
76,5,1,False,2.8868092144863997,8.867660472655887,13.721477508544922,54.817108154296875
76,6,1,False,3.435039879282094,11.564558823145727,9.82686996459961,63.31158447265625
76,7,2,False,1.152642596777886,5.52959819294384,20.760150909423828,41.314125061035156
76,8,2,False,9.603703800579604,6.57560571428798,22.560136795043945,27.78774070739746
76,9,1,False,0.0,0.0,,
76,10,2,False,0.0,0.0,,
76,11,1,False,5.2512808206731005,7.555334390964925,0.19013968110084534,58.554725646972656
76,12,1,False,6.706475449804442,3.591339251764847,1.3230152130126953,40.767032623291016
76,13,2,False,0.0,0.0,,
76,14,2,False,8.50899062639786,6.516660204645104,7.2059221267700195,56.89923095703125
76,15,1,False,5.699024100435097,4.932223529543584,17.46841812133789,34.327980041503906
76,16,1,False,17.873316192517773,7.518484189639766,8.53229808807373,12.335470199584961
76,19,1,False,0.0,0.0,,
76,26,2,False,0.0,0.0,,
76,22,1,False,7.3535769380893345,6.616625160967752,22.0592098236084,54.2348518371582
76,34,2,False,7.682094034986516,7.877817261651648,14.218311309814453,62.01812744140625
76,28,1,False,0.0,0.0,,
77,1,2,False,1.3489962965760542,7.448602317897392,16.81993865966797,55.28410720825195
77,3,2,False,3.8760768058513464,4.318891006100051,6.2961106300354,40.550350189208984
77,4,2,False,0.0,0.0,,
77,5,1,False,2.8868092144863997,8.867660472655887,13.778046607971191,54.827754974365234
77,6,1,False,3.435039879282094,11.564558823145727,9.820694923400879,63.35737991333008
77,7,2,False,1.152642596777886,5.52959819294384,20.73569679260254,41.30921173095703
77,8,2,False,9.603703800579604,6.57560571428798,22.6724796295166,27.80630874633789
77,9,1,False,0.0,0.0,,
77,10,2,False,0.0,0.0,,
77,11,1,False,5.2512808206731005,7.555334390964925,0.15304148197174072,58.49485778808594
77,12,1,False,6.706475449804442,3.591339251764847,1.3668092489242554,40.77467727661133
77,13,2,False,0.0,0.0,,
77,14,2,False,8.50899062639786,6.516660204645104,7.141526699066162,56.769065856933594
77,15,1,False,5.699024100435097,4.932223529543584,17.52458381652832,34.45654296875
77,16,1,False,17.873316192517773,7.518484189639766,8.689760208129883,12.359935760498047
77,19,1,False,0.0,0.0,,
77,26,2,False,0.0,0.0,,
77,22,1,False,7.3535769380893345,6.616625160967752,22.11860466003418,54.24591827392578
77,34,2,False,7.682094034986516,7.877817261651648,14.261780738830566,61.97499465942383
77,28,1,False,0.0,0.0,,
78,1,2,False,1.3489962965760542,7.448602317897392,16.835479736328125,55.209354400634766
78,3,2,False,3.8760768058513464,4.318891006100051,6.291549205780029,40.62880325317383
78,4,2,False,0.0,0.0,,
78,5,1,False,2.8868092144863997,8.867660472655887,13.778597831726074,54.81654739379883
78,6,1,False,3.435039879282094,11.564558823145727,9.772429466247559,63.339576721191406
78,7,2,False,1.152642596777886,5.52959819294384,20.7141170501709,41.287776947021484
78,8,2,False,9.603703800579604,6.57560571428798,22.762887954711914,27.654773712158203
78,9,1,False,0.0,0.0,,
78,10,2,False,0.0,0.0,,
78,11,1,False,5.2512808206731005,7.555334390964925,0.09792380779981613,58.42255401611328
78,12,1,False,6.706475449804442,3.591339251764847,1.4064900875091553,40.67335891723633
78,13,2,False,0.0,0.0,,
78,14,2,False,8.50899062639786,6.516660204645104,7.069552421569824,56.74485778808594
78,15,1,False,5.699024100435097,4.932223529543584,17.500560760498047,34.43183898925781
78,16,1,False,17.873316192517773,7.518484189639766,8.888883590698242,12.175041198730469
78,19,1,False,0.0,0.0,,
78,26,2,False,0.0,0.0,,
78,22,1,False,7.3535769380893345,6.616625160967752,22.160715103149414,54.241783142089844
78,34,2,False,7.682094034986516,7.877817261651648,14.323230743408203,61.92668914794922
78,28,1,False,0.0,0.0,,
79,1,2,False,1.3489962965760542,7.448602317897392,16.800264358520508,55.198394775390625
79,3,2,False,3.8760768058513464,4.318891006100051,6.271707057952881,40.61919021606445
79,4,2,False,0.0,0.0,,
79,5,1,False,2.8868092144863997,8.867660472655887,13.781519889831543,54.8129997253418
79,6,1,False,3.435039879282094,11.564558823145727,9.736936569213867,63.37668228149414
79,7,2,False,1.152642596777886,5.52959819294384,20.76610565185547,41.290863037109375
79,8,2,False,9.603703800579604,6.57560571428798,22.912336349487305,27.52835464477539
79,9,1,False,0.0,0.0,,
79,10,2,False,0.0,0.0,,
79,11,1,False,5.2512808206731005,7.555334390964925,0.0829707533121109,58.41630935668945
79,12,1,False,6.706475449804442,3.591339251764847,1.4480897188186646,40.48902893066406
79,13,2,False,0.0,0.0,,
79,14,2,False,8.50899062639786,6.516660204645104,6.911372661590576,56.71017837524414
79,15,1,False,5.699024100435097,4.932223529543584,17.561553955078125,34.55410385131836
79,16,1,False,17.873316192517773,7.518484189639766,9.06197738647461,12.005362510681152
79,19,1,False,0.0,0.0,,
79,26,2,False,0.0,0.0,,
79,22,1,False,7.3535769380893345,6.616625160967752,22.24533462524414,54.18239212036133
79,34,2,False,7.682094034986516,7.877817261651648,14.414175033569336,61.8379020690918
79,28,1,False,0.0,0.0,,
80,1,2,False,7.996449059204588,7.911359786601361,16.78123664855957,55.1334342956543
80,3,2,False,8.940013243412624,4.836252883612356,6.301368236541748,40.63214874267578
80,4,2,False,0.0,0.0,,
80,5,1,False,9.267767124946545,9.403989588682887,13.805716514587402,54.82286071777344
80,6,1,False,1.4115661345754518,11.646246678155881,9.714301109313965,63.46993637084961
80,7,2,False,3.6671318656968244,5.741816472208702,20.81960105895996,41.30860900878906
80,8,2,False,0.0,0.0,23.03238296508789,27.560115814208984
80,9,1,False,0.0,0.0,,
80,10,2,False,0.0,0.0,,
80,11,1,False,7.761695583480319,8.004506589082999,0.05512552335858345,58.4149055480957
80,12,1,False,7.670690025742972,4.035244924550899,1.4750480651855469,40.40788650512695
80,13,2,False,0.0,0.0,,
80,14,2,False,8.57191167939334,7.0127199083137,6.770864486694336,56.74594497680664
80,15,1,False,9.551251909410382,5.48495801504187,17.593759536743164,34.56913757324219
80,16,1,False,29.993003706977557,9.254190422682449,9.262207984924316,12.052106857299805
80,19,1,False,0.0,0.0,,
80,26,2,False,0.0,0.0,,
80,22,1,False,14.745205611528814,7.469935670894188,22.351198196411133,54.136959075927734
80,34,2,False,14.643804305818916,8.725259640460614,14.524336814880371,61.759857177734375
80,28,1,False,0.0,0.0,,
81,1,2,False,7.996449059204588,7.911359786601361,16.79710578918457,55.172096252441406
81,3,2,False,8.940013243412624,4.836252883612356,6.372779369354248,40.69636535644531
81,4,2,False,0.0,0.0,,
81,5,1,False,9.267767124946545,9.403989588682887,13.872335433959961,54.80510711669922
81,6,1,False,1.4115661345754518,11.646246678155881,9.719691276550293,63.58979034423828
81,7,2,False,3.6671318656968244,5.741816472208702,20.8836612701416,41.27281188964844
81,8,2,False,0.0,0.0,23.13558578491211,27.6543025970459
81,9,1,False,0.0,0.0,,
81,10,2,False,0.0,0.0,,
81,11,1,False,7.761695583480319,8.004506589082999,0.06072495877742767,58.44404602050781
81,12,1,False,7.670690025742972,4.035244924550899,1.5236411094665527,40.37328338623047
81,13,2,False,0.0,0.0,,
81,14,2,False,8.57191167939334,7.0127199083137,6.648602485656738,56.75331497192383
81,15,1,False,9.551251909410382,5.48495801504187,17.66563606262207,34.645320892333984
81,16,1,False,29.993003706977557,9.254190422682449,9.454717636108398,12.182489395141602
81,19,1,False,0.0,0.0,,
81,26,2,False,0.0,0.0,,
81,22,1,False,14.745205611528814,7.469935670894188,22.4871826171875,54.05821990966797
81,34,2,False,14.643804305818916,8.725259640460614,14.649916648864746,61.603607177734375
81,28,1,False,0.0,0.0,,
82,1,2,False,7.996449059204588,7.911359786601361,16.921222686767578,55.235107421875
82,3,2,False,8.940013243412624,4.836252883612356,6.546347141265869,40.879478454589844
82,4,2,False,0.0,0.0,,
82,5,1,False,9.267767124946545,9.403989588682887,14.016352653503418,54.871646881103516
82,6,1,False,1.4115661345754518,11.646246678155881,9.773127555847168,63.67462158203125
82,7,2,False,3.6671318656968244,5.741816472208702,21.011077880859375,41.355857849121094
82,8,2,False,0.0,0.0,23.278343200683594,28.047203063964844
82,9,1,False,0.0,0.0,,
82,10,2,False,0.0,0.0,,
82,11,1,False,7.761695583480319,8.004506589082999,0.20819367468357086,58.45167922973633
82,12,1,False,7.670690025742972,4.035244924550899,1.7020165920257568,40.46104049682617
82,13,2,False,0.0,0.0,,
82,14,2,False,8.57191167939334,7.0127199083137,6.662967681884766,56.79049301147461
82,15,1,False,9.551251909410382,5.48495801504187,17.856386184692383,34.748626708984375
82,16,1,False,29.993003706977557,9.254190422682449,9.815644264221191,12.534590721130371
82,19,1,False,0.0,0.0,,
82,26,2,False,0.0,0.0,,
82,22,1,False,14.745205611528814,7.469935670894188,22.654783248901367,54.06072235107422
82,34,2,False,14.643804305818916,8.725259640460614,14.82296371459961,61.61631393432617
82,28,1,False,0.0,0.0,,
83,1,2,False,7.996449059204588,7.911359786601361,16.995189666748047,55.08563232421875
83,3,2,False,8.940013243412624,4.836252883612356,6.623773097991943,40.659027099609375
83,4,2,False,0.0,0.0,,
83,5,1,False,9.267767124946545,9.403989588682887,14.101170539855957,54.7257080078125
83,6,1,False,1.4115661345754518,11.646246678155881,9.733243942260742,63.598506927490234
83,7,2,False,3.6671318656968244,5.741816472208702,21.0214786529541,41.31093978881836
83,8,2,False,0.0,0.0,23.257741928100586,28.26178550720215
83,9,1,False,0.0,0.0,,
83,10,2,False,0.0,0.0,,
83,11,1,False,7.761695583480319,8.004506589082999,0.26382383704185486,58.28080368041992
83,12,1,False,7.670690025742972,4.035244924550899,1.7005454301834106,40.41781234741211
83,13,2,False,0.0,0.0,,
83,14,2,False,8.57191167939334,7.0127199083137,6.652626037597656,56.644264221191406
83,15,1,False,9.551251909410382,5.48495801504187,17.94243812561035,34.70951461791992
83,16,1,False,29.993003706977557,9.254190422682449,9.999210357666016,12.664024353027344
83,19,1,False,0.0,0.0,,
83,26,2,False,0.0,0.0,,
83,22,1,False,14.745205611528814,7.469935670894188,22.789974212646484,53.83753967285156
83,34,2,False,14.643804305818916,8.725259640460614,14.922679901123047,61.400917053222656
83,28,1,False,0.0,0.0,,
84,1,2,False,7.996449059204588,7.911359786601361,17.096025466918945,54.963172912597656
84,3,2,False,8.940013243412624,4.836252883612356,6.7333984375,40.57169723510742
84,4,2,False,0.0,0.0,,
84,5,1,False,9.267767124946545,9.403989588682887,14.202187538146973,54.67097473144531
84,6,1,False,1.4115661345754518,11.646246678155881,9.755009651184082,63.50358581542969
84,7,2,False,3.6671318656968244,5.741816472208702,21.039302825927734,41.40384292602539
84,8,2,False,0.0,0.0,23.307016372680664,28.253225326538086
84,9,1,False,0.0,0.0,,
84,10,2,False,0.0,0.0,,
84,11,1,False,7.761695583480319,8.004506589082999,0.3514154851436615,58.18604278564453
84,12,1,False,7.670690025742972,4.035244924550899,1.7765814065933228,40.23265075683594
84,13,2,False,0.0,0.0,,
84,14,2,False,8.57191167939334,7.0127199083137,6.673505783081055,56.464324951171875
84,15,1,False,9.551251909410382,5.48495801504187,18.012048721313477,34.70756530761719
84,16,1,False,29.993003706977557,9.254190422682449,10.261774063110352,12.86830997467041
84,19,1,False,0.0,0.0,,
84,26,2,False,0.0,0.0,,
84,22,1,False,14.745205611528814,7.469935670894188,22.92966651916504,53.71060562133789
84,34,2,False,14.643804305818916,8.725259640460614,15.053457260131836,61.26105499267578
84,28,1,False,0.0,0.0,,
85,1,2,False,6.1320789739963235,8.266225467966889,17.171571731567383,54.88487243652344
85,3,2,False,10.229887490094677,5.428260261511353,6.81852912902832,40.646568298339844
85,4,2,False,0.0,0.0,,
85,5,1,False,8.765957398180753,9.911278789966495,14.291906356811523,54.596435546875
85,6,1,False,6.416840401764578,12.017591608813554,9.79245662689209,63.44617462158203
85,7,2,False,8.534544725937794,6.235713736441213,20.97351837158203,41.4547119140625
85,8,2,False,0.0,0.0,,
85,9,1,False,0.0,0.0,,
85,10,2,False,0.0,0.0,,
85,11,1,False,13.053447871648604,8.759914452025626,0.3951033055782318,58.12135696411133
85,12,1,False,17.410654174096134,5.042805929996277,1.9091566801071167,40.31513977050781
85,13,2,False,0.0,0.0,,
85,14,2,False,8.504723202354056,7.504891389931412,6.663710594177246,56.2615966796875
85,15,1,False,8.334418201451227,5.9672738831814085,18.097824096679688,34.795928955078125
85,16,1,False,27.942984246174664,10.871261270262,10.553421974182129,13.21203899383545
85,19,1,False,0.0,0.0,,
85,26,2,False,0.0,0.0,,
85,22,1,False,0.0,0.0,23.03816032409668,53.630775451660156
85,34,2,False,14.26954739010726,9.551043632943673,15.169407844543457,61.21027374267578
85,28,1,False,0.0,0.0,,
86,1,2,False,6.1320789739963235,8.266225467966889,17.262523651123047,54.81219482421875
86,3,2,False,10.229887490094677,5.428260261511353,6.903565883636475,40.62966537475586
86,4,2,False,0.0,0.0,,
86,5,1,False,8.765957398180753,9.911278789966495,14.366133689880371,54.588218688964844
86,6,1,False,6.416840401764578,12.017591608813554,9.858892440795898,63.3964729309082
86,7,2,False,8.534544725937794,6.235713736441213,20.902973175048828,41.610355377197266
86,8,2,False,0.0,0.0,,
86,9,1,False,0.0,0.0,,
86,10,2,False,0.0,0.0,,
86,11,1,False,13.053447871648604,8.759914452025626,0.43598031997680664,58.058231353759766
86,12,1,False,17.410654174096134,5.042805929996277,2.0785903930664062,40.22015380859375
86,13,2,False,0.0,0.0,,
86,14,2,False,8.504723202354056,7.504891389931412,6.626101970672607,56.174373626708984
86,15,1,False,8.334418201451227,5.9672738831814085,18.156696319580078,35.002540588378906
86,16,1,False,27.942984246174664,10.871261270262,10.837221145629883,13.56086254119873
86,19,1,False,0.0,0.0,,
86,26,2,False,0.0,0.0,,
86,22,1,False,0.0,0.0,23.119983673095703,53.62172317504883
86,34,2,False,14.26954739010726,9.551043632943673,15.299260139465332,61.164371490478516
86,28,1,False,0.0,0.0,,
87,1,2,False,6.1320789739963235,8.266225467966889,17.203428268432617,54.707820892333984
87,3,2,False,10.229887490094677,5.428260261511353,6.811320781707764,40.57671356201172
87,4,2,False,0.0,0.0,,
87,5,1,False,8.765957398180753,9.911278789966495,14.315053939819336,54.41969680786133
87,6,1,False,6.416840401764578,12.017591608813554,9.806450843811035,63.27368927001953
87,7,2,False,8.534544725937794,6.235713736441213,20.813121795654297,41.45457077026367
87,8,2,False,0.0,0.0,23.314924240112305,28.52263641357422
87,9,1,False,0.0,0.0,,
87,10,2,False,0.0,0.0,,
87,11,1,False,13.053447871648604,8.759914452025626,0.3423864245414734,57.91285705566406
87,12,1,False,17.410654174096134,5.042805929996277,2.1164629459381104,40.00224304199219
87,13,2,False,0.0,0.0,,
87,14,2,False,8.504723202354056,7.504891389931412,6.484362602233887,56.06437301635742
87,15,1,False,8.334418201451227,5.9672738831814085,18.038230895996094,35.05504608154297
87,16,1,False,27.942984246174664,10.871261270262,10.901464462280273,13.50287914276123
87,19,1,False,0.0,0.0,,
87,26,2,False,0.0,0.0,,
87,22,1,False,0.0,0.0,23.109878540039062,53.44607925415039
87,34,2,False,14.26954739010726,9.551043632943673,15.341739654541016,61.04519271850586
87,28,1,False,0.0,0.0,,
88,1,2,False,6.1320789739963235,8.266225467966889,17.384973526000977,54.735164642333984
88,3,2,False,10.229887490094677,5.428260261511353,7.073616027832031,40.51767349243164
88,4,2,False,0.0,0.0,,
88,5,1,False,8.765957398180753,9.911278789966495,14.506587028503418,54.38203430175781
88,6,1,False,6.416840401764578,12.017591608813554,9.97815227508545,63.2553825378418
88,7,2,False,8.534544725937794,6.235713736441213,21.060558319091797,41.3863410949707
88,8,2,False,0.0,0.0,,
88,9,1,False,0.0,0.0,,
88,10,2,False,0.0,0.0,,
88,11,1,False,13.053447871648604,8.759914452025626,0.4420742690563202,57.81926345825195
88,12,1,False,17.410654174096134,5.042805929996277,2.435340642929077,39.85948944091797
88,13,2,False,0.0,0.0,,
88,14,2,False,8.504723202354056,7.504891389931412,6.492797374725342,55.99925994873047
88,15,1,False,8.334418201451227,5.9672738831814085,18.252323150634766,35.07968521118164
88,16,1,False,27.942984246174664,10.871261270262,11.402703285217285,13.745060920715332
88,19,1,False,0.0,0.0,,
88,26,2,False,0.0,0.0,,
88,22,1,False,0.0,0.0,,
88,34,2,False,14.26954739010726,9.551043632943673,15.595621109008789,60.98146438598633
88,28,1,False,0.0,0.0,,
89,1,2,False,6.1320789739963235,8.266225467966889,17.41794776916504,54.66396713256836
89,3,2,False,10.229887490094677,5.428260261511353,7.216387748718262,40.336666107177734
89,4,2,False,0.0,0.0,,
89,5,1,False,8.765957398180753,9.911278789966495,14.554998397827148,54.31449508666992
89,6,1,False,6.416840401764578,12.017591608813554,10.013920783996582,63.208221435546875
89,7,2,False,8.534544725937794,6.235713736441213,21.178424835205078,41.18873596191406
89,8,2,False,0.0,0.0,,
89,9,1,False,0.0,0.0,,
89,10,2,False,0.0,0.0,,
89,11,1,False,13.053447871648604,8.759914452025626,0.511106550693512,57.60932540893555
89,12,1,False,17.410654174096134,5.042805929996277,2.5650901794433594,39.773868560791016
89,13,2,False,0.0,0.0,,
89,14,2,False,8.504723202354056,7.504891389931412,6.420581340789795,55.9163932800293
89,15,1,False,8.334418201451227,5.9672738831814085,18.301494598388672,35.07148361206055
89,16,1,False,27.942984246174664,10.871261270262,11.682295799255371,13.764057159423828
89,19,1,False,0.0,0.0,,
89,26,2,False,0.0,0.0,,
89,22,1,False,0.0,0.0,,
89,34,2,False,14.26954739010726,9.551043632943673,15.733445167541504,60.83823013305664
89,28,1,False,0.0,0.0,,
90,1,2,False,15.161094361783569,9.143603613903437,17.441831588745117,54.6548957824707
90,3,2,False,10.356706261730103,6.027606688694808,7.374401569366455,40.44290542602539
90,4,2,False,0.0,0.0,,
90,5,1,False,15.297005927533206,10.796522188550593,14.667269706726074,54.25519561767578
90,6,1,False,7.780600288974913,12.467857829240343,10.080692291259766,63.21204376220703
90,7,2,False,6.9068360803340525,6.635414898497582,21.304784774780273,41.088382720947266
90,8,2,False,0.0,0.0,,
90,9,1,False,0.0,0.0,,
90,10,2,False,0.0,0.0,,
90,11,1,True,15.213871457195937,9.64034682802076,0.6363245844841003,57.40549850463867
90,12,1,False,17.98995062327655,6.083891035509966,2.770380973815918,39.79219436645508
90,13,2,False,0.0,0.0,,
90,14,2,False,19.133486641646126,8.612153348360007,6.40739107131958,55.84143829345703
90,15,1,False,11.329297419470453,6.622904520882245,18.388505935668945,35.180809020996094
90,16,1,False,30.05849343353497,12.610757418036014,11.987944602966309,13.958405494689941
90,19,1,False,0.0,0.0,,
90,26,2,False,0.0,0.0,,
90,22,1,False,0.0,0.0,,
90,34,2,False,21.04517249676161,10.7689355598396,15.887980461120605,60.803367614746094
90,28,1,False,0.0,0.0,,
91,1,2,False,15.161094361783569,9.143603613903437,17.54139518737793,54.44740295410156
91,3,2,False,10.356706261730103,6.027606688694808,7.524746894836426,40.4389762878418
91,4,2,False,0.0,0.0,,
91,5,1,False,15.297005927533206,10.796522188550593,14.80186939239502,54.12384796142578
91,6,1,False,7.780600288974913,12.467857829240343,10.128866195678711,63.15858840942383
91,7,2,False,6.9068360803340525,6.635414898497582,21.396663665771484,40.968589782714844
91,8,2,False,0.0,0.0,,
91,9,1,False,0.0,0.0,,
91,10,2,False,0.0,0.0,,
91,11,1,True,15.213871457195937,9.64034682802076,0.7523664236068726,57.191104888916016
91,12,1,False,17.98995062327655,6.083891035509966,2.9391846656799316,39.695865631103516
91,13,2,False,0.0,0.0,,
91,14,2,False,19.133486641646126,8.612153348360007,6.4624176025390625,55.65092086791992
91,15,1,False,11.329297419470453,6.622904520882245,18.532066345214844,35.05034637451172
91,16,1,False,30.05849343353497,12.610757418036014,12.276622772216797,14.127294540405273
91,19,1,False,0.0,0.0,,
91,26,2,False,0.0,0.0,,
91,22,1,False,0.0,0.0,,
91,34,2,False,21.04517249676161,10.7689355598396,16.04671859741211,60.70765686035156
91,28,1,False,0.0,0.0,,
92,1,2,False,15.161094361783569,9.143603613903437,17.62118911743164,54.39029312133789
92,3,2,False,10.356706261730103,6.027606688694808,7.599539279937744,40.447052001953125
92,4,2,False,0.0,0.0,,
92,5,1,False,15.297005927533206,10.796522188550593,14.929132461547852,54.00845718383789
92,6,1,False,7.780600288974913,12.467857829240343,10.155477523803711,63.11341857910156
92,7,2,False,6.9068360803340525,6.635414898497582,21.380096435546875,40.959598541259766
92,8,2,False,0.0,0.0,,
92,9,1,False,0.0,0.0,,
92,10,2,False,0.0,0.0,,
92,11,1,True,15.213871457195937,9.64034682802076,0.8143249750137329,56.97881317138672
92,12,1,False,17.98995062327655,6.083891035509966,3.058413505554199,39.712120056152344
92,13,2,False,0.0,0.0,,
92,14,2,False,19.133486641646126,8.612153348360007,6.479286193847656,55.40669631958008
92,15,1,False,11.329297419470453,6.622904520882245,18.620384216308594,35.176918029785156
92,16,1,False,30.05849343353497,12.610757418036014,12.50535774230957,14.514471054077148
92,19,1,False,0.0,0.0,,
92,26,2,False,0.0,0.0,,
92,22,1,False,0.0,0.0,,
92,34,2,False,21.04517249676161,10.7689355598396,16.193702697753906,60.56863021850586
92,28,1,False,0.0,0.0,,
93,1,2,False,15.161094361783569,9.143603613903437,17.739652633666992,54.29576110839844
93,3,2,False,10.356706261730103,6.027606688694808,7.665196895599365,40.390499114990234
93,4,2,False,0.0,0.0,,
93,5,1,False,15.297005927533206,10.796522188550593,15.073948860168457,53.851295471191406
93,6,1,False,7.780600288974913,12.467857829240343,10.225682258605957,63.0457649230957
93,7,2,False,6.9068360803340525,6.635414898497582,21.41387176513672,40.99589920043945
93,8,2,False,0.0,0.0,,
93,9,1,False,0.0,0.0,,
93,10,2,False,0.0,0.0,,
93,11,1,True,15.213871457195937,9.64034682802076,0.9398726224899292,56.85274887084961
93,12,1,False,17.98995062327655,6.083891035509966,3.2098426818847656,39.575157165527344
93,13,2,False,0.0,0.0,,
93,14,2,False,19.133486641646126,8.612153348360007,6.5461812019348145,55.06804656982422
93,15,1,False,11.329297419470453,6.622904520882245,18.759737014770508,35.23601150512695
93,16,1,False,30.05849343353497,12.610757418036014,12.82160472869873,14.438323020935059
93,19,1,False,0.0,0.0,,
93,26,2,False,0.0,0.0,,
93,22,1,False,0.0,0.0,,
93,34,2,False,21.04517249676161,10.7689355598396,16.40554428100586,60.349708557128906
93,28,1,False,0.0,0.0,,
94,1,2,False,15.161094361783569,9.143603613903437,17.853168487548828,54.201446533203125
94,3,2,False,10.356706261730103,6.027606688694808,7.770854949951172,40.34341812133789
94,4,2,False,0.0,0.0,,
94,5,1,False,15.297005927533206,10.796522188550593,15.201443672180176,53.76017379760742
94,6,1,False,7.780600288974913,12.467857829240343,10.301772117614746,63.02821350097656
94,7,2,False,6.9068360803340525,6.635414898497582,21.440872192382812,41.03337860107422
94,8,2,False,0.0,0.0,,
94,9,1,False,0.0,0.0,,
94,10,2,False,0.0,0.0,,
94,11,1,True,15.213871457195937,9.64034682802076,1.032116174697876,56.83269500732422
94,12,1,False,17.98995062327655,6.083891035509966,3.4247589111328125,39.54829788208008
94,13,2,False,0.0,0.0,,
94,14,2,False,19.133486641646126,8.612153348360007,6.636168479919434,54.918724060058594
94,15,1,False,11.329297419470453,6.622904520882245,18.866344451904297,35.29204177856445
94,16,1,False,30.05849343353497,12.610757418036014,13.110465049743652,14.900821685791016
94,19,1,False,0.0,0.0,,
94,26,2,False,0.0,0.0,,
94,22,1,False,0.0,0.0,,
94,34,2,False,21.04517249676161,10.7689355598396,16.601543426513672,60.182594299316406
94,28,1,False,0.0,0.0,,
95,1,2,False,5.147903687752012,9.441514706944641,18.01194190979004,53.98798751831055
95,3,2,False,11.437395727012937,6.689493015489538,7.962679862976074,40.32825469970703
95,4,2,False,0.0,0.0,,
95,5,1,False,10.49697985534106,11.403986300549498,15.342535972595215,53.682769775390625
95,6,1,False,7.426952429989933,12.897658317086982,10.434661865234375,62.933753967285156
95,7,2,False,4.838663064072343,6.9154301221128796,21.579885482788086,40.79841613769531
95,8,2,False,0.0,0.0,,
95,9,1,False,0.0,0.0,,
95,10,2,False,0.0,0.0,,
95,11,1,True,19.175369021783485,10.750032535299898,1.0792237520217896,56.64457702636719
95,12,1,False,17.587249142121884,7.101671657160538,3.658396005630493,39.2487907409668
95,13,2,False,0.0,0.0,,
95,14,2,False,14.415123339907506,9.446361874975025,6.70371150970459,54.77456283569336
95,15,1,False,5.261727154055131,6.9274026200752505,19.014694213867188,35.37507629394531
95,16,1,False,26.333102963426672,14.134663839530614,13.471378326416016,14.866849899291992
95,19,1,False,0.0,0.0,,
95,26,2,False,0.0,0.0,,
95,22,1,False,0.0,0.0,,
95,34,2,False,14.29795121140341,11.596363291981001,16.828346252441406,60.02943420410156
95,28,1,False,0.0,0.0,,
96,1,2,False,5.147903687752012,9.441514706944641,18.053287506103516,53.959163665771484
96,3,2,False,11.437395727012937,6.689493015489538,8.096087455749512,40.301265716552734
96,4,2,False,0.0,0.0,,
96,5,1,False,10.49697985534106,11.403986300549498,15.414711952209473,53.59099197387695
96,6,1,False,7.426952429989933,12.897658317086982,10.477909088134766,62.82022476196289
96,7,2,False,4.838663064072343,6.9154301221128796,21.63259506225586,40.856956481933594
96,8,2,False,0.0,0.0,,
96,9,1,False,0.0,0.0,,
96,10,2,False,0.0,0.0,,
96,11,1,True,19.175369021783485,10.750032535299898,1.1019998788833618,56.50632095336914
96,12,1,False,17.587249142121884,7.101671657160538,3.85723876953125,39.23349380493164
96,13,2,False,0.0,0.0,,
96,14,2,False,14.415123339907506,9.446361874975025,6.644112586975098,54.729888916015625
96,15,1,False,5.261727154055131,6.9274026200752505,19.075403213500977,35.55815887451172
96,16,1,False,26.333102963426672,14.134663839530614,13.748044967651367,15.174860000610352
96,19,1,False,0.0,0.0,,
96,26,2,False,0.0,0.0,,
96,22,1,False,0.0,0.0,,
96,34,2,False,14.29795121140341,11.596363291981001,16.98455047607422,59.973819732666016
96,28,1,False,0.0,0.0,,
97,1,2,False,5.147903687752012,9.441514706944641,17.836814880371094,53.91188049316406
97,3,2,False,11.437395727012937,6.689493015489538,7.968649387359619,40.07451248168945
97,4,2,False,0.0,0.0,,
97,5,1,False,10.49697985534106,11.403986300549498,15.231884002685547,53.4808235168457
97,6,1,False,7.426952429989933,12.897658317086982,10.353569984436035,62.74285888671875
97,7,2,False,4.838663064072343,6.9154301221128796,21.416606903076172,40.60154342651367
97,8,2,False,0.0,0.0,,
97,9,1,False,0.0,0.0,,
97,10,2,False,0.0,0.0,,
97,11,1,True,19.175369021783485,10.750032535299898,1.0061231851577759,56.312461853027344
97,12,1,False,17.587249142121884,7.101671657160538,3.7878689765930176,38.91786193847656
97,13,2,False,0.0,0.0,,
97,14,2,False,14.415123339907506,9.446361874975025,6.431251525878906,54.49455261230469
97,15,1,False,5.261727154055131,6.9274026200752505,18.8205623626709,35.503387451171875
97,16,1,False,26.333102963426672,14.134663839530614,13.653501510620117,15.144988059997559
97,19,1,False,0.0,0.0,,
97,26,2,False,0.0,0.0,,
97,22,1,False,0.0,0.0,,
97,34,2,False,14.29795121140341,11.596363291981001,16.95395851135254,59.792686462402344
97,28,1,False,0.0,0.0,,
98,1,2,False,5.147903687752012,9.441514706944641,18.01580238342285,53.8753662109375
98,3,2,False,11.437395727012937,6.689493015489538,8.28083610534668,40.03186798095703
98,4,2,False,0.0,0.0,,
98,5,1,False,10.49697985534106,11.403986300549498,15.44623851776123,53.451416015625
98,6,1,False,7.426952429989933,12.897658317086982,10.592350959777832,62.74132537841797
98,7,2,False,4.838663064072343,6.9154301221128796,21.689645767211914,40.54505920410156
98,8,2,False,0.0,0.0,,
98,9,1,False,0.0,0.0,,
98,10,2,False,0.0,0.0,,
98,11,1,True,19.175369021783485,10.750032535299898,1.278275966644287,56.07878494262695
98,12,1,False,17.587249142121884,7.101671657160538,4.140173435211182,38.8817138671875
98,13,2,False,0.0,0.0,,
98,14,2,False,14.415123339907506,9.446361874975025,6.627401828765869,54.40513610839844
98,15,1,False,5.261727154055131,6.9274026200752505,19.08260154724121,35.548099517822266
98,16,1,False,26.333102963426672,14.134663839530614,14.175600051879883,15.404995918273926
98,19,1,False,0.0,0.0,,
98,26,2,False,0.0,0.0,,
98,22,1,False,0.0,0.0,,
98,34,2,False,14.29795121140341,11.596363291981001,17.253061294555664,59.7364501953125
98,28,1,False,0.0,0.0,,
98,81,2,False,0.0,0.0,21.033092498779297,29.596357345581055
99,1,2,False,5.147903687752012,9.441514706944641,17.228212356567383,53.658233642578125
99,3,2,False,11.437395727012937,6.689493015489538,7.419981002807617,39.6834831237793
99,4,2,False,0.0,0.0,,
99,5,1,False,10.49697985534106,11.403986300549498,14.711641311645508,53.17490768432617
99,6,1,False,7.426952429989933,12.897658317086982,9.99985122680664,62.57686996459961
99,7,2,False,4.838663064072343,6.9154301221128796,20.75136947631836,40.27672576904297
99,8,2,False,0.0,0.0,,
99,9,1,False,0.0,0.0,,
99,10,2,False,0.0,0.0,,
99,11,1,True,19.175369021783485,10.750032535299898,0.6526343822479248,55.61207580566406
99,12,1,False,17.587249142121884,7.101671657160538,3.362475872039795,38.64667510986328
99,13,2,False,0.0,0.0,,
99,14,2,False,14.415123339907506,9.446361874975025,5.939223289489746,54.02060317993164
99,15,1,False,5.261727154055131,6.9274026200752505,18.094545364379883,35.379512786865234
99,16,1,False,26.333102963426672,14.134663839530614,13.151813507080078,15.249187469482422
99,19,1,False,0.0,0.0,,
99,26,2,False,0.0,0.0,,
99,22,1,False,0.0,0.0,,
99,34,2,False,14.29795121140341,11.596363291981001,16.696094512939453,59.515533447265625
99,28,1,False,0.0,0.0,,
99,81,2,False,0.0,0.0,20.018964767456055,29.293548583984375
100,1,2,False,16.28170735501831,10.383743141841535,18.08991813659668,53.700462341308594
100,3,2,False,13.460285839663364,7.468444742321909,8.466029167175293,39.8984489440918
100,4,2,False,0.0,0.0,,
100,5,1,False,14.292315416859731,12.231087887173326,15.65732479095459,53.163230895996094
100,6,1,False,11.95279439320743,13.589370955582783,10.749553680419922,62.64122772216797
100,7,2,False,4.896900667348464,7.198815577399249,21.767797470092773,40.590816497802734
100,8,2,False,0.0,0.0,,
100,9,1,False,0.0,0.0,,
100,10,2,False,0.0,0.0,,
100,11,1,True,14.055243268036945,11.56341466886685,1.4976884126663208,55.616817474365234
100,12,1,False,18.698548691415265,8.183763595321144,4.502144813537598,38.67961120605469
100,13,2,False,0.0,0.0,,
100,14,2,False,14.950682900061633,10.311563431691555,6.793442249298096,53.945194244384766
100,15,1,False,10.491502158487679,7.534549735728473,19.290782928466797,35.50350570678711
100,16,1,False,27.784962304574975,15.742589898823146,14.729928016662598,15.726119041442871
100,19,1,False,0.0,0.0,,
100,26,2,False,0.0,0.0,,
100,22,1,False,0.0,0.0,,
100,34,2,False,17.709286739672653,12.621206274600947,17.589664459228516,59.70534896850586
100,28,1,False,0.0,0.0,,
100,81,2,False,0.0,0.0,21.315296173095703,29.414203643798828
101,1,2,False,16.28170735501831,10.383743141841535,18.204429626464844,53.52774429321289
101,3,2,False,13.460285839663364,7.468444742321909,8.605238914489746,39.749656677246094
101,4,2,False,0.0,0.0,,
101,5,1,False,14.292315416859731,12.231087887173326,15.823408126831055,53.000335693359375
101,6,1,False,11.95279439320743,13.589370955582783,10.825485229492188,62.521114349365234
101,7,2,False,4.896900667348464,7.198815577399249,21.74983787536621,40.61262893676758
101,8,2,False,0.0,0.0,,
101,9,1,False,0.0,0.0,,
101,10,2,False,0.0,0.0,,
101,11,1,True,14.055243268036945,11.56341466886685,1.587559461593628,55.413307189941406
101,12,1,False,18.698548691415265,8.183763595321144,4.677115440368652,38.635597229003906
101,13,2,False,0.0,0.0,,
101,14,2,False,14.950682900061633,10.311563431691555,6.838212490081787,53.645450592041016
101,15,1,False,10.491502158487679,7.534549735728473,19.471817016601562,35.32908248901367
101,16,1,False,27.784962304574975,15.742589898823146,15.073622703552246,15.647262573242188
101,19,1,False,0.0,0.0,,
101,26,2,False,0.0,0.0,,
101,22,1,False,0.0,0.0,,
101,34,2,False,17.709286739672653,12.621206274600947,17.81359100341797,59.53255081176758
101,28,1,False,0.0,0.0,,
102,1,2,False,16.28170735501831,10.383743141841535,18.29180335998535,53.39999771118164
102,3,2,False,13.460285839663364,7.468444742321909,8.6751070022583,39.659332275390625
102,4,2,False,0.0,0.0,,
102,5,1,False,14.292315416859731,12.231087887173326,15.944812774658203,52.87905502319336
102,6,1,False,11.95279439320743,13.589370955582783,10.916589736938477,62.439002990722656
102,7,2,False,4.896900667348464,7.198815577399249,21.74366569519043,40.60762023925781
102,8,2,False,0.0,0.0,,
102,9,1,False,0.0,0.0,,
102,10,2,False,0.0,0.0,,
102,11,1,True,14.055243268036945,11.56341466886685,1.6513746976852417,55.364498138427734
102,12,1,False,18.698548691415265,8.183763595321144,4.8112077713012695,38.55616760253906
102,13,2,False,0.0,0.0,,
102,14,2,False,14.950682900061633,10.311563431691555,6.809267044067383,53.37577819824219
102,15,1,False,10.491502158487679,7.534549735728473,19.567602157592773,35.34168243408203
102,16,1,False,27.784962304574975,15.742589898823146,15.315603256225586,15.679949760437012
102,19,1,False,0.0,0.0,,
102,26,2,False,0.0,0.0,,
102,22,1,False,0.0,0.0,,
102,34,2,False,17.709286739672653,12.621206274600947,17.948989868164062,59.49904251098633
102,28,1,False,0.0,0.0,,
103,1,2,False,16.28170735501831,10.383743141841535,18.447542190551758,53.19635772705078
103,3,2,False,13.460285839663364,7.468444742321909,8.83228588104248,39.46121597290039
103,4,2,False,0.0,0.0,,
103,5,1,False,14.292315416859731,12.231087887173326,16.07744789123535,52.74245834350586
103,6,1,False,11.95279439320743,13.589370955582783,11.01577091217041,62.346473693847656
103,7,2,False,4.896900667348464,7.198815577399249,21.82558822631836,40.48948669433594
103,8,2,False,0.0,0.0,,
103,9,1,False,0.0,0.0,,
103,10,2,False,0.0,0.0,,
103,11,1,True,14.055243268036945,11.56341466886685,1.7552423477172852,55.25008010864258
103,12,1,False,18.698548691415265,8.183763595321144,5.024555683135986,38.467227935791016
103,13,2,False,0.0,0.0,,
103,14,2,False,14.950682900061633,10.311563431691555,6.799793720245361,53.22432327270508
103,15,1,False,10.491502158487679,7.534549735728473,19.678359985351562,35.32928466796875
103,16,1,False,27.784962304574975,15.742589898823146,15.584240913391113,15.852729797363281
103,19,1,False,0.0,0.0,,
103,26,2,False,0.0,0.0,,
103,22,1,False,0.0,0.0,,
103,34,2,False,17.709286739672653,12.621206274600947,18.127626419067383,59.402000427246094
103,28,1,False,0.0,0.0,,
104,1,2,False,16.28170735501831,10.383743141841535,17.883705139160156,52.86797332763672
104,3,2,False,13.460285839663364,7.468444742321909,8.138978004455566,39.32814025878906
104,4,2,False,0.0,0.0,,
104,5,1,False,14.292315416859731,12.231087887173326,15.513993263244629,52.486427307128906
104,6,1,False,11.95279439320743,13.589370955582783,10.529932975769043,62.09694290161133
104,7,2,False,4.896900667348464,7.198815577399249,21.034177780151367,40.33906173706055
104,8,2,False,0.0,0.0,,
104,9,1,False,0.0,0.0,,
104,10,2,False,0.0,0.0,,
104,11,1,True,14.055243268036945,11.56341466886685,1.2177536487579346,54.962005615234375
104,12,1,False,18.698548691415265,8.183763595321144,4.427676200866699,38.15013885498047
104,13,2,False,0.0,0.0,,
104,14,2,False,14.950682900061633,10.311563431691555,6.1463623046875,53.0274543762207
104,15,1,False,10.491502158487679,7.534549735728473,18.869915008544922,35.29547882080078
104,16,1,False,27.784962304574975,15.742589898823146,14.729302406311035,15.878479957580566
104,19,1,False,0.0,0.0,,
104,26,2,False,0.0,0.0,,
104,22,1,False,0.0,0.0,,
104,34,2,False,17.709286739672653,12.621206274600947,17.67600440979004,59.1925048828125
104,28,1,False,0.0,0.0,,
105,1,2,False,9.142699923349564,10.912834572590931,18.72649574279785,53.005794525146484
105,3,2,False,12.36180703137012,8.183827093674346,9.179180145263672,39.58510971069336
105,4,2,False,0.0,0.0,,
105,5,1,False,13.18502111596192,12.994109942495196,16.337392807006836,52.692481994628906
105,6,1,False,11.9697902143463,14.28206714854264,11.26247501373291,62.17713928222656
105,7,2,False,8.729535935732292,7.703997055161534,22.030874252319336,40.485469818115234
105,8,2,False,0.0,0.0,,
105,9,1,False,0.0,0.0,,
105,10,2,False,0.0,0.0,,
105,11,1,True,26.389769741453446,13.090600417793553,1.997376561164856,54.97502136230469
105,12,1,False,18.41911795022426,9.24968477299616,5.521300315856934,38.315956115722656
105,13,2,False,0.0,0.0,,
105,14,2,False,21.60357280328432,11.561770191140878,6.923079013824463,53.089759826660156
105,15,1,False,10.035412863393312,8.115302794952623,19.874637603759766,35.67006301879883
105,16,1,False,29.373570804734435,17.442449320393425,16.184980392456055,16.4104061126709
105,19,1,False,0.0,0.0,,
105,26,2,False,0.0,0.0,,
105,22,1,False,0.0,0.0,,
105,34,2,False,19.512640910709155,13.750410031007727,18.522541046142578,59.28103256225586
105,28,1,False,0.0,0.0,,
106,1,2,False,9.142699923349564,10.912834572590931,18.878284454345703,52.9566650390625
106,3,2,False,12.36180703137012,8.183827093674346,9.365622520446777,39.51077651977539
106,4,2,False,0.0,0.0,,
106,5,1,False,13.18502111596192,12.994109942495196,16.505332946777344,52.64695358276367
106,6,1,False,11.9697902143463,14.28206714854264,11.411474227905273,62.052433013916016
106,7,2,False,8.729535935732292,7.703997055161534,22.220705032348633,40.300960540771484
106,8,2,False,0.0,0.0,,
106,9,1,False,0.0,0.0,,
106,10,2,False,0.0,0.0,,
106,11,1,True,26.389769741453446,13.090600417793553,2.1643424034118652,54.761199951171875
106,12,1,False,18.41911795022426,9.24968477299616,5.799534320831299,38.1550407409668
106,13,2,False,0.0,0.0,,
106,14,2,False,21.60357280328432,11.561770191140878,7.060527324676514,52.91111373901367
106,15,1,False,10.035412863393312,8.115302794952623,19.996788024902344,35.79901885986328
106,16,1,False,29.373570804734435,17.442449320393425,16.472742080688477,16.793228149414062
106,19,1,False,0.0,0.0,,
106,26,2,False,0.0,0.0,,
106,22,1,False,0.0,0.0,,
106,34,2,False,19.512640910709155,13.750410031007727,18.780818939208984,59.15019226074219
106,28,1,False,0.0,0.0,,
107,1,2,False,9.142699923349564,10.912834572590931,18.311203002929688,51.83546447753906
107,3,2,False,12.36180703137012,8.183827093674346,8.599514961242676,37.96418380737305
107,4,2,False,0.0,0.0,,
107,5,1,False,13.18502111596192,12.994109942495196,15.904569625854492,51.52571487426758
107,6,1,False,11.9697902143463,14.28206714854264,10.897379875183105,61.248104095458984
107,7,2,False,8.729535935732292,7.703997055161534,21.59490394592285,38.7073860168457
107,8,2,False,0.0,0.0,,
107,9,1,False,0.0,0.0,,
107,10,2,False,0.0,0.0,,
107,11,1,True,26.389769741453446,13.090600417793553,1.4822089672088623,53.53002166748047
107,12,1,False,18.41911795022426,9.24968477299616,5.033299446105957,36.69170379638672
107,13,2,False,0.0,0.0,,
107,14,2,False,21.60357280328432,11.561770191140878,6.374876499176025,51.63723373413086
107,15,1,False,10.035412863393312,8.115302794952623,19.249143600463867,34.26901626586914
107,16,1,False,29.373570804734435,17.442449320393425,15.728673934936523,14.391024589538574
107,19,1,False,0.0,0.0,,
107,26,2,False,0.0,0.0,,
107,22,1,False,0.0,0.0,,
107,34,2,False,19.512640910709155,13.750410031007727,18.39054298400879,58.125980377197266
107,28,1,False,0.0,0.0,,
108,1,2,False,9.142699923349564,10.912834572590931,19.099224090576172,52.923362731933594
108,3,2,False,12.36180703137012,8.183827093674346,9.773603439331055,39.480316162109375
108,4,2,False,0.0,0.0,,
108,5,1,False,13.18502111596192,12.994109942495196,16.832181930541992,52.489906311035156
108,6,1,False,11.9697902143463,14.28206714854264,11.727229118347168,62.01253890991211
108,7,2,False,8.729535935732292,7.703997055161534,22.493263244628906,40.2401237487793
108,8,2,False,0.0,0.0,,
108,9,1,False,0.0,0.0,,
108,10,2,False,0.0,0.0,,
108,11,1,True,26.389769741453446,13.090600417793553,2.4973134994506836,54.2107048034668
108,12,1,False,18.41911795022426,9.24968477299616,6.321522235870361,38.14336395263672
108,13,2,False,0.0,0.0,,
108,14,2,False,21.60357280328432,11.561770191140878,7.342605113983154,52.42337417602539
108,15,1,False,10.035412863393312,8.115302794952623,20.282211303710938,35.961246490478516
108,16,1,False,29.373570804734435,17.442449320393425,17.174842834472656,17.248411178588867
108,19,1,False,0.0,0.0,,
108,26,2,False,0.0,0.0,,
108,22,1,False,0.0,0.0,,
108,34,2,False,19.512640910709155,13.750410031007727,19.26280975341797,58.94508743286133
108,28,1,False,0.0,0.0,,
109,1,2,False,9.142699923349564,10.912834572590931,19.0527286529541,52.70347595214844
109,3,2,False,12.36180703137012,8.183827093674346,9.737594604492188,39.38322830200195
109,4,2,False,0.0,0.0,,
109,5,1,False,13.18502111596192,12.994109942495196,16.838735580444336,52.28053283691406
109,6,1,False,11.9697902143463,14.28206714854264,11.735445976257324,61.86745071411133
109,7,2,False,8.729535935732292,7.703997055161534,22.373872756958008,40.123348236083984
109,8,2,False,0.0,0.0,,
109,9,1,False,0.0,0.0,,
109,10,2,False,0.0,0.0,,
109,11,1,True,26.389769741453446,13.090600417793553,2.4934329986572266,53.84234619140625
109,12,1,False,18.41911795022426,9.24968477299616,6.351796627044678,38.056861877441406
109,13,2,False,0.0,0.0,,
109,14,2,False,21.60357280328432,11.561770191140878,7.307973384857178,52.08176040649414
109,15,1,False,10.035412863393312,8.115302794952623,20.28067970275879,35.73942565917969
109,16,1,False,29.373570804734435,17.442449320393425,17.262990951538086,17.106637954711914
109,19,1,False,0.0,0.0,,
109,26,2,False,0.0,0.0,,
109,22,1,False,0.0,0.0,,
109,34,2,False,19.512640910709155,13.750410031007727,19.312580108642578,58.78116989135742
109,28,1,False,0.0,0.0,,
110,1,2,False,17.287940591733502,11.913294097575509,19.150806427001953,52.689727783203125
110,3,2,False,19.015448334469273,9.284258131548725,9.884563446044922,39.465919494628906
110,4,2,False,0.0,0.0,,
110,5,1,False,16.906745207255465,13.972509549396554,16.975576400756836,52.27424240112305
110,6,1,False,14.092266562966026,15.09759183389947,11.854676246643066,61.81779861450195
110,7,2,False,14.54065235342196,8.54546999228086,22.444110870361328,40.19487762451172
110,8,2,False,0.0,0.0,,
110,9,1,False,0.0,0.0,,
110,10,2,False,0.0,0.0,,
110,11,1,True,20.00409894153362,14.248245032465638,2.644423484802246,53.59168243408203
110,12,1,False,23.69163478860349,10.620728452892195,6.552926540374756,38.04774856567383
110,13,2,False,0.0,0.0,,
110,14,2,False,13.339053812124774,12.33370617563884,7.385276794433594,51.92812728881836
110,15,1,False,12.281206614572026,8.826020770332947,20.432554244995117,35.83131790161133
110,16,1,False,25.311212635703416,18.90721857014478,17.549985885620117,17.4234619140625
110,19,1,False,0.0,0.0,,
110,26,2,False,0.0,0.0,,
110,22,1,False,0.0,0.0,,
110,34,2,False,17.57251362854599,14.767337903030064,19.50974464416504,58.732826232910156
110,28,1,False,0.0,0.0,,
111,1,2,False,17.287940591733502,11.913294097575509,19.46303939819336,52.55088806152344
111,3,2,False,19.015448334469273,9.284258131548725,10.275585174560547,39.36482620239258
111,4,2,False,0.0,0.0,,
111,5,1,False,16.906745207255465,13.972509549396554,17.33620834350586,52.07145309448242
111,6,1,False,14.092266562966026,15.09759183389947,12.111000061035156,61.730770111083984
111,7,2,False,14.54065235342196,8.54546999228086,22.729814529418945,40.27759552001953
111,8,2,False,0.0,0.0,,
111,9,1,False,0.0,0.0,,
111,10,2,False,0.0,0.0,,
111,11,1,True,20.00409894153362,14.248245032465638,2.9373462200164795,53.412994384765625
111,12,1,False,23.69163478860349,10.620728452892195,6.962062358856201,37.9464225769043
111,13,2,False,0.0,0.0,,
111,14,2,False,13.339053812124774,12.33370617563884,7.59156608581543,51.780147552490234
111,15,1,False,12.281206614572026,8.826020770332947,20.834375381469727,35.820064544677734
111,16,1,False,25.311212635703416,18.90721857014478,18.10165786743164,17.564504623413086
111,19,1,False,0.0,0.0,,
111,26,2,False,0.0,0.0,,
111,22,1,False,0.0,0.0,,
111,34,2,False,17.57251362854599,14.767337903030064,19.869266510009766,58.700138092041016
111,28,1,False,0.0,0.0,,
112,1,2,False,17.287940591733502,11.913294097575509,19.500715255737305,52.34320831298828
112,3,2,False,19.015448334469273,9.284258131548725,10.32191276550293,39.179386138916016
112,4,2,False,0.0,0.0,,
112,5,1,False,16.906745207255465,13.972509549396554,17.350936889648438,51.93328094482422
112,6,1,False,14.092266562966026,15.09759183389947,12.121953964233398,61.583587646484375
112,7,2,False,14.54065235342196,8.54546999228086,22.66199493408203,40.16881561279297
112,8,2,False,0.0,0.0,,
112,9,1,False,0.0,0.0,,
112,10,2,False,0.0,0.0,,
112,11,1,True,20.00409894153362,14.248245032465638,2.9960501194000244,53.30217742919922
112,12,1,False,23.69163478860349,10.620728452892195,7.0191168785095215,37.86270523071289
112,13,2,False,0.0,0.0,,
112,14,2,False,13.339053812124774,12.33370617563884,7.507462501525879,51.63082504272461
112,15,1,False,12.281206614572026,8.826020770332947,20.787015914916992,35.82204818725586
112,16,1,False,25.311212635703416,18.90721857014478,18.137678146362305,17.585752487182617
112,19,1,False,0.0,0.0,,
112,26,2,False,0.0,0.0,,
112,22,1,False,0.0,0.0,,
112,34,2,False,17.57251362854599,14.767337903030064,19.907434463500977,58.65242385864258
112,28,1,False,0.0,0.0,,
113,1,2,False,17.287940591733502,11.913294097575509,19.28054428100586,51.5704345703125
113,3,2,False,19.015448334469273,9.284258131548725,9.993705749511719,38.11429977416992
113,4,2,False,0.0,0.0,,
113,5,1,False,16.906745207255465,13.972509549396554,17.12322425842285,51.08464431762695
113,6,1,False,14.092266562966026,15.09759183389947,11.905715942382812,61.03374481201172
113,7,2,False,14.54065235342196,8.54546999228086,22.363771438598633,39.17485046386719
113,8,2,False,0.0,0.0,,
113,9,1,False,0.0,0.0,,
113,10,2,False,0.0,0.0,,
113,11,1,True,20.00409894153362,14.248245032465638,2.699636936187744,52.612857818603516
113,12,1,False,23.69163478860349,10.620728452892195,6.717498302459717,36.78609848022461
113,13,2,False,0.0,0.0,,
113,14,2,False,13.339053812124774,12.33370617563884,7.1433634757995605,50.943382263183594
113,15,1,False,12.281206614572026,8.826020770332947,20.42707061767578,34.95933151245117
113,16,1,False,25.311212635703416,18.90721857014478,17.851369857788086,16.178722381591797
113,19,1,False,0.0,0.0,,
113,26,2,False,0.0,0.0,,
113,22,1,False,0.0,0.0,,
113,34,2,False,17.57251362854599,14.767337903030064,19.75117301940918,58.086090087890625
113,28,1,False,0.0,0.0,,
114,1,2,False,17.287940591733502,11.913294097575509,19.812631607055664,52.18809509277344
114,3,2,False,19.015448334469273,9.284258131548725,10.719417572021484,38.95671844482422
114,4,2,False,0.0,0.0,,
114,5,1,False,16.906745207255465,13.972509549396554,17.691341400146484,51.70943832397461
114,6,1,False,14.092266562966026,15.09759183389947,12.418395042419434,61.44180679321289
114,7,2,False,14.54065235342196,8.54546999228086,23.0003604888916,39.92243194580078
114,8,2,False,0.0,0.0,,
114,9,1,False,0.0,0.0,,
114,10,2,False,0.0,0.0,,
114,11,1,True,20.00409894153362,14.248245032465638,3.416058301925659,53.068729400634766
114,12,1,False,23.69163478860349,10.620728452892195,7.577188968658447,37.5596923828125
114,13,2,False,0.0,0.0,,
114,14,2,False,13.339053812124774,12.33370617563884,7.7632551193237305,51.547813415527344
114,15,1,False,12.281206614572026,8.826020770332947,21.00736427307129,36.107723236083984
114,16,1,False,25.311212635703416,18.90721857014478,18.718830108642578,17.872926712036133
114,19,1,False,0.0,0.0,,
114,26,2,False,0.0,0.0,,
114,22,1,False,0.0,0.0,,
114,34,2,False,17.57251362854599,14.767337903030064,20.320049285888672,58.55752182006836
114,28,1,False,0.0,0.0,,
115,1,2,False,12.012960864153948,12.608488592028863,19.915966033935547,52.04517364501953
115,3,2,False,20.52425475132873,10.472004355583952,10.864391326904297,38.96503448486328
115,4,2,False,0.0,0.0,,
115,5,1,False,18.094457139644785,15.01964248571859,17.776723861694336,51.71261215209961
115,6,1,False,17.444841320777407,16.1071312621852,12.522311210632324,61.349456787109375
115,7,2,False,0.0,0.0,23.134126663208008,39.713260650634766
115,8,2,False,0.0,0.0,,
115,9,1,False,0.0,0.0,,
115,10,2,False,0.0,0.0,,
115,11,1,True,32.71980351558344,16.1417521803582,3.5662684440612793,52.89143753051758
115,12,1,False,23.692386195225836,11.991815616967763,7.79945182800293,37.47684097290039
115,13,2,False,0.0,0.0,,
115,14,2,False,15.735478618893348,13.244324151269241,7.8966755867004395,51.349891662597656
115,15,1,False,18.074765078905916,9.87201411980667,21.089731216430664,36.10194396972656
115,16,1,False,33.196146005097724,20.828291834328677,18.942045211791992,17.87922477722168
115,19,1,False,0.0,0.0,,
115,26,2,False,0.0,0.0,,
115,22,1,False,0.0,0.0,,
115,34,2,False,22.19669551633541,16.051868893558733,20.488685607910156,58.45747756958008
115,28,1,False,0.0,0.0,,
116,1,2,False,12.012960864153948,12.608488592028863,20.2139949798584,52.084228515625
116,3,2,False,20.52425475132873,10.472004355583952,11.253935813903809,39.01148986816406
116,4,2,False,0.0,0.0,,
116,5,1,False,18.094457139644785,15.01964248571859,18.069211959838867,51.67591857910156
116,6,1,False,17.444841320777407,16.1071312621852,12.83545207977295,61.295040130615234
116,7,2,False,0.0,0.0,,
116,8,2,False,0.0,0.0,,
116,9,1,False,0.0,0.0,,
116,10,2,False,0.0,0.0,,
116,11,1,True,32.71980351558344,16.1417521803582,3.9301114082336426,52.684268951416016
116,12,1,False,23.692386195225836,11.991815616967763,8.24498176574707,37.4275016784668
116,13,2,False,0.0,0.0,,
116,14,2,False,15.735478618893348,13.244324151269241,8.233685493469238,51.18501663208008
116,15,1,False,18.074765078905916,9.87201411980667,21.410877227783203,36.24790573120117
116,16,1,False,33.196146005097724,20.828291834328677,19.489543914794922,18.10053253173828
116,19,1,False,0.0,0.0,,
116,26,2,False,0.0,0.0,,
116,22,1,False,0.0,0.0,,
116,34,2,False,22.19669551633541,16.051868893558733,20.850645065307617,58.45233154296875
116,28,1,False,0.0,0.0,,
117,1,2,False,12.012960864153948,12.608488592028863,20.33955955505371,52.03314208984375
117,3,2,False,20.52425475132873,10.472004355583952,11.47162914276123,39.051109313964844
117,4,2,False,0.0,0.0,,
117,5,1,False,18.094457139644785,15.01964248571859,18.22929573059082,51.556392669677734
117,6,1,False,17.444841320777407,16.1071312621852,13.0341215133667,61.28223419189453
117,7,2,False,0.0,0.0,,
117,8,2,False,0.0,0.0,,
117,9,1,False,0.0,0.0,,
117,10,2,False,0.0,0.0,,
117,11,1,True,32.71980351558344,16.1417521803582,4.162641525268555,52.39830780029297
117,12,1,False,23.692386195225836,11.991815616967763,8.519176483154297,37.37175750732422
117,13,2,False,0.0,0.0,,
117,14,2,False,15.735478618893348,13.244324151269241,8.39124870300293,51.00102615356445
117,15,1,False,18.074765078905916,9.87201411980667,21.56871223449707,36.276119232177734
117,16,1,False,33.196146005097724,20.828291834328677,19.805133819580078,18.152456283569336
117,19,1,False,0.0,0.0,,
117,26,2,False,0.0,0.0,,
117,22,1,False,0.0,0.0,,
117,34,2,False,22.19669551633541,16.051868893558733,21.09461212158203,58.315093994140625
117,28,1,False,0.0,0.0,,
118,1,2,False,12.012960864153948,12.608488592028863,20.380434036254883,52.13085174560547
118,3,2,False,20.52425475132873,10.472004355583952,11.591158866882324,39.09311294555664
118,4,2,False,0.0,0.0,,
118,5,1,False,18.094457139644785,15.01964248571859,18.3513240814209,51.59449768066406
118,6,1,False,17.444841320777407,16.1071312621852,13.179536819458008,61.26906204223633
118,7,2,False,0.0,0.0,,
118,8,2,False,0.0,0.0,,
118,9,1,False,0.0,0.0,,
118,10,2,False,0.0,0.0,,
118,11,1,True,32.71980351558344,16.1417521803582,4.3775506019592285,52.11846160888672
118,12,1,False,23.692386195225836,11.991815616967763,8.729410171508789,37.53594207763672
118,13,2,False,0.0,0.0,,
118,14,2,False,15.735478618893348,13.244324151269241,8.463025093078613,50.88535690307617
118,15,1,False,18.074765078905916,9.87201411980667,21.720046997070312,36.32602310180664
118,16,1,False,33.196146005097724,20.828291834328677,19.993906021118164,18.560379028320312
118,19,1,False,0.0,0.0,,
118,26,2,False,0.0,0.0,,
118,22,1,False,0.0,0.0,,
118,34,2,False,22.19669551633541,16.051868893558733,21.260848999023438,58.235862731933594
118,28,1,False,0.0,0.0,,
119,1,2,False,12.012960864153948,12.608488592028863,20.222299575805664,50.687557220458984
119,3,2,False,20.52425475132873,10.472004355583952,11.307576179504395,37.09972381591797
119,4,2,False,0.0,0.0,,
119,5,1,False,18.094457139644785,15.01964248571859,18.247028350830078,49.99982833862305
119,6,1,False,17.444841320777407,16.1071312621852,13.01569652557373,60.19597625732422
119,7,2,False,0.0,0.0,,
119,8,2,False,0.0,0.0,,
119,9,1,False,0.0,0.0,,
119,10,2,False,0.0,0.0,,
119,11,1,True,32.71980351558344,16.1417521803582,4.084710597991943,50.44331741333008
119,12,1,False,23.692386195225836,11.991815616967763,8.369818687438965,35.47990417480469
119,13,2,False,0.0,0.0,,
119,14,2,False,15.735478618893348,13.244324151269241,8.08072566986084,49.456661224365234
119,15,1,False,18.074765078905916,9.87201411980667,21.66269302368164,34.11425018310547
119,16,1,False,33.196146005097724,20.828291834328677,19.872419357299805,15.64680290222168
119,19,1,False,0.0,0.0,,
119,26,2,False,0.0,0.0,,
119,22,1,False,0.0,0.0,,
119,34,2,False,22.19669551633541,16.051868893558733,21.30539321899414,56.946998596191406
119,28,1,False,0.0,0.0,,
119,91,1,False,0.0,0.0,,
120,1,2,False,21.3034308065375,13.841326022962745,20.600038528442383,51.92131805419922
120,3,2,False,12.86058846246192,11.216251373087536,12.044544219970703,38.8309440612793
120,4,2,False,0.0,0.0,,
120,5,1,False,19.005846502623992,16.11951786202785,18.721393585205078,51.2608528137207
120,6,1,False,13.990989278680182,16.9167949935903,13.501622200012207,61.10426330566406
120,7,2,False,0.0,0.0,,
120,8,2,False,0.0,0.0,,
120,9,1,False,0.0,0.0,,
120,10,2,False,0.0,0.0,,
120,11,1,True,21.588172314587037,17.391067707822728,4.858651638031006,51.50756072998047
120,12,1,False,16.49838632122643,12.94658334389059,9.16619873046875,37.36783218383789
120,13,2,False,0.0,0.0,,
120,14,2,False,25.00349025160405,14.691285392681513,8.639013290405273,50.82248306274414
120,15,1,False,10.792628625395658,10.496587535628178,22.126262664794922,36.24231719970703
120,16,1,False,8.866375126560198,21.341392246745354,20.54745101928711,18.93430519104004
120,19,1,False,0.0,0.0,,
120,26,2,False,0.0,0.0,,
120,22,1,False,0.0,0.0,,
120,34,2,False,12.014139681924831,16.747131606633086,21.707637786865234,58.05229187011719
120,28,1,False,0.0,0.0,,
120,91,1,False,0.0,0.0,,
121,1,2,False,21.3034308065375,13.841326022962745,20.71363639831543,51.82346725463867
121,3,2,False,12.86058846246192,11.216251373087536,12.218045234680176,38.802433013916016
121,4,2,False,0.0,0.0,,
121,5,1,False,19.005846502623992,16.11951786202785,18.852388381958008,51.16535568237305
121,6,1,False,13.990989278680182,16.9167949935903,13.602252006530762,61.04055404663086
121,7,2,False,0.0,0.0,,
121,8,2,False,0.0,0.0,,
121,9,1,False,0.0,0.0,,
121,10,2,False,0.0,0.0,,
121,11,1,True,21.588172314587037,17.391067707822728,5.034462928771973,51.43254089355469
121,12,1,False,16.49838632122643,12.94658334389059,9.36279582977295,37.34201431274414
121,13,2,False,0.0,0.0,,
121,14,2,False,25.00349025160405,14.691285392681513,8.76119613647461,50.80408477783203
121,15,1,False,10.792628625395658,10.496587535628178,22.190275192260742,36.41923904418945
121,16,1,False,8.866375126560198,21.341392246745354,20.782136917114258,19.214025497436523
121,19,1,False,0.0,0.0,,
121,26,2,False,0.0,0.0,,
121,22,1,False,0.0,0.0,,
121,34,2,False,12.014139681924831,16.747131606633086,21.86871910095215,58.04742431640625
121,91,1,False,0.0,0.0,,
122,1,2,False,21.3034308065375,13.841326022962745,20.861371994018555,51.599613189697266
122,3,2,False,12.86058846246192,11.216251373087536,12.375345230102539,38.69479751586914
122,4,2,False,0.0,0.0,,
122,5,1,False,19.005846502623992,16.11951786202785,18.993257522583008,50.93819808959961
122,6,1,False,13.990989278680182,16.9167949935903,13.719307899475098,60.887454986572266
122,7,2,False,0.0,0.0,,
122,8,2,False,0.0,0.0,,
122,9,1,False,0.0,0.0,,
122,10,2,False,0.0,0.0,,
122,11,1,True,21.588172314587037,17.391067707822728,5.212977409362793,51.23737716674805
122,12,1,False,16.49838632122643,12.94658334389059,9.596745491027832,37.13838577270508
122,13,2,False,0.0,0.0,,
122,14,2,False,25.00349025160405,14.691285392681513,8.859118461608887,50.58270263671875
122,15,1,False,10.792628625395658,10.496587535628178,22.326251983642578,36.291019439697266
122,16,1,False,8.866375126560198,21.341392246745354,21.035343170166016,19.033672332763672
122,19,1,False,0.0,0.0,,
122,26,2,False,0.0,0.0,,
122,22,1,False,0.0,0.0,,
122,34,2,False,12.014139681924831,16.747131606633086,22.044071197509766,57.936309814453125
122,91,1,False,0.0,0.0,,
122,28,1,False,0.0,0.0,,
123,1,2,False,21.3034308065375,13.841326022962745,20.266733169555664,51.169960021972656
123,3,2,False,12.86058846246192,11.216251373087536,11.653339385986328,38.23727035522461
123,4,2,False,0.0,0.0,,
123,5,1,False,19.005846502623992,16.11951786202785,18.367874145507812,50.500389099121094
123,6,1,False,13.990989278680182,16.9167949935903,13.205865859985352,60.61807632446289
123,7,2,False,0.0,0.0,23.27064323425293,39.044437408447266
123,8,2,False,0.0,0.0,,
123,9,1,False,0.0,0.0,,
123,10,2,False,0.0,0.0,,
123,11,1,True,21.588172314587037,17.391067707822728,4.644748687744141,50.76963424682617
123,12,1,False,16.49838632122643,12.94658334389059,8.904520034790039,36.678531646728516
123,13,2,False,0.0,0.0,,
123,14,2,False,25.00349025160405,14.691285392681513,8.196592330932617,50.080902099609375
123,15,1,False,10.792628625395658,10.496587535628178,21.494834899902344,35.89466857910156
123,16,1,False,8.866375126560198,21.341392246745354,20.122604370117188,18.691944122314453
123,19,1,False,0.0,0.0,,
123,26,2,False,0.0,0.0,,
123,22,1,False,0.0,0.0,,
123,34,2,False,12.014139681924831,16.747131606633086,21.546236038208008,57.578125
123,91,1,False,0.0,0.0,,
123,28,1,False,0.0,0.0,,
124,1,2,False,21.3034308065375,13.841326022962745,20.972332000732422,51.35025405883789
124,3,2,False,12.86058846246192,11.216251373087536,12.522710800170898,38.666866302490234
124,4,2,False,0.0,0.0,,
124,5,1,False,19.005846502623992,16.11951786202785,19.07850456237793,50.7593994140625
124,6,1,False,13.990989278680182,16.9167949935903,13.838617324829102,60.72208786010742
124,7,2,False,0.0,0.0,,
124,8,2,False,0.0,0.0,,
124,9,1,False,0.0,0.0,,
124,10,2,False,0.0,0.0,,
124,11,1,True,21.588172314587037,17.391067707822728,5.433513641357422,50.96323776245117
124,12,1,False,16.49838632122643,12.94658334389059,9.815896987915039,37.12187576293945
124,14,2,False,25.00349025160405,14.691285392681513,8.890588760375977,50.18389892578125
124,15,1,False,10.792628625395658,10.496587535628178,22.30931282043457,36.459815979003906
124,16,1,False,8.866375126560198,21.341392246745354,21.2027530670166,19.311492919921875
124,19,1,False,0.0,0.0,,
124,26,2,False,0.0,0.0,,
124,22,1,False,0.0,0.0,,
124,34,2,False,12.014139681924831,16.747131606633086,22.24270248413086,57.81537628173828
124,91,1,False,0.0,0.0,,
124,28,1,False,0.0,0.0,,
125,1,2,False,16.396644574591015,14.79020591732565,20.610633850097656,50.68852615356445
125,3,2,False,25.385181529713652,12.68530123013115,12.007418632507324,38.087623596191406
125,4,2,False,0.0,0.0,,
125,5,1,False,21.563620644674234,17.367412575261312,18.660879135131836,50.16264343261719
125,6,1,False,18.370950492320482,17.979928702636624,13.493966102600098,60.29463577270508
125,7,2,False,0.0,0.0,,
125,8,2,False,0.0,0.0,,
125,9,1,False,0.0,0.0,,
125,10,2,False,0.0,0.0,,
125,11,1,True,24.595088829184913,18.814394607659818,4.9844136238098145,50.264591217041016
125,12,1,False,26.273405615991134,14.467035057778965,9.35937786102295,36.43281173706055
125,14,2,False,17.972906318036223,15.731384137938239,8.46865177154541,49.38558578491211
125,15,1,False,21.393930151467888,11.734662197171458,21.79942512512207,35.710086822509766
125,16,1,False,31.101333743532283,23.141237949496066,20.639636993408203,18.429553985595703
125,19,1,False,0.0,0.0,,
125,26,2,False,0.0,0.0,,
125,22,1,False,0.0,0.0,,
125,34,2,False,23.660374051792036,18.116366216111793,21.942182540893555,57.39778518676758
125,91,1,False,0.0,0.0,,
125,28,1,False,0.0,0.0,,
126,1,2,False,16.396644574591015,14.79020591732565,20.3684139251709,51.02469253540039
126,3,2,False,25.385181529713652,12.68530123013115,11.86886978149414,38.47226333618164
126,4,2,False,0.0,0.0,,
126,5,1,False,21.563620644674234,17.367412575261312,18.489084243774414,50.43553161621094
126,6,1,False,18.370950492320482,17.979928702636624,13.398097038269043,60.433319091796875
126,7,2,False,0.0,0.0,23.293148040771484,39.14380645751953
126,8,2,False,0.0,0.0,,
126,9,1,False,0.0,0.0,,
126,10,2,False,0.0,0.0,,
126,11,1,True,24.595088829184913,18.814394607659818,4.964968681335449,50.32533264160156
126,12,1,False,26.273405615991134,14.467035057778965,9.298067092895508,36.95037078857422
126,14,2,False,17.972906318036223,15.731384137938239,8.35312557220459,49.581478118896484
126,15,1,False,21.393930151467888,11.734662197171458,21.494020462036133,36.22990036010742
126,16,1,False,31.101333743532283,23.141237949496066,20.34485626220703,19.384357452392578
126,19,1,False,0.0,0.0,,
126,26,2,False,0.0,0.0,,
126,22,1,False,0.0,0.0,,
126,34,2,False,23.660374051792036,18.116366216111793,21.849035263061523,57.56517028808594
126,91,1,False,0.0,0.0,,
126,28,1,False,0.0,0.0,,
126,13,2,False,0.0,0.0,,
127,1,2,False,16.396644574591015,14.79020591732565,21.394725799560547,51.19477081298828
127,3,2,False,25.385181529713652,12.68530123013115,13.1649808883667,38.67376708984375
127,4,2,False,0.0,0.0,,
127,5,1,False,21.563620644674234,17.367412575261312,19.577836990356445,50.61710739135742
127,6,1,False,18.370950492320482,17.979928702636624,14.316140174865723,60.597991943359375
127,7,2,False,0.0,0.0,,
127,8,2,False,0.0,0.0,,
127,9,1,False,0.0,0.0,,
127,10,2,False,0.0,0.0,,
127,11,1,True,24.595088829184913,18.814394607659818,6.067975997924805,50.44207763671875
127,12,1,False,26.273405615991134,14.467035057778965,10.619980812072754,37.26179122924805
127,14,2,False,17.972906318036223,15.731384137938239,9.397028923034668,49.60612487792969
127,15,1,False,21.393930151467888,11.734662197171458,22.80490493774414,36.42625045776367
127,16,1,False,31.101333743532283,23.141237949496066,21.94900131225586,19.763893127441406
127,19,1,False,0.0,0.0,,
127,26,2,False,0.0,0.0,,
127,22,1,False,0.0,0.0,,
127,34,2,False,23.660374051792036,18.116366216111793,22.895469665527344,57.74852752685547
127,91,1,False,0.0,0.0,,
127,28,1,False,0.0,0.0,,
127,13,2,False,0.0,0.0,,
128,1,2,False,16.396644574591015,14.79020591732565,21.258386611938477,51.15418243408203
128,3,2,False,25.385181529713652,12.68530123013115,13.115021705627441,38.539981842041016
128,4,2,False,0.0,0.0,,
128,5,1,False,21.563620644674234,17.367412575261312,19.560245513916016,50.36384201049805
128,6,1,False,18.370950492320482,17.979928702636624,14.292020797729492,60.47411346435547
128,7,2,False,0.0,0.0,,
128,8,2,False,0.0,0.0,,
128,9,1,False,0.0,0.0,,
128,10,2,False,0.0,0.0,,
128,11,1,True,24.595088829184913,18.814394607659818,6.0625996589660645,50.21124267578125
128,12,1,False,26.273405615991134,14.467035057778965,10.555809020996094,37.229888916015625
128,14,2,False,17.972906318036223,15.731384137938239,9.275242805480957,49.417640686035156
128,15,1,False,21.393930151467888,11.734662197171458,22.689128875732422,36.38352966308594
128,16,1,False,31.101333743532283,23.141237949496066,21.839513778686523,19.881818771362305
128,19,1,False,0.0,0.0,,
128,26,2,False,0.0,0.0,,
128,34,2,False,23.660374051792036,18.116366216111793,22.868301391601562,57.66717529296875
128,91,1,False,0.0,0.0,,
128,28,1,False,0.0,0.0,,
128,13,2,False,0.0,0.0,,
129,1,2,False,16.396644574591015,14.79020591732565,21.344303131103516,51.02833557128906
129,3,2,False,25.385181529713652,12.68530123013115,13.279474258422852,38.27176284790039
129,4,2,False,0.0,0.0,,
129,5,1,False,21.563620644674234,17.367412575261312,19.66389274597168,50.239501953125
129,6,1,False,18.370950492320482,17.979928702636624,14.385733604431152,60.3929328918457
129,7,2,False,0.0,0.0,,
129,8,2,False,0.0,0.0,,
129,9,1,False,0.0,0.0,,
129,10,2,False,0.0,0.0,,
129,11,1,True,24.595088829184913,18.814394607659818,6.195245742797852,50.03157043457031
129,12,1,False,26.273405615991134,14.467035057778965,10.701594352722168,37.06003952026367
129,14,2,False,17.972906318036223,15.731384137938239,9.354190826416016,49.29410171508789
129,15,1,False,21.393930151467888,11.734662197171458,22.79616928100586,36.30609893798828
129,16,1,False,31.101333743532283,23.141237949496066,21.997272491455078,19.76910972595215
129,19,1,False,0.0,0.0,,
129,34,2,False,23.660374051792036,18.116366216111793,23.046443939208984,57.520328521728516
129,91,1,False,0.0,0.0,,
129,28,1,False,0.0,0.0,,
129,13,2,False,0.0,0.0,,
130,1,2,False,8.24615215293228,15.267413796546268,21.55880355834961,50.7252311706543
130,3,2,False,8.114611751650859,13.154896817610945,13.45486831665039,37.836631774902344
130,4,2,False,0.0,0.0,,
130,5,1,False,5.57448838183597,17.690010282543486,19.869037628173828,49.850242614746094
130,6,1,False,6.299585292891034,18.344488036715966,14.551413536071777,60.1848258972168
130,7,2,False,0.0,0.0,,
130,8,2,False,0.0,0.0,,
130,9,1,False,0.0,0.0,,
130,10,2,False,0.0,0.0,,
130,11,1,False,8.429443341045411,19.302209615822168,6.304230213165283,49.731727600097656
130,12,1,False,10.35968709779101,15.066553987049279,10.85224723815918,36.721107482910156
130,14,2,False,6.9406586862963495,16.133042626728535,9.454791069030762,49.054927825927734
130,15,1,False,6.480336987414825,12.109681698757964,23.014541625976562,35.94740676879883
130,16,1,False,11.161823077241278,23.787176784984567,22.318164825439453,19.079160690307617
130,19,1,False,0.0,0.0,,
130,34,2,False,0.0,0.0,23.30694580078125,57.2872200012207
130,91,1,False,0.0,0.0,,
130,28,1,False,0.0,0.0,,
130,13,2,False,0.0,0.0,,
130,26,2,False,0.0,0.0,,
131,1,2,False,8.24615215293228,15.267413796546268,21.627822875976562,50.70656204223633
131,3,2,False,8.114611751650859,13.154896817610945,13.540640830993652,37.916053771972656
131,4,2,False,0.0,0.0,,
131,5,1,False,5.57448838183597,17.690010282543486,19.9180850982666,49.90727996826172
131,6,1,False,6.299585292891034,18.344488036715966,14.6124267578125,60.22984313964844
131,7,2,False,0.0,0.0,,
131,8,2,False,0.0,0.0,,
131,9,1,False,0.0,0.0,,
131,10,2,False,0.0,0.0,,
131,11,1,False,8.429443341045411,19.302209615822168,6.339688301086426,49.782386779785156
131,12,1,False,10.35968709779101,15.066553987049279,10.97514533996582,36.69943618774414
131,14,2,False,6.9406586862963495,16.133042626728535,9.44813060760498,49.099422454833984
131,15,1,False,6.480336987414825,12.109681698757964,23.071632385253906,36.02801513671875
131,16,1,False,11.161823077241278,23.787176784984567,22.449316024780273,19.20263671875
131,19,1,False,0.0,0.0,,
131,34,2,False,0.0,0.0,,
131,91,1,False,0.0,0.0,,
131,28,1,False,0.0,0.0,,
131,13,2,False,0.0,0.0,,
131,26,2,False,0.0,0.0,,
132,1,2,False,8.24615215293228,15.267413796546268,21.779462814331055,50.6650276184082
132,3,2,False,8.114611751650859,13.154896817610945,13.681510925292969,37.84624099731445
132,4,2,False,0.0,0.0,,
132,5,1,False,5.57448838183597,17.690010282543486,20.047460556030273,49.86058807373047
132,6,1,False,6.299585292891034,18.344488036715966,14.73202896118164,60.20443344116211
132,7,2,False,0.0,0.0,,
132,8,2,False,0.0,0.0,,
132,9,1,False,0.0,0.0,,
132,10,2,False,0.0,0.0,,
132,11,1,False,8.429443341045411,19.302209615822168,6.454757213592529,49.5915412902832
132,12,1,False,10.35968709779101,15.066553987049279,11.138071060180664,36.6318473815918
132,14,2,False,6.9406586862963495,16.133042626728535,9.473867416381836,49.112796783447266
132,15,1,False,6.480336987414825,12.109681698757964,23.17635726928711,36.17729949951172
132,16,1,False,11.161823077241278,23.787176784984567,22.67377471923828,19.087785720825195
132,19,1,False,0.0,0.0,,
132,34,2,False,0.0,0.0,,
132,91,1,False,0.0,0.0,,
132,28,1,False,0.0,0.0,,
132,13,2,False,0.0,0.0,,
132,26,2,False,0.0,0.0,,
133,1,2,False,8.24615215293228,15.267413796546268,21.883325576782227,50.53176498413086
133,3,2,False,8.114611751650859,13.154896817610945,13.751852035522461,37.86647033691406
133,4,2,False,0.0,0.0,,
133,5,1,False,5.57448838183597,17.690010282543486,20.10817527770996,49.877689361572266
133,6,1,False,6.299585292891034,18.344488036715966,14.799944877624512,60.221744537353516
133,7,2,False,0.0,0.0,,
133,8,2,False,0.0,0.0,,
133,9,1,False,0.0,0.0,,
133,10,2,False,0.0,0.0,,
133,11,1,False,8.429443341045411,19.302209615822168,6.496612071990967,49.53075408935547
133,12,1,False,10.35968709779101,15.066553987049279,11.244159698486328,36.54936218261719
133,14,2,False,6.9406586862963495,16.133042626728535,9.52682113647461,48.97491455078125
133,15,1,False,6.480336987414825,12.109681698757964,23.198457717895508,36.18949890136719
133,16,1,False,11.161823077241278,23.787176784984567,22.728927612304688,19.27949333190918
133,19,1,False,0.0,0.0,,
133,34,2,False,0.0,0.0,,
133,91,1,False,0.0,0.0,,
133,28,1,False,0.0,0.0,,
133,13,2,False,0.0,0.0,,
133,26,2,False,0.0,0.0,,
134,1,2,False,8.24615215293228,15.267413796546268,21.911697387695312,50.52418518066406
134,3,2,False,8.114611751650859,13.154896817610945,13.821149826049805,37.75408172607422
134,4,2,False,0.0,0.0,,
134,5,1,False,5.57448838183597,17.690010282543486,20.136259078979492,49.86994171142578
134,6,1,False,6.299585292891034,18.344488036715966,14.86838150024414,60.170982360839844
134,7,2,False,0.0,0.0,,
134,8,2,False,0.0,0.0,,
134,9,1,False,0.0,0.0,,
134,10,2,False,0.0,0.0,,
134,11,1,False,8.429443341045411,19.302209615822168,6.527493476867676,49.37606430053711
134,12,1,False,10.35968709779101,15.066553987049279,11.299117088317871,36.541404724121094
134,14,2,False,6.9406586862963495,16.133042626728535,9.586538314819336,48.819610595703125
134,15,1,False,6.480336987414825,12.109681698757964,23.233318328857422,36.176551818847656
134,16,1,False,11.161823077241278,23.787176784984567,22.801692962646484,19.263696670532227
134,19,1,False,0.0,0.0,,
134,34,2,False,0.0,0.0,,
134,91,1,False,0.0,0.0,,
134,28,1,False,0.0,0.0,,
134,13,2,False,0.0,0.0,,
134,26,2,False,0.0,0.0,,
135,1,2,False,4.764611800579396,15.543143646116835,21.967342376708984,50.478607177734375
135,3,2,False,12.418497643235625,13.873559875668562,13.901853561401367,37.69267272949219
135,4,2,False,0.0,0.0,,
135,5,1,False,12.050807940298043,18.387395001310733,20.190536499023438,49.823638916015625
135,6,1,False,1.786464345884643,18.44787139006577,14.915781021118164,60.196651458740234
135,7,2,False,0.0,0.0,,
135,8,2,False,0.0,0.0,,
135,9,1,False,0.0,0.0,,
135,10,2,False,0.0,0.0,,
135,11,1,False,5.638381694216095,19.62850485275597,6.5881853103637695,49.33507537841797
135,12,1,False,5.719672322724699,15.397553542762514,11.402304649353027,36.4826545715332
135,14,2,False,9.619750048112918,16.68974112488322,9.637701988220215,48.69733428955078
135,15,1,False,0.0,0.0,23.273828506469727,36.21834945678711
135,16,1,False,0.0,0.0,22.912521362304688,19.33209800720215
135,19,1,False,0.0,0.0,,
135,34,2,False,0.0,0.0,,
135,91,1,False,0.0,0.0,,
135,28,1,False,0.0,0.0,,
135,13,2,False,0.0,0.0,,
135,26,2,False,0.0,0.0,,
136,1,2,False,4.764611800579396,15.543143646116835,22.009849548339844,50.466552734375
136,3,2,False,12.418497643235625,13.873559875668562,14.011259078979492,37.57717514038086
136,4,2,False,0.0,0.0,,
136,5,1,False,12.050807940298043,18.387395001310733,20.273775100708008,49.73871612548828
136,6,1,False,1.786464345884643,18.44787139006577,14.966653823852539,60.19274139404297
136,7,2,False,0.0,0.0,,
136,8,2,False,0.0,0.0,,
136,9,1,False,0.0,0.0,,
136,10,2,False,0.0,0.0,,
136,11,1,False,5.638381694216095,19.62850485275597,6.644278049468994,49.326934814453125
136,12,1,False,5.719672322724699,15.397553542762514,11.496912956237793,36.47195816040039
136,14,2,False,9.619750048112918,16.68974112488322,9.669239044189453,48.52820587158203
136,15,1,False,0.0,0.0,,
136,16,1,False,0.0,0.0,23.04013442993164,19.139385223388672
136,19,1,False,0.0,0.0,,
136,34,2,False,0.0,0.0,,
136,91,1,False,0.0,0.0,,
136,28,1,False,0.0,0.0,,
136,13,2,False,0.0,0.0,,
136,26,2,False,0.0,0.0,,
137,1,2,False,4.764611800579396,15.543143646116835,22.007890701293945,50.53168869018555
137,3,2,False,12.418497643235625,13.873559875668562,14.047025680541992,37.45615005493164
137,4,2,False,0.0,0.0,,
137,5,1,False,12.050807940298043,18.387395001310733,20.334842681884766,49.6554069519043
137,6,1,False,1.786464345884643,18.44787139006577,14.982017517089844,60.18600082397461
137,7,2,False,0.0,0.0,,
137,8,2,False,0.0,0.0,,
137,9,1,False,0.0,0.0,,
137,10,2,False,0.0,0.0,,
137,11,1,False,5.638381694216095,19.62850485275597,6.6839494705200195,49.2465934753418
137,12,1,False,5.719672322724699,15.397553542762514,11.517613410949707,36.45627975463867
137,14,2,False,9.619750048112918,16.68974112488322,9.68727970123291,48.28307342529297
137,15,1,False,0.0,0.0,,
137,16,1,False,0.0,0.0,23.104068756103516,18.948240280151367
137,19,1,False,0.0,0.0,,
137,34,2,False,0.0,0.0,,
137,91,1,False,0.0,0.0,,
137,28,1,False,0.0,0.0,,
137,13,2,False,0.0,0.0,,
137,26,2,False,0.0,0.0,,
138,1,2,False,4.764611800579396,15.543143646116835,22.023258209228516,50.45904541015625
138,3,2,False,12.418497643235625,13.873559875668562,14.127862930297852,37.36753463745117
138,4,2,False,0.0,0.0,,
138,5,1,False,12.050807940298043,18.387395001310733,20.411170959472656,49.5120964050293
138,6,1,False,1.786464345884643,18.44787139006577,14.976871490478516,60.18778610229492
138,7,2,False,0.0,0.0,,
138,8,2,False,0.0,0.0,,
138,9,1,False,0.0,0.0,,
138,10,2,False,0.0,0.0,,
138,11,1,False,5.638381694216095,19.62850485275597,6.718721389770508,49.25699234008789
138,12,1,False,5.719672322724699,15.397553542762514,11.570823669433594,36.361454010009766
138,14,2,False,9.619750048112918,16.68974112488322,9.70943546295166,48.21261978149414
138,15,1,False,0.0,0.0,,
138,16,1,False,0.0,0.0,23.22185707092285,18.804256439208984
138,19,1,False,0.0,0.0,,
138,34,2,False,0.0,0.0,,
138,91,1,False,0.0,0.0,,
138,28,1,False,0.0,0.0,,
138,13,2,False,0.0,0.0,,
138,26,2,False,0.0,0.0,,
139,1,2,False,4.764611800579396,15.543143646116835,22.0485897064209,50.3148307800293
139,3,2,False,12.418497643235625,13.873559875668562,14.200872421264648,37.067588806152344
139,4,2,False,0.0,0.0,,
139,5,1,False,12.050807940298043,18.387395001310733,20.454435348510742,49.368595123291016
139,6,1,False,1.786464345884643,18.44787139006577,14.991074562072754,60.14259719848633
139,7,2,False,0.0,0.0,,
139,8,2,False,0.0,0.0,,
139,9,1,False,0.0,0.0,,
139,10,2,False,0.0,0.0,,
139,11,1,False,5.638381694216095,19.62850485275597,6.730574607849121,49.1193733215332
139,12,1,False,5.719672322724699,15.397553542762514,11.611258506774902,36.273231506347656
139,14,2,False,9.619750048112918,16.68974112488322,9.741652488708496,48.150455474853516
139,15,1,False,0.0,0.0,,
139,16,1,False,0.0,0.0,23.325536727905273,18.498645782470703
139,19,1,False,0.0,0.0,,
139,34,2,False,0.0,0.0,,
139,91,1,False,0.0,0.0,,
139,28,1,False,0.0,0.0,,
139,13,2,False,0.0,0.0,,
139,26,2,False,0.0,0.0,,
139,22,1,False,0.0,0.0,,
140,1,2,False,5.536795024079469,15.863560024825137,22.118316650390625,50.24788284301758
140,3,2,False,7.919050091533575,14.331838237447124,14.2805757522583,37.0818977355957
140,4,2,False,0.0,0.0,,
140,5,1,False,2.8497141345078627,18.552309013724383,20.543258666992188,49.22203063964844
140,6,1,False,2.7305661862256856,18.60589026658346,15.018937110900879,60.2035026550293
140,7,2,False,0.0,0.0,,
140,8,2,False,0.0,0.0,,
140,9,1,False,0.0,0.0,,
140,10,2,False,0.0,0.0,,
140,11,1,False,3.954961456242215,19.857379937029247,6.739163875579834,49.04581069946289
140,12,1,False,6.310751036407793,15.762759042554633,11.666397094726562,36.28311538696289
140,14,2,False,12.39496701386304,17.407042456703998,9.746711730957031,48.15141296386719
140,15,1,False,0.0,0.0,,
140,16,1,False,0.0,0.0,,
140,19,1,False,0.0,0.0,,
140,34,2,False,0.0,0.0,,
140,91,1,False,0.0,0.0,,
140,28,1,False,0.0,0.0,,
140,13,2,False,0.0,0.0,,
140,26,2,False,0.0,0.0,,
140,22,1,False,0.0,0.0,,
141,1,2,False,5.536795024079469,15.863560024825137,22.15944480895996,50.17386245727539
141,3,2,False,7.919050091533575,14.331838237447124,14.341856002807617,36.981056213378906
141,4,2,False,0.0,0.0,,
141,5,1,False,2.8497141345078627,18.552309013724383,20.54085350036621,49.2200813293457
141,6,1,False,2.7305661862256856,18.60589026658346,15.080717086791992,60.1592903137207
141,7,2,False,0.0,0.0,,
141,8,2,False,0.0,0.0,,
141,9,1,False,0.0,0.0,,
141,10,2,False,0.0,0.0,,
141,11,1,False,3.954961456242215,19.857379937029247,6.7439680099487305,48.89442443847656
141,12,1,False,6.310751036407793,15.762759042554633,11.748592376708984,36.185302734375
141,14,2,False,12.39496701386304,17.407042456703998,9.75147533416748,48.071903228759766
141,15,1,False,0.0,0.0,,
141,19,1,False,0.0,0.0,,
141,34,2,False,0.0,0.0,,
141,91,1,False,0.0,0.0,,
141,28,1,False,0.0,0.0,,
141,13,2,False,0.0,0.0,,
141,26,2,False,0.0,0.0,,
141,22,1,False,0.0,0.0,,
142,1,2,False,5.536795024079469,15.863560024825137,22.217803955078125,50.10258483886719
142,3,2,False,7.919050091533575,14.331838237447124,14.40793514251709,36.990478515625
142,4,2,False,0.0,0.0,,
142,5,1,False,2.8497141345078627,18.552309013724383,20.59764862060547,49.147010803222656
142,6,1,False,2.7305661862256856,18.60589026658346,15.127696990966797,60.16734313964844
142,7,2,False,0.0,0.0,,
142,8,2,False,0.0,0.0,,
142,9,1,False,0.0,0.0,,
142,10,2,False,0.0,0.0,,
142,11,1,False,3.954961456242215,19.857379937029247,6.76133918762207,48.8203239440918
142,12,1,False,6.310751036407793,15.762759042554633,11.826183319091797,36.08591079711914
142,14,2,False,12.39496701386304,17.407042456703998,9.752153396606445,47.99112319946289
142,15,1,False,0.0,0.0,,
142,19,1,False,0.0,0.0,,
142,34,2,False,0.0,0.0,,
142,91,1,False,0.0,0.0,,
142,28,1,False,0.0,0.0,,
142,13,2,False,0.0,0.0,,
142,26,2,False,0.0,0.0,,
142,22,1,False,0.0,0.0,,
143,1,2,False,5.536795024079469,15.863560024825137,22.148435592651367,50.01054382324219
143,3,2,False,7.919050091533575,14.331838237447124,14.326658248901367,36.97825241088867
143,4,2,False,0.0,0.0,,
143,5,1,False,2.8497141345078627,18.552309013724383,20.443103790283203,49.28337478637695
143,6,1,False,2.7305661862256856,18.60589026658346,15.075968742370605,60.213714599609375
143,7,2,False,0.0,0.0,,
143,8,2,False,0.0,0.0,,
143,9,1,False,0.0,0.0,,
143,10,2,False,0.0,0.0,,
143,11,1,False,3.954961456242215,19.857379937029247,6.674412250518799,48.805442810058594
143,12,1,False,6.310751036407793,15.762759042554633,11.769506454467773,36.0781364440918
143,14,2,False,12.39496701386304,17.407042456703998,9.670129776000977,47.89800262451172
143,15,1,False,0.0,0.0,,
143,19,1,False,0.0,0.0,,
143,34,2,False,0.0,0.0,,
143,91,1,False,0.0,0.0,,
143,28,1,False,0.0,0.0,,
143,13,2,False,0.0,0.0,,
143,26,2,False,0.0,0.0,,
143,22,1,False,0.0,0.0,,
144,1,2,False,5.536795024079469,15.863560024825137,22.32111930847168,49.881065368652344
144,3,2,False,7.919050091533575,14.331838237447124,14.529452323913574,36.793949127197266
144,4,2,False,0.0,0.0,,
144,5,1,False,2.8497141345078627,18.552309013724383,20.612285614013672,49.15146255493164
144,6,1,False,2.7305661862256856,18.60589026658346,15.238825798034668,60.13492202758789
144,7,2,False,0.0,0.0,,
144,8,2,False,0.0,0.0,,
144,9,1,False,0.0,0.0,,
144,10,2,False,0.0,0.0,,
144,11,1,False,3.954961456242215,19.857379937029247,6.803278923034668,48.677879333496094
144,12,1,False,6.310751036407793,15.762759042554633,11.953662872314453,35.9998779296875
144,14,2,False,12.39496701386304,17.407042456703998,9.817065238952637,47.6865119934082
144,19,1,False,0.0,0.0,,
144,34,2,False,0.0,0.0,,
144,91,1,False,0.0,0.0,,
144,28,1,False,0.0,0.0,,
144,13,2,False,0.0,0.0,,
144,26,2,False,0.0,0.0,,
144,22,1,False,0.0,0.0,,
144,16,1,False,0.0,0.0,,
145,1,2,False,4.15447846234183,16.103981232136586,22.213420867919922,49.9419059753418
145,3,2,False,10.319392908415482,14.929025327054502,14.495579719543457,36.67718505859375
145,4,2,False,0.0,0.0,,
145,5,1,False,10.03033924985503,19.132768461053956,20.54733657836914,49.057167053222656
145,6,1,False,2.091813119584807,18.726944266559435,15.174859046936035,60.1778450012207
145,7,2,False,0.0,0.0,,
145,8,2,False,0.0,0.0,,
145,9,1,False,0.0,0.0,,
145,10,2,False,0.0,0.0,,
145,11,1,False,1.790652508988938,19.961005660929068,6.735149383544922,48.81697082519531
145,12,1,False,3.466914842324525,15.963390688522487,11.879769325256348,35.986724853515625
145,14,2,False,6.898694338709299,17.80627245315708,9.755844116210938,47.43416976928711
145,19,1,False,0.0,0.0,,
145,34,2,False,0.0,0.0,,
145,91,1,False,0.0,0.0,,
145,28,1,False,0.0,0.0,,
145,13,2,False,0.0,0.0,,
145,26,2,False,0.0,0.0,,
145,22,1,False,0.0,0.0,,
145,16,1,False,0.0,0.0,,
146,1,2,False,4.15447846234183,16.103981232136586,22.213420867919922,49.9419059753418
146,4,2,False,0.0,0.0,,
146,5,1,False,10.03033924985503,19.132768461053956,20.589405059814453,48.98274230957031
146,6,1,False,2.091813119584807,18.726944266559435,15.2039155960083,60.1280632019043
146,7,2,False,0.0,0.0,,
146,8,2,False,0.0,0.0,,
146,9,1,False,0.0,0.0,,
146,10,2,False,0.0,0.0,,
146,11,1,False,1.790652508988938,19.961005660929068,6.755396366119385,48.82081604003906
146,12,1,False,3.466914842324525,15.963390688522487,11.929137229919434,35.99555969238281
146,14,2,False,6.898694338709299,17.80627245315708,9.799164772033691,47.199737548828125
146,34,2,False,0.0,0.0,,
146,91,1,False,0.0,0.0,,
146,28,1,False,0.0,0.0,,
146,13,2,False,0.0,0.0,,
146,26,2,False,0.0,0.0,,
146,22,1,False,0.0,0.0,,
146,16,1,False,0.0,0.0,,
146,15,1,False,0.0,0.0,,
147,1,2,False,4.15447846234183,16.103981232136586,22.170799255371094,49.933876037597656
147,4,2,False,0.0,0.0,,
147,5,1,False,10.03033924985503,19.132768461053956,20.673852920532227,48.833335876464844
147,6,1,False,2.091813119584807,18.726944266559435,15.238936424255371,60.134979248046875
147,7,2,False,0.0,0.0,,
147,8,2,False,0.0,0.0,,
147,9,1,False,0.0,0.0,,
147,10,2,False,0.0,0.0,,
147,11,1,False,1.790652508988938,19.961005660929068,6.755396366119385,48.82081604003906
147,12,1,False,3.466914842324525,15.963390688522487,11.978509902954102,36.004390716552734
147,14,2,False,6.898694338709299,17.80627245315708,9.82770824432373,47.12385940551758
147,34,2,False,0.0,0.0,,
147,91,1,False,0.0,0.0,,
147,28,1,False,0.0,0.0,,
147,13,2,False,0.0,0.0,,
147,26,2,False,0.0,0.0,,
147,22,1,False,0.0,0.0,,
147,16,1,False,0.0,0.0,,
147,15,1,False,0.0,0.0,,
147,3,2,False,10.319392908415482,14.929025327054502,14.650321960449219,36.482425689697266
148,1,2,False,4.15447846234183,16.103981232136586,22.171878814697266,49.85300827026367
148,4,2,False,0.0,0.0,,
148,5,1,False,10.03033924985503,19.132768461053956,20.715579986572266,48.67510223388672
148,6,1,False,2.091813119584807,18.726944266559435,15.256446838378906,60.13843536376953
148,7,2,False,0.0,0.0,,
148,8,2,False,0.0,0.0,,
148,9,1,False,0.0,0.0,,
148,10,2,False,0.0,0.0,,
148,11,1,False,1.790652508988938,19.961005660929068,6.771919250488281,48.89967346191406
148,12,1,False,3.466914842324525,15.963390688522487,12.003196716308594,36.00880813598633
148,14,2,False,6.898694338709299,17.80627245315708,9.835245132446289,47.04383087158203
148,34,2,False,0.0,0.0,,
148,91,1,False,0.0,0.0,,
148,28,1,False,0.0,0.0,,
148,13,2,False,0.0,0.0,,
148,26,2,False,0.0,0.0,,
148,22,1,False,0.0,0.0,,
148,16,1,False,0.0,0.0,,
148,15,1,False,0.0,0.0,,
148,3,2,False,10.319392908415482,14.929025327054502,14.690789222717285,36.37795639038086
149,1,2,False,4.15447846234183,16.103981232136586,22.194324493408203,49.77596664428711
149,4,2,False,0.0,0.0,,
149,5,1,False,10.03033924985503,19.132768461053956,20.73651885986328,48.59569549560547
149,6,1,False,2.091813119584807,18.726944266559435,15.273959159851074,60.14189529418945
149,7,2,False,0.0,0.0,,
149,8,2,False,0.0,0.0,,
149,9,1,False,0.0,0.0,,
149,10,2,False,0.0,0.0,,
149,11,1,False,1.790652508988938,19.961005660929068,6.771919250488281,48.89967346191406
149,12,1,False,3.466914842324525,15.963390688522487,12.027885437011719,36.01322555541992
149,14,2,False,6.898694338709299,17.80627245315708,9.856321334838867,47.04779052734375
149,34,2,False,0.0,0.0,,
149,91,1,False,0.0,0.0,,
149,28,1,False,0.0,0.0,,
149,13,2,False,0.0,0.0,,
149,26,2,False,0.0,0.0,,
149,22,1,False,0.0,0.0,,
149,15,1,False,0.0,0.0,,
149,3,2,False,10.319392908415482,14.929025327054502,14.772071838378906,36.16812515258789
149,19,1,False,0.0,0.0,,
150,1,2,False,6.973796418389877,16.50755741375637,22.23821258544922,49.70276641845703
150,4,2,False,0.0,0.0,,
150,5,1,False,5.902118207319559,19.474326227681246,20.757511138916016,48.51609420776367
150,6,1,False,0.9432965699104283,18.78153318842925,15.291470527648926,60.14535140991211
150,7,2,False,0.0,0.0,,
150,8,2,False,0.0,0.0,,
150,9,1,False,0.0,0.0,,
150,10,2,False,0.0,0.0,,
150,11,1,False,3.131132000427779,20.14220542947234,6.792144298553467,48.90351486206055
150,12,1,False,4.466606197263572,16.22187484345672,12.077264785766602,36.02206039428711
150,14,2,False,8.36946610200277,18.29061655628224,9.856321334838867,47.04779052734375
150,34,2,False,0.0,0.0,,
150,91,1,False,0.0,0.0,,
150,28,1,False,0.0,0.0,,
150,13,2,False,0.0,0.0,,
150,26,2,False,0.0,0.0,,
150,22,1,False,0.0,0.0,,
150,15,1,False,0.0,0.0,,
150,3,2,False,11.8949642364378,15.617391312959468,14.821874618530273,36.17702102661133
150,19,1,False,0.0,0.0,,
151,1,2,False,6.973796418389877,16.50755741375637,22.260791778564453,49.62535858154297
151,4,2,False,0.0,0.0,,
151,5,1,False,5.902118207319559,19.474326227681246,20.757511138916016,48.51609420776367
151,6,1,False,0.9432965699104283,18.78153318842925,15.273959159851074,60.14189529418945
151,7,2,False,0.0,0.0,,
151,8,2,False,0.0,0.0,,
151,9,1,False,0.0,0.0,,
151,10,2,False,0.0,0.0,,
151,11,1,False,3.131132000427779,20.14220542947234,6.8123698234558105,48.90735626220703
151,12,1,False,4.466606197263572,16.22187484345672,12.113981246948242,35.91714859008789
151,14,2,False,8.36946610200277,18.29061655628224,9.877397537231445,47.051753997802734
151,34,2,False,0.0,0.0,,
151,91,1,False,0.0,0.0,,
151,28,1,False,0.0,0.0,,
151,13,2,False,0.0,0.0,,
151,26,2,False,0.0,0.0,,
151,22,1,False,0.0,0.0,,
151,15,1,False,0.0,0.0,,
151,3,2,False,11.8949642364378,15.617391312959468,14.862763404846191,36.07166290283203
151,19,1,False,0.0,0.0,,
152,1,2,False,6.973796418389877,16.50755741375637,22.28342628479004,49.547760009765625
152,4,2,False,0.0,0.0,,
152,5,1,False,5.902118207319559,19.474326227681246,20.71426773071289,48.50798416137695
152,6,1,False,0.9432965699104283,18.78153318842925,15.291470527648926,60.14535140991211
152,7,2,False,0.0,0.0,,
152,8,2,False,0.0,0.0,,
152,9,1,False,0.0,0.0,,
152,10,2,False,0.0,0.0,,
152,11,1,False,3.131132000427779,20.14220542947234,6.795892238616943,48.8285026550293
152,12,1,False,4.466606197263572,16.22187484345672,12.163436889648438,35.925994873046875
152,14,2,False,8.36946610200277,18.29061655628224,9.885004043579102,46.97153854370117
152,34,2,False,0.0,0.0,,
152,91,1,False,0.0,0.0,,
152,28,1,False,0.0,0.0,,
152,13,2,False,0.0,0.0,,
152,26,2,False,0.0,0.0,,
152,22,1,False,0.0,0.0,,
152,15,1,False,0.0,0.0,,
152,3,2,False,11.8949642364378,15.617391312959468,14.912642478942871,36.080570220947266
152,19,1,False,0.0,0.0,,
152,16,1,False,0.0,0.0,,
153,1,2,False,6.973796418389877,16.50755741375637,22.3073673248291,49.38796615600586
153,4,2,False,0.0,0.0,,
153,5,1,False,5.902118207319559,19.474326227681246,20.71360969543457,48.42412567138672
153,6,1,False,0.9432965699104283,18.78153318842925,15.303146362304688,60.09202575683594
153,7,2,False,0.0,0.0,,
153,8,2,False,0.0,0.0,,
153,9,1,False,0.0,0.0,,
153,10,2,False,0.0,0.0,,
153,11,1,False,3.131132000427779,20.14220542947234,6.755396366119385,48.82081604003906
153,12,1,False,4.466606197263572,16.22187484345672,12.188165664672852,35.930416107177734
153,14,2,False,8.36946610200277,18.29061655628224,9.900270462036133,46.8105354309082
153,34,2,False,0.0,0.0,,
153,91,1,False,0.0,0.0,,
153,28,1,False,0.0,0.0,,
153,13,2,False,0.0,0.0,,
153,26,2,False,0.0,0.0,,
153,22,1,False,0.0,0.0,,
153,15,1,False,0.0,0.0,,
153,3,2,False,11.8949642364378,15.617391312959468,14.969907760620117,35.864498138427734
153,19,1,False,0.0,0.0,,
153,16,1,False,0.0,0.0,,
154,1,2,False,6.973796418389877,16.50755741375637,22.33013916015625,49.30979919433594
154,4,2,False,0.0,0.0,,
154,5,1,False,5.902118207319559,19.474326227681246,20.712949752807617,48.34006118774414
154,6,1,False,0.9432965699104283,18.78153318842925,15.303146362304688,60.09202575683594
154,7,2,False,0.0,0.0,,
154,8,2,False,0.0,0.0,,
154,9,1,False,0.0,0.0,,
154,10,2,False,0.0,0.0,,
154,11,1,False,3.131132000427779,20.14220542947234,6.718565464019775,48.7379264831543
154,12,1,False,4.466606197263572,16.22187484345672,12.200329780578613,35.8207893371582
154,14,2,False,8.36946610200277,18.29061655628224,9.936817169189453,46.65272903442383
154,34,2,False,0.0,0.0,,
154,91,1,False,0.0,0.0,,
154,28,1,False,0.0,0.0,,
154,13,2,False,0.0,0.0,,
154,26,2,False,0.0,0.0,,
154,22,1,False,0.0,0.0,,
154,15,1,False,0.0,0.0,,
154,3,2,False,11.8949642364378,15.617391312959468,15.011188507080078,35.75822830200195
154,19,1,False,0.0,0.0,,
154,16,1,False,0.0,0.0,,
155,1,2,False,7.433416886577105,16.937732002099953,22.33013916015625,49.30979919433594
155,4,2,False,0.0,0.0,,
155,5,1,False,8.832533886792532,19.985468235018775,20.733348846435547,48.175392150878906
155,6,1,False,2.9204734199076463,18.950542066896126,15.303146362304688,60.09202575683594
155,7,2,False,0.0,0.0,,
155,8,2,False,0.0,0.0,,
155,9,1,False,0.0,0.0,,
155,10,2,False,0.0,0.0,,
155,11,1,False,2.0624070488620583,20.26155768924445,6.718565464019775,48.7379264831543
155,12,1,False,5.759307412758567,16.555168096509878,12.249861717224121,35.82964324951172
155,14,2,False,9.960422322373779,18.867029885123316,9.944540977478027,46.57154846191406
155,34,2,False,0.0,0.0,,
155,91,1,False,0.0,0.0,,
155,28,1,False,0.0,0.0,,
155,13,2,False,0.0,0.0,,
155,26,2,False,0.0,0.0,,
155,22,1,False,0.0,0.0,,
155,15,1,False,0.0,0.0,,
155,3,2,False,6.370349782354633,15.986045814253139,15.094106674194336,35.54477310180664
155,19,1,False,0.0,0.0,,
155,16,1,False,0.0,0.0,,
156,1,2,False,7.433416886577105,16.937732002099953,22.265583038330078,49.297672271728516
156,4,2,False,0.0,0.0,,
156,5,1,False,8.832533886792532,19.985468235018775,20.753849029541016,48.009918212890625
156,6,1,False,2.9204734199076463,18.950542066896126,15.332393646240234,60.042057037353516
156,7,2,False,0.0,0.0,,
156,8,2,False,0.0,0.0,,
156,9,1,False,0.0,0.0,,
156,10,2,False,0.0,0.0,,
156,11,1,False,2.0624070488620583,20.26155768924445,6.701943874359131,48.6587028503418
156,12,1,False,5.759307412758567,16.555168096509878,12.274628639221191,35.83407211303711
156,14,2,False,9.960422322373779,18.867029885123316,9.960044860839844,46.408592224121094
156,34,2,False,0.0,0.0,,
156,91,1,False,0.0,0.0,,
156,28,1,False,0.0,0.0,,
156,13,2,False,0.0,0.0,,
156,26,2,False,0.0,0.0,,
156,22,1,False,0.0,0.0,,
156,15,1,False,0.0,0.0,,
156,3,2,False,6.370349782354633,15.986045814253139,15.119231224060059,35.54924774169922
156,19,1,False,0.0,0.0,,
156,16,1,False,0.0,0.0,,
157,1,2,False,7.433416886577105,16.937732002099953,22.2452449798584,49.211212158203125
157,4,2,False,0.0,0.0,,
157,5,1,False,8.832533886792532,19.985468235018775,20.75323486328125,47.92483901977539
157,6,1,False,2.9204734199076463,18.950542066896126,15.361699104309082,59.99198532104492
157,7,2,False,0.0,0.0,,
157,8,2,False,0.0,0.0,,
157,9,1,False,0.0,0.0,,
157,10,2,False,0.0,0.0,,
157,11,1,False,2.0624070488620583,20.26155768924445,6.698296546936035,48.73408126831055
157,12,1,False,5.759307412758567,16.555168096509878,12.286931991577148,35.72414779663086
157,14,2,False,9.960422322373779,18.867029885123316,9.983442306518555,46.16267395019531
157,34,2,False,0.0,0.0,,
157,91,1,True,0.0,0.0,,
157,28,1,False,0.0,0.0,,
157,13,2,False,0.0,0.0,,
157,26,2,False,0.0,0.0,,
157,22,1,False,0.0,0.0,,
157,15,1,False,0.0,0.0,,
157,3,2,False,6.370349782354633,15.986045814253139,15.186070442199707,35.44654083251953
157,16,1,False,0.0,0.0,23.3040714263916,17.26289939880371
158,1,2,False,7.433416886577105,16.937732002099953,22.246427536010742,49.128597259521484
158,4,2,False,0.0,0.0,,
158,5,1,False,8.832533886792532,19.985468235018775,20.75261688232422,47.83955001831055
158,6,1,False,2.9204734199076463,18.950542066896126,15.361699104309082,59.99198532104492
158,7,2,False,0.0,0.0,,
158,8,2,False,0.0,0.0,,
158,9,1,False,0.0,0.0,,
158,10,2,False,0.0,0.0,,
158,11,1,False,2.0624070488620583,20.26155768924445,6.678027629852295,48.7302360534668
158,12,1,False,5.759307412758567,16.555168096509878,12.299270629882812,35.61391830444336
158,14,2,False,9.960422322373779,18.867029885123316,9.991279602050781,46.080299377441406
158,34,2,False,0.0,0.0,,
158,91,1,True,0.0,0.0,,
158,28,1,False,0.0,0.0,,
158,13,2,False,0.0,0.0,,
158,26,2,False,0.0,0.0,,
158,22,1,False,0.0,0.0,,
158,15,1,False,0.0,0.0,,
158,3,2,False,6.370349782354633,15.986045814253139,15.2279052734375,35.339046478271484
158,16,1,False,0.0,0.0,23.205821990966797,17.424312591552734
159,1,2,False,7.433416886577105,16.937732002099953,22.226016998291016,49.04173278808594
159,4,2,False,0.0,0.0,,
159,5,1,False,8.832533886792532,19.985468235018775,20.751998901367188,47.75405502319336
159,6,1,False,2.9204734199076463,18.950542066896126,15.373479843139648,59.93834686279297
159,7,2,False,0.0,0.0,,
159,9,1,False,0.0,0.0,,
159,10,2,False,0.0,0.0,,
159,11,1,False,2.0624070488620583,20.26155768924445,6.641069412231445,48.64715576171875
159,12,1,False,5.759307412758567,16.555168096509878,12.299270629882812,35.61391830444336
159,14,2,False,9.960422322373779,18.867029885123316,9.991279602050781,46.080299377441406
159,34,2,False,0.0,0.0,,
159,91,1,True,0.0,0.0,,
159,28,1,False,0.0,0.0,,
159,13,2,False,0.0,0.0,,
159,26,2,False,0.0,0.0,,
159,22,1,False,0.0,0.0,,
159,15,1,False,0.0,0.0,,
159,3,2,False,6.370349782354633,15.986045814253139,15.253106117248535,35.34353256225586
159,16,1,False,0.0,0.0,23.17763328552246,17.242332458496094
160,1,2,False,8.70124456904476,17.44127624799375,22.271636962890625,48.88362121582031
160,4,2,False,0.0,0.0,,
160,5,1,False,8.962725629658607,20.50414448673513,20.729494094848633,47.66426467895508
160,6,1,False,1.315746075022336,19.02668477957103,15.373479843139648,59.93834686279297
160,7,2,False,0.0,0.0,,
160,9,1,False,0.0,0.0,,
160,10,2,False,0.0,0.0,,
160,11,1,False,1.30420214534479,20.337032350433386,6.641069412231445,48.64715576171875
160,12,1,False,1.9276085329122399,16.666719516238594,12.336518287658691,35.5078125
160,14,2,False,11.547673928076115,19.53529805225735,9.999135971069336,45.99772644042969
160,34,2,False,0.0,0.0,,
160,91,1,True,0.0,0.0,,
160,28,1,False,0.0,0.0,,
160,13,2,False,0.0,0.0,,
160,26,2,False,0.0,0.0,,
160,22,1,False,0.0,0.0,,
160,15,1,False,0.0,0.0,,
160,3,2,False,10.006160337941427,16.56510601899512,15.295099258422852,35.2357292175293
160,16,1,False,6.228055996869674,24.147596692210822,23.18100929260254,17.06486701965332
160,19,1,False,0.0,0.0,,
161,1,2,False,8.70124456904476,17.44127624799375,22.272855758666992,48.80021286010742
161,4,2,False,0.0,0.0,,
161,5,1,False,8.962725629658607,20.50414448673513,20.707609176635742,47.66017532348633
161,6,1,False,1.315746075022336,19.02668477957103,15.373479843139648,59.93834686279297
161,7,2,False,0.0,0.0,,
161,9,1,False,0.0,0.0,,
161,10,2,False,0.0,0.0,,
161,11,1,False,1.30420214534479,20.337032350433386,6.637492656707764,48.7225456237793
161,12,1,False,1.9276085329122399,16.666719516238594,12.336518287658691,35.5078125
161,14,2,False,11.547673928076115,19.53529805225735,9.999135971069336,45.99772644042969
161,34,2,False,0.0,0.0,,
161,91,1,True,0.0,0.0,,
161,28,1,False,0.0,0.0,,
161,13,2,False,0.0,0.0,,
161,26,2,False,0.0,0.0,,
161,22,1,False,0.0,0.0,,
161,15,1,False,0.0,0.0,,
161,3,2,False,10.006160337941427,16.56510601899512,15.311939239501953,35.12312316894531
161,16,1,False,6.228055996869674,24.147596692210822,23.152679443359375,16.881624221801758
161,19,1,False,0.0,0.0,,
162,1,2,False,8.70124456904476,17.44127624799375,22.297029495239258,48.63685989379883
162,4,2,False,0.0,0.0,,
162,5,1,False,8.962725629658607,20.50414448673513,20.706933975219727,47.574256896972656
162,6,1,False,1.315746075022336,19.02668477957103,15.373479843139648,59.93834686279297
162,7,2,False,0.0,0.0,,
162,9,1,False,0.0,0.0,,
162,10,2,False,0.0,0.0,,
162,11,1,False,1.30420214534479,20.337032350433386,6.657760143280029,48.72639083862305
162,12,1,False,1.9276085329122399,16.666719516238594,12.336518287658691,35.5078125
162,14,2,False,11.547673928076115,19.53529805225735,10.036373138427734,45.83598709106445
162,34,2,False,0.0,0.0,,
162,91,1,True,0.0,0.0,,
162,28,1,False,0.0,0.0,,
162,13,2,False,0.0,0.0,,
162,26,2,False,0.0,0.0,,
162,22,1,False,0.0,0.0,,
162,15,1,False,0.0,0.0,,
162,3,2,False,10.006160337941427,16.56510601899512,15.379453659057617,35.019187927246094
162,16,1,False,6.228055996869674,24.147596692210822,23.12096405029297,16.876474380493164
162,19,1,False,0.0,0.0,,
162,8,2,False,0.0,0.0,,
163,1,2,False,8.70124456904476,17.44127624799375,22.29828453063965,48.55284881591797
163,4,2,False,0.0,0.0,,
163,5,1,False,8.962725629658607,20.50414448673513,20.70557975769043,47.40178680419922
163,6,1,False,1.315746075022336,19.02668477957103,15.355896949768066,59.934879302978516
163,7,2,False,0.0,0.0,,
163,9,1,False,0.0,0.0,,
163,10,2,False,0.0,0.0,,
163,11,1,False,1.30420214534479,20.337032350433386,6.678027629852295,48.7302360534668
163,12,1,False,1.9276085329122399,16.666719516238594,12.336518287658691,35.5078125
163,14,2,False,11.547673928076115,19.53529805225735,10.065807342529297,45.75682830810547
163,34,2,False,0.0,0.0,,
163,91,1,True,0.0,0.0,,
163,28,1,False,0.0,0.0,,
163,13,2,False,0.0,0.0,,
163,26,2,False,0.0,0.0,,
163,22,1,False,0.0,0.0,,
163,15,1,False,0.0,0.0,,
163,3,2,False,10.006160337941427,16.56510601899512,15.421814918518066,34.91044235229492
163,16,1,False,6.228055996869674,24.147596692210822,23.092479705810547,16.692588806152344
163,19,1,False,0.0,0.0,,
163,8,2,False,0.0,0.0,,
164,1,2,False,8.70124456904476,17.44127624799375,22.299543380737305,48.468631744384766
164,4,2,False,0.0,0.0,,
164,5,1,False,8.962725629658607,20.50414448673513,20.70490074157715,47.31523513793945
164,6,1,False,1.315746075022336,19.02668477957103,15.338313102722168,59.9314079284668
164,9,1,False,0.0,0.0,,
164,10,2,False,0.0,0.0,,
164,11,1,False,1.30420214534479,20.337032350433386,6.657760143280029,48.72639083862305
164,12,1,False,1.9276085329122399,16.666719516238594,12.348962783813477,35.39695739746094
164,14,2,False,11.547673928076115,19.53529805225735,10.08180046081543,45.589866638183594
164,34,2,False,0.0,0.0,,
164,91,1,True,0.0,0.0,,
164,28,1,False,0.0,0.0,,
164,13,2,False,0.0,0.0,,
164,26,2,False,0.0,0.0,,
164,22,1,False,0.0,0.0,,
164,15,1,False,0.0,0.0,,
164,3,2,False,10.006160337941427,16.56510601899512,15.438910484313965,34.796871185302734
164,16,1,False,6.228055996869674,24.147596692210822,23.02894401550293,16.682279586791992
164,19,1,False,0.0,0.0,,
164,8,2,False,0.0,0.0,,
165,1,2,False,8.857691720151195,17.95387414846546,22.27899742126465,48.380130767822266
165,4,2,False,0.0,0.0,,
165,5,1,False,8.338083912238812,20.986672490915616,20.725582122802734,47.14560317993164
165,6,1,False,1.2398882837211775,19.098437573767857,15.33248233795166,59.874183654785156
165,9,1,False,0.0,0.0,,
165,10,2,False,0.0,0.0,,
165,11,1,False,3.966325686874584,20.566565086942333,6.637492656707764,48.7225456237793
165,12,1,False,4.024411437749019,16.899613696663884,12.348962783813477,35.39695739746094
165,14,2,False,4.389349672309179,19.789311343478946,10.127564430236816,45.341915130615234
165,34,2,False,0.0,0.0,,
165,91,1,True,0.0,0.0,,
165,28,1,False,0.0,0.0,,
165,13,2,False,0.0,0.0,,
165,26,2,False,0.0,0.0,,
165,22,1,False,0.0,0.0,,
165,15,1,False,0.0,0.0,,
165,3,2,False,10.038448479079756,17.146034750423347,15.48148250579834,34.68748474121094
165,16,1,False,12.58938981808562,24.876149343720407,22.898998260498047,16.840429306030273
165,19,1,False,0.0,0.0,,
165,8,2,False,0.0,0.0,,
166,1,2,False,8.857691720151195,17.95387414846546,22.134456634521484,48.24048614501953
166,4,2,False,0.0,0.0,,
166,5,1,False,8.338083912238812,20.986672490915616,20.598983764648438,47.00648498535156
166,6,1,False,1.2398882837211775,19.098437573767857,15.23033618927002,59.83571243286133
166,9,1,False,0.0,0.0,,
166,10,2,False,0.0,0.0,,
166,11,1,False,3.966325686874584,20.566565086942333,6.496338844299316,48.67095184326172
166,12,1,False,4.024411437749019,16.899613696663884,12.227928161621094,35.33839416503906
166,14,2,False,4.389349672309179,19.789311343478946,10.029577255249023,45.20963668823242
166,34,2,False,0.0,0.0,,
166,91,1,True,0.0,0.0,,
166,28,1,False,0.0,0.0,,
166,13,2,False,0.0,0.0,,
166,26,2,False,0.0,0.0,,
166,22,1,False,0.0,0.0,,
166,15,1,False,0.0,0.0,23.22952651977539,34.338623046875
166,3,2,False,10.038448479079756,17.146034750423347,15.384835243225098,34.63209915161133
166,16,1,False,12.58938981808562,24.876149343720407,22.621807098388672,16.91576385498047
166,19,1,False,0.0,0.0,,
166,8,2,False,0.0,0.0,,
167,1,2,False,8.857691720151195,17.95387414846546,22.195186614990234,48.10926055908203
167,4,2,False,0.0,0.0,,
167,5,1,False,8.338083912238812,20.986672490915616,20.723604202270508,46.88339614868164
167,6,1,False,1.2398882837211775,19.098437573767857,15.297283172607422,59.86724090576172
167,9,1,False,0.0,0.0,,
167,10,2,False,0.0,0.0,,
167,11,1,False,3.966325686874584,20.566565086942333,6.559913158416748,48.63175964355469
167,12,1,False,4.024411437749019,16.899613696663884,12.348962783813477,35.39695739746094
167,14,2,False,4.389349672309179,19.789311343478946,10.14380931854248,45.17289733886719
167,34,2,False,0.0,0.0,,
167,91,1,True,0.0,0.0,,
167,28,1,False,0.0,0.0,,
167,13,2,False,0.0,0.0,,
167,26,2,False,0.0,0.0,,
167,22,1,False,0.0,0.0,,
167,15,1,False,0.0,0.0,,
167,3,2,False,10.038448479079756,17.146034750423347,15.541497230529785,34.46323013305664
167,16,1,False,12.58938981808562,24.876149343720407,22.674617767333984,16.982563018798828
167,19,1,False,0.0,0.0,,
167,8,2,False,0.0,0.0,,
167,7,2,False,0.0,0.0,,
168,1,2,False,8.857691720151195,17.95387414846546,22.15359878540039,47.93033218383789
168,4,2,False,0.0,0.0,,
168,5,1,False,8.338083912238812,20.986672490915616,20.700786590576172,46.791439056396484
168,6,1,False,1.2398882837211775,19.098437573767857,15.262085914611816,59.86029815673828
168,9,1,False,0.0,0.0,,
168,10,2,False,0.0,0.0,,
168,11,1,False,3.966325686874584,20.566565086942333,6.49905252456665,48.620216369628906
168,12,1,False,4.024411437749019,16.899613696663884,12.33649730682373,35.281341552734375
168,14,2,False,4.389349672309179,19.789311343478946,10.151961326599121,45.08807373046875
168,34,2,False,0.0,0.0,,
168,91,1,True,0.0,0.0,,
168,28,1,False,0.0,0.0,,
168,13,2,False,0.0,0.0,,
168,26,2,False,0.0,0.0,,
168,22,1,False,0.0,0.0,,
168,15,1,False,0.0,0.0,23.278976440429688,34.141300201416016
168,3,2,False,10.038448479079756,17.146034750423347,15.558866500854492,34.348350524902344
168,16,1,False,12.58938981808562,24.876149343720407,22.58203887939453,16.788959503173828
168,19,1,False,0.0,0.0,,
168,8,2,False,0.0,0.0,,
168,7,2,False,0.0,0.0,,
169,1,2,False,8.857691720151195,17.95387414846546,22.0867919921875,48.00352478027344
169,4,2,False,0.0,0.0,,
169,5,1,False,8.338083912238812,20.986672490915616,20.655733108520508,46.69512939453125
169,6,1,False,1.2398882837211775,19.098437573767857,15.262085914611816,59.86029815673828
169,9,1,False,0.0,0.0,,
169,10,2,False,0.0,0.0,,
169,11,1,False,3.966325686874584,20.566565086942333,6.458482265472412,48.612518310546875
169,12,1,False,4.024411437749019,16.899613696663884,12.311553001403809,35.27689743041992
169,14,2,False,4.389349672309179,19.789311343478946,10.151961326599121,45.08807373046875
169,34,2,False,0.0,0.0,,
169,91,1,True,0.0,0.0,,
169,28,1,False,0.0,0.0,,
169,13,2,False,0.0,0.0,,
169,26,2,False,0.0,0.0,,
169,22,1,False,0.0,0.0,,
169,15,1,False,0.0,0.0,23.223421096801758,34.2547492980957
169,3,2,False,10.038448479079756,17.146034750423347,15.558866500854492,34.348350524902344
169,16,1,False,12.58938981808562,24.876149343720407,22.554914474487305,16.425552368164062
169,19,1,False,0.0,0.0,,
169,8,2,False,0.0,0.0,,
169,7,2,False,0.0,0.0,,
170,1,2,False,6.562603406498786,18.3336544381934,22.06587028503418,47.9139404296875
170,4,2,False,0.0,0.0,,
170,5,1,False,11.16862664481151,21.633005051379246,20.589197158813477,46.6827507019043
170,6,1,False,1.8046794211256347,19.202875040268182,15.262085914611816,59.86029815673828
170,9,1,False,0.0,0.0,,
170,10,2,False,0.0,0.0,,
170,11,1,False,1.7836394339645776,20.66978496159306,6.438198089599609,48.608673095703125
170,12,1,False,3.374006739132049,17.094868716289582,12.323996543884277,35.1654052734375
170,14,2,False,8.911993336435637,20.30505169859675,10.173669815063477,45.09212112426758
170,34,2,False,0.0,0.0,,
170,91,1,True,0.0,0.0,,
170,28,1,False,0.0,0.0,,
170,13,2,False,0.0,0.0,,
170,26,2,False,0.0,0.0,,
170,22,1,False,0.0,0.0,,
170,15,1,False,10.040192327192804,12.690711347322361,23.144521713256836,34.240867614746094
170,3,2,False,6.121318983191924,17.500277747135843,15.568142890930176,34.11305618286133
170,16,1,False,8.917632111888885,25.392216016862125,22.493501663208008,16.235151290893555
170,19,1,False,0.0,0.0,,
170,8,2,False,0.0,0.0,,
170,7,2,False,0.0,0.0,,
171,1,2,False,6.562603406498786,18.3336544381934,22.06685447692871,47.82823944091797
171,4,2,False,0.0,0.0,,
171,5,1,False,11.16862664481151,21.633005051379246,20.54395866394043,46.58619689941406
171,6,1,False,1.8046794211256347,19.202875040268182,15.244488716125488,59.85682678222656
171,9,1,False,0.0,0.0,,
171,10,2,False,0.0,0.0,,
171,11,1,False,1.7836394339645776,20.66978496159306,6.417914390563965,48.60482406616211
171,14,2,False,8.911993336435637,20.30505169859675,10.173669815063477,45.09212112426758
171,34,2,False,0.0,0.0,,
171,91,1,True,0.0,0.0,,
171,28,1,False,0.0,0.0,,
171,13,2,False,0.0,0.0,,
171,26,2,False,0.0,0.0,,
171,22,1,False,0.0,0.0,,
171,15,1,False,10.040192327192804,12.690711347322361,23.065631866455078,34.226985931396484
171,3,2,False,6.121318983191924,17.500277747135843,15.585626602172852,33.997169494628906
171,16,1,False,8.917632111888885,25.392216016862125,22.42980194091797,16.224834442138672
171,19,1,False,0.0,0.0,,
171,8,2,False,0.0,0.0,,
171,7,2,False,0.0,0.0,,
172,1,2,False,6.562603406498786,18.3336544381934,22.068828582763672,47.65620803833008
172,4,2,False,0.0,0.0,,
172,5,1,False,11.16862664481151,21.633005051379246,20.543071746826172,46.4976806640625
172,6,1,False,1.8046794211256347,19.202875040268182,15.23855972290039,59.799476623535156
172,9,1,False,0.0,0.0,,
172,10,2,False,0.0,0.0,,
172,11,1,False,1.7836394339645776,20.66978496159306,6.394337177276611,48.6764030456543
172,14,2,False,8.911993336435637,20.30505169859675,10.203606605529785,45.011138916015625
172,34,2,False,0.0,0.0,,
172,91,1,True,0.0,0.0,,
172,28,1,False,0.0,0.0,,
172,13,2,False,0.0,0.0,,
172,26,2,False,0.0,0.0,,
172,22,1,False,0.0,0.0,,
172,15,1,False,10.040192327192804,12.690711347322361,23.01561164855957,34.0949821472168
172,3,2,False,6.121318983191924,17.500277747135843,15.603160858154297,33.880943298339844
172,16,1,False,8.917632111888885,25.392216016862125,22.33426284790039,16.209360122680664
172,19,1,False,0.0,0.0,,
172,8,2,False,0.0,0.0,,
172,7,2,False,0.0,0.0,,
173,1,2,False,6.562603406498786,18.3336544381934,21.9453067779541,47.43415451049805
173,4,2,False,0.0,0.0,,
173,5,1,False,11.16862664481151,21.633005051379246,20.413963317871094,46.26995086669922
173,6,1,False,1.8046794211256347,19.202875040268182,15.147966384887695,59.70860290527344
173,9,1,False,0.0,0.0,,
173,10,2,False,0.0,0.0,,
173,11,1,False,1.7836394339645776,20.66978496159306,6.27695369720459,48.55548858642578
173,14,2,False,8.911993336435637,20.30505169859675,10.121821403503418,44.70904541015625
173,34,2,False,0.0,0.0,,
173,91,1,True,0.0,0.0,,
173,28,1,False,0.0,0.0,,
173,13,2,False,0.0,0.0,,
173,26,2,False,0.0,0.0,,
173,22,1,False,0.0,0.0,,
173,15,1,False,10.040192327192804,12.690711347322361,22.84222412109375,33.90421676635742
173,3,2,False,6.121318983191924,17.500277747135843,15.514849662780762,33.589988708496094
173,16,1,False,8.917632111888885,25.392216016862125,22.091022491455078,15.935101509094238
173,19,1,False,0.0,0.0,,
173,8,2,False,0.0,0.0,,
173,7,2,False,0.0,0.0,,
173,12,1,False,3.374006739132049,17.094868716289582,12.127283096313477,34.868011474609375
174,1,2,False,6.562603406498786,18.3336544381934,21.981674194335938,47.55343246459961
174,4,2,False,0.0,0.0,,
174,5,1,False,11.16862664481151,21.633005051379246,20.495769500732422,46.22252655029297
174,6,1,False,1.8046794211256347,19.202875040268182,15.203330993652344,59.79253005981445
174,9,1,False,0.0,0.0,,
174,10,2,False,0.0,0.0,,
174,11,1,False,1.7836394339645776,20.66978496159306,6.357067584991455,48.59328079223633
174,14,2,False,8.911993336435637,20.30505169859675,10.20659065246582,44.750732421875
174,34,2,False,0.0,0.0,,
174,91,1,True,0.0,0.0,,
174,28,1,False,0.0,0.0,,
174,13,2,False,0.0,0.0,,
174,26,2,False,0.0,0.0,,
174,22,1,False,0.0,0.0,,
174,15,1,False,10.040192327192804,12.690711347322361,22.912715911865234,33.95333480834961
174,3,2,False,6.121318983191924,17.500277747135843,15.595020294189453,33.75983428955078
174,16,1,False,8.917632111888885,25.392216016862125,22.17506217956543,16.183574676513672
174,19,1,False,0.0,0.0,,
174,8,2,False,0.0,0.0,,
174,7,2,False,0.0,0.0,,
174,12,1,False,3.374006739132049,17.094868716289582,12.211413383483887,35.03131866455078
175,1,2,False,9.427141643714483,18.8792066166491,21.959638595581055,47.549320220947266
175,4,2,False,0.0,0.0,,
175,5,1,False,7.290771695434558,22.054924709679856,20.493864059448242,46.043487548828125
175,6,1,False,2.1713302214440158,19.328530724379526,15.185717582702637,59.789058685302734
175,9,1,False,0.0,0.0,,
175,10,2,False,0.0,0.0,,
175,11,1,False,2.6661640375288176,20.824076861913014,6.33678674697876,48.58943557739258
175,14,2,False,7.505178632399279,20.739379165749487,10.223173141479492,44.57876205444336
175,34,2,False,0.0,0.0,,
175,91,1,True,0.0,0.0,,
175,28,1,False,0.0,0.0,,
175,13,2,False,0.0,0.0,,
175,26,2,False,0.0,0.0,,
175,22,1,False,0.0,0.0,,
175,15,1,False,5.407956953566945,13.0036718191723,22.917573928833008,33.70599365234375
175,3,2,False,6.45242212368442,17.873681805219434,15.595020294189453,33.75983428955078
175,16,1,False,12.741153523272702,26.129551290199664,21.984073638916016,16.15264129638672
175,19,1,False,0.0,0.0,,
175,8,2,False,0.0,0.0,,
175,7,2,False,0.0,0.0,,
175,12,1,False,2.4257062443685022,17.23524523506091,12.18640422821045,35.0268669128418
176,1,2,False,9.427141643714483,18.8792066166491,21.893537521362305,47.5369873046875
176,4,2,False,0.0,0.0,,
176,5,1,False,7.290771695434558,22.054924709679856,20.47051239013672,45.94948196411133
176,6,1,False,2.1713302214440158,19.328530724379526,15.150491714477539,59.78211212158203
176,9,1,False,0.0,0.0,,
176,10,2,False,0.0,0.0,,
176,11,1,False,2.6661640375288176,20.824076861913014,6.316506385803223,48.58558654785156
176,14,2,False,7.505178632399279,20.739379165749487,10.253396034240723,44.49652862548828
176,34,2,False,0.0,0.0,,
176,91,1,True,0.0,0.0,,
176,28,1,False,0.0,0.0,,
176,13,2,False,0.0,0.0,,
176,26,2,False,0.0,0.0,,
176,22,1,False,0.0,0.0,,
176,15,1,False,5.407956953566945,13.0036718191723,22.86469078063965,33.69670867919922
176,3,2,False,6.45242212368442,17.873681805219434,15.586856842041016,33.63837432861328
176,16,1,False,12.741153523272702,26.129551290199664,21.88971710205078,15.956358909606934
176,19,1,False,0.0,0.0,,
176,8,2,False,0.0,0.0,,
176,7,2,False,0.0,0.0,,
176,12,1,False,2.4257062443685022,17.23524523506091,12.161395072937012,35.02241134643555
177,1,2,False,9.427141643714483,18.8792066166491,21.872257232666016,47.44630432128906
177,4,2,False,0.0,0.0,,
177,5,1,False,7.290771695434558,22.054924709679856,20.425724029541016,45.9411735534668
177,6,1,False,2.1713302214440158,19.328530724379526,15.132879257202148,59.77863693237305
177,9,1,False,0.0,0.0,,
177,10,2,False,0.0,0.0,,
177,11,1,False,2.6661640375288176,20.824076861913014,6.296226501464844,48.58174133300781
177,14,2,False,7.505178632399279,20.739379165749487,10.261767387390137,44.41000747680664
177,34,2,False,0.0,0.0,,
177,91,1,True,0.0,0.0,,
177,28,1,False,0.0,0.0,,
177,13,2,False,0.0,0.0,,
177,26,2,False,0.0,0.0,,
177,22,1,False,0.0,0.0,,
177,15,1,False,5.407956953566945,13.0036718191723,22.811811447143555,33.68742370605469
177,3,2,False,6.45242212368442,17.873681805219434,15.586856842041016,33.63837432861328
177,16,1,False,12.741153523272702,26.129551290199664,21.825963973999023,15.94604206085205
177,19,1,False,0.0,0.0,,
177,7,2,False,0.0,0.0,,
177,12,1,False,2.4257062443685022,17.23524523506091,12.136387825012207,35.0179557800293
178,1,2,False,9.427141643714483,18.8792066166491,21.873762130737305,47.27251052856445
178,4,2,False,0.0,0.0,,
178,5,1,False,7.290771695434558,22.054924709679856,20.379838943481445,45.84276580810547
178,6,1,False,2.1713302214440158,19.328530724379526,15.097657203674316,59.77169418334961
178,9,1,False,0.0,0.0,,
178,10,2,False,0.0,0.0,,
178,11,1,False,2.6661640375288176,20.824076861913014,6.258806228637695,48.49842071533203
178,14,2,False,7.505178632399279,20.739379165749487,10.278572082519531,44.23632049560547
178,34,2,False,0.0,0.0,,
178,91,1,True,0.0,0.0,,
178,28,1,False,0.0,0.0,,
178,13,2,False,0.0,0.0,,
178,26,2,False,0.0,0.0,,
178,22,1,False,0.0,0.0,,
178,15,1,False,5.407956953566945,13.0036718191723,22.758935928344727,33.678138732910156
178,3,2,False,6.45242212368442,17.873681805219434,15.552870750427246,33.51201248168945
178,16,1,False,12.741153523272702,26.129551290199664,21.73118019104004,15.749083518981934
178,19,1,False,0.0,0.0,,
178,7,2,False,0.0,0.0,,
178,12,1,False,2.4257062443685022,17.23524523506091,12.136387825012207,35.0179557800293
178,8,2,False,0.0,0.0,,
179,1,2,False,9.427141643714483,18.8792066166491,21.852378845214844,47.18116760253906
179,4,2,False,0.0,0.0,,
179,5,1,False,7.290771695434558,22.054924709679856,20.356290817260742,45.748287200927734
179,6,1,False,2.1713302214440158,19.328530724379526,15.080045700073242,59.768218994140625
179,9,1,False,0.0,0.0,,
179,10,2,False,0.0,0.0,,
179,11,1,False,2.6661640375288176,20.824076861913014,6.238504886627197,48.494571685791016
179,14,2,False,7.505178632399279,20.739379165749487,10.278572082519531,44.23632049560547
179,34,2,False,0.0,0.0,,
179,91,1,True,0.0,0.0,,
179,28,1,False,0.0,0.0,,
179,13,2,False,0.0,0.0,,
179,26,2,False,0.0,0.0,,
179,22,1,False,0.0,0.0,,
179,15,1,False,5.407956953566945,13.0036718191723,22.67963218688965,33.664215087890625
179,3,2,False,6.45242212368442,17.873681805219434,15.527073860168457,33.50746154785156
179,16,1,False,12.741153523272702,26.129551290199664,21.667329788208008,15.738759994506836
179,19,1,False,0.0,0.0,,
179,7,2,False,0.0,0.0,,
179,12,1,False,2.4257062443685022,17.23524523506091,12.123573303222656,34.901336669921875
179,8,2,False,0.0,0.0,,
180,1,2,False,9.703783980424568,19.440768189590337,21.876035690307617,47.01021194458008
180,4,2,False,0.0,0.0,,
180,5,1,False,14.43894041991187,22.89051153953587,20.332683563232422,45.653568267822266
180,6,1,False,2.872972360227434,19.494790698929723,15.0624361038208,59.764747619628906
180,9,1,False,0.0,0.0,,
180,10,2,False,0.0,0.0,,
180,11,1,False,3.9042970534584733,21.0500199784326,6.218204498291016,48.49072265625
180,14,2,False,6.070168613792022,21.090662071640228,10.287005424499512,44.14915084838867
180,34,2,False,0.0,0.0,,
180,91,1,True,0.0,0.0,,
180,28,1,False,0.0,0.0,,
180,13,2,False,0.0,0.0,,
180,26,2,False,0.0,0.0,,
180,22,1,False,0.0,0.0,,
180,15,1,False,9.716492925127815,13.56596886345053,22.655250549316406,33.535316467285156
180,3,2,False,6.3842868909220165,18.24314285214779,15.544623374938965,33.38984680175781
180,16,1,False,10.584572836106066,26.742084440437285,21.572118759155273,15.541121482849121
180,19,1,False,0.0,0.0,,
180,7,2,False,0.0,0.0,,
180,12,1,False,5.443715381569176,17.5502750603832,12.123573303222656,34.901336669921875
180,8,2,False,0.0,0.0,,
181,1,2,False,9.703783980424568,19.440768189590337,21.85457420349121,46.918212890625
181,4,2,False,0.0,0.0,,
181,5,1,False,14.43894041991187,22.89051153953587,20.330354690551758,45.471778869628906
181,6,1,False,2.872972360227434,19.494790698929723,15.04482650756836,59.76127624511719
181,9,1,False,0.0,0.0,,
181,10,2,False,0.0,0.0,,
181,11,1,False,3.9042970534584733,21.0500199784326,6.194838047027588,48.56250762939453
181,14,2,False,6.070168613792022,21.090662071640228,10.287005424499512,44.14915084838867
181,34,2,False,0.0,0.0,,
181,91,1,True,0.0,0.0,,
181,28,1,False,0.0,0.0,,
181,13,2,False,0.0,0.0,,
181,26,2,False,0.0,0.0,,
181,22,1,False,0.0,0.0,,
181,15,1,False,9.716492925127815,13.56596886345053,22.602310180664062,33.52602767944336
181,3,2,False,6.3842868909220165,18.24314285214779,15.562224388122559,33.271888732910156
181,16,1,False,10.584572836106066,26.742084440437285,21.44390106201172,15.702635765075684
181,19,1,False,0.0,0.0,,
181,7,2,False,0.0,0.0,,
181,12,1,False,5.443715381569176,17.5502750603832,12.098531723022461,34.896881103515625
181,8,2,False,0.0,0.0,,
182,1,2,False,9.703783980424568,19.440768189590337,21.833772659301758,46.73767852783203
182,4,2,False,0.0,0.0,,
182,5,1,False,14.43894041991187,22.89051153953587,20.328012466430664,45.2890739440918
182,6,1,False,2.872972360227434,19.494790698929723,15.021068572998047,59.7003059387207
182,9,1,False,0.0,0.0,,
182,10,2,False,0.0,0.0,,
182,11,1,False,3.9042970534584733,21.0500199784326,6.174562454223633,48.55866241455078
182,14,2,False,6.070168613792022,21.090662071640228,10.29546070098877,44.06175994873047
182,34,2,False,0.0,0.0,,
182,91,1,True,0.0,0.0,,
182,28,1,False,0.0,0.0,,
182,13,2,False,0.0,0.0,,
182,26,2,False,0.0,0.0,,
182,22,1,False,0.0,0.0,,
182,15,1,False,9.716492925127815,13.56596886345053,22.579727172851562,33.2717399597168
182,3,2,False,6.3842868909220165,18.24314285214779,15.562224388122559,33.271888732910156
182,16,1,False,10.584572836106066,26.742084440437285,21.316265106201172,15.681999206542969
182,19,1,False,0.0,0.0,,
182,7,2,False,0.0,0.0,,
182,12,1,False,5.443715381569176,17.5502750603832,12.06057071685791,34.77546691894531
182,8,2,False,0.0,0.0,,
183,1,2,False,9.703783980424568,19.440768189590337,21.83519744873047,46.56040573120117
183,4,2,False,0.0,0.0,,
183,5,1,False,14.43894041991187,22.89051153953587,20.325660705566406,45.105445861816406
183,6,1,False,2.872972360227434,19.494790698929723,14.985817909240723,59.693355560302734
183,9,1,False,0.0,0.0,,
183,10,2,False,0.0,0.0,,
183,11,1,False,3.9042970534584733,21.0500199784326,6.151275157928467,48.630279541015625
183,14,2,False,6.070168613792022,21.090662071640228,10.303936958312988,43.974151611328125
183,34,2,False,0.0,0.0,,
183,91,1,True,0.0,0.0,,
183,28,1,False,0.0,0.0,,
183,13,2,False,0.0,0.0,,
183,26,2,False,0.0,0.0,,
183,22,1,False,0.0,0.0,,
183,15,1,False,9.716492925127815,13.56596886345053,22.55509376525879,33.14170455932617
183,3,2,False,6.3842868909220165,18.24314285214779,15.55396556854248,33.14902114868164
183,16,1,False,10.584572836106066,26.742084440437285,21.156936645507812,15.837777137756348
183,19,1,False,0.0,0.0,,
183,12,1,False,5.443715381569176,17.5502750603832,12.010422706604004,34.766544342041016
183,8,2,False,0.0,0.0,,
184,1,2,False,9.703783980424568,19.440768189590337,21.8128662109375,46.55625534057617
184,4,2,False,0.0,0.0,,
184,5,1,False,14.43894041991187,22.89051153953587,20.32329559326172,44.9208869934082
184,6,1,False,2.872972360227434,19.494790698929723,14.985817909240723,59.693355560302734
184,9,1,False,0.0,0.0,,
184,10,2,False,0.0,0.0,,
184,11,1,False,3.9042970534584733,21.0500199784326,6.148270130157471,48.705570220947266
184,14,2,False,6.070168613792022,21.090662071640228,10.334529876708984,43.890419006347656
184,34,2,False,0.0,0.0,,
184,91,1,True,0.0,0.0,,
184,28,1,False,0.0,0.0,,
184,13,2,False,0.0,0.0,,
184,26,2,False,0.0,0.0,,
184,22,1,False,0.0,0.0,,
184,15,1,False,9.716492925127815,13.56596886345053,22.50192642211914,33.13239288330078
184,3,2,False,6.3842868909220165,18.24314285214779,15.528055191040039,33.14445495605469
184,16,1,False,10.584572836106066,26.742084440437285,21.029582977294922,15.817168235778809
184,19,1,False,0.0,0.0,,
184,12,1,False,5.443715381569176,17.5502750603832,11.972288131713867,34.6447868347168
184,8,2,False,0.0,0.0,,
185,1,2,False,6.6501698726902525,19.8256159831488,21.76883888244629,46.45897674560547
185,4,2,False,0.0,0.0,,
185,5,1,False,6.8481820615916265,23.286818371803903,20.276649475097656,44.819862365722656
185,6,1,False,4.395366041783617,19.74915215968109,14.961980819702148,59.632266998291016
185,9,1,False,0.0,0.0,,
185,10,2,False,0.0,0.0,,
185,11,1,False,1.2953541391580419,21.12498260222647,6.148270130157471,48.705570220947266
185,14,2,False,2.088448596036213,21.211521365392322,10.343077659606934,43.802371978759766
185,34,2,False,0.0,0.0,,
185,91,1,True,0.0,0.0,,
185,28,1,False,0.0,0.0,,
185,13,2,False,0.0,0.0,,
185,26,2,False,0.0,0.0,,
185,22,1,False,0.0,0.0,,
185,15,1,False,4.669006743035939,13.836166012931777,22.477144241333008,33.00197219848633
185,3,2,False,4.246444951360568,18.48888619424042,15.519735336303711,33.02122497558594
185,16,1,False,12.121641440478086,27.44356832009458,20.96539306640625,15.625268936157227
185,19,1,False,0.0,0.0,,
185,12,1,False,3.406631761242641,17.747418102121777,11.947181701660156,34.64031982421875
185,8,2,False,0.0,0.0,,
185,7,2,False,0.0,0.0,,
186,1,2,False,6.6501698726902525,19.8256159831488,21.746482849121094,46.45482635498047
186,4,2,False,0.0,0.0,,
186,5,1,False,6.8481820615916265,23.286818371803903,20.23119354248047,44.81147003173828
186,6,1,False,4.395366041783617,19.74915215968109,14.93809700012207,59.5710563659668
186,9,1,False,0.0,0.0,,
186,10,2,False,0.0,0.0,,
186,11,1,False,1.2953541391580419,21.12498260222647,6.165476322174072,48.78452682495117
186,14,2,False,2.088448596036213,21.211521365392322,10.351645469665527,43.71410369873047
186,34,2,False,0.0,0.0,,
186,91,1,True,0.0,0.0,,
186,28,1,False,0.0,0.0,,
186,13,2,False,0.0,0.0,,
186,26,2,False,0.0,0.0,,
186,22,1,False,0.0,0.0,,
186,15,1,False,4.669006743035939,13.836166012931777,22.395606994628906,33.113765716552734
186,3,2,False,4.246444951360568,18.48888619424042,15.493788719177246,33.01665496826172
186,16,1,False,12.121641440478086,27.44356832009458,20.90097999572754,15.432706832885742
186,19,1,False,0.0,0.0,,
186,12,1,False,3.406631761242641,17.747418102121777,11.908906936645508,34.51822280883789
186,8,2,False,0.0,0.0,,
186,7,2,False,0.0,0.0,,
187,1,2,False,6.6501698726902525,19.8256159831488,21.72470474243164,46.36146545410156
187,4,2,False,0.0,0.0,,
187,5,1,False,6.8481820615916265,23.286818371803903,20.184377670288086,44.71018981933594
187,6,1,False,4.395366041783617,19.74915215968109,14.931842803955078,59.513206481933594
187,9,1,False,0.0,0.0,,
187,10,2,False,0.0,0.0,,
187,11,1,False,1.2953541391580419,21.12498260222647,6.1452717781066895,48.78068923950195
187,14,2,False,2.088448596036213,21.211521365392322,10.382416725158691,43.62971878051758
187,34,2,False,0.0,0.0,,
187,91,1,True,0.0,0.0,,
187,13,2,False,0.0,0.0,,
187,26,2,False,0.0,0.0,,
187,22,1,False,0.0,0.0,,
187,15,1,False,4.669006743035939,13.836166012931777,22.34245491027832,33.104454040527344
187,3,2,False,4.246444951360568,18.48888619424042,15.485406875610352,32.893062591552734
187,16,1,False,12.121641440478086,27.44356832009458,20.83634376525879,15.239477157592773
187,19,1,False,0.0,0.0,,
187,12,1,False,3.406631761242641,17.747418102121777,11.883767127990723,34.51375198364258
187,8,2,False,0.0,0.0,,
187,7,2,False,0.0,0.0,,
188,1,2,False,6.6501698726902525,19.8256159831488,21.70287322998047,46.26787567138672
188,4,2,False,0.0,0.0,,
188,5,1,False,6.8481820615916265,23.286818371803903,20.116119384765625,44.69758987426758
188,6,1,False,4.395366041783617,19.74915215968109,14.907882690429688,59.45176315307617
188,9,1,False,0.0,0.0,,
188,10,2,False,0.0,0.0,,
188,11,1,False,1.2953541391580419,21.12498260222647,6.165476322174072,48.78452682495117
188,14,2,False,2.088448596036213,21.211521365392322,10.404597282409668,43.633827209472656
188,34,2,False,0.0,0.0,,
188,91,1,True,0.0,0.0,,
188,13,2,False,0.0,0.0,,
188,26,2,False,0.0,0.0,,
188,22,1,False,0.0,0.0,,
188,15,1,False,4.669006743035939,13.836166012931777,22.289306640625,33.09514236450195
188,3,2,False,4.246444951360568,18.48888619424042,15.433442115783691,32.88391876220703
188,16,1,False,12.121641440478086,27.44356832009458,20.772356033325195,15.229148864746094
188,19,1,False,0.0,0.0,,
188,12,1,False,3.406631761242641,17.747418102121777,11.858628273010254,34.50928497314453
188,8,2,False,0.0,0.0,,
188,7,2,False,0.0,0.0,,
188,28,1,False,0.0,0.0,,
189,1,2,False,6.6501698726902525,19.8256159831488,21.703426361083984,46.17821502685547
189,4,2,False,0.0,0.0,,
189,5,1,False,6.8481820615916265,23.286818371803903,20.06910514831543,44.596046447753906
189,6,1,False,4.395366041783617,19.74915215968109,14.901586532592773,59.393680572509766
189,9,1,False,0.0,0.0,,
189,10,2,False,0.0,0.0,,
189,11,1,False,1.2953541391580419,21.12498260222647,6.1452717781066895,48.78068923950195
189,14,2,False,2.088448596036213,21.211521365392322,10.426778793334961,43.63793182373047
189,34,2,False,0.0,0.0,,
189,91,1,True,0.0,0.0,,
189,13,2,False,0.0,0.0,,
189,26,2,False,0.0,0.0,,
189,22,1,False,0.0,0.0,,
189,15,1,False,4.669006743035939,13.836166012931777,22.290830612182617,32.9693489074707
189,3,2,False,4.246444951360568,18.48888619424042,15.381481170654297,32.87477493286133
189,16,1,False,12.121641440478086,27.44356832009458,20.707387924194336,15.03524112701416
189,19,1,False,0.0,0.0,,
189,12,1,False,3.406631761242641,17.747418102121777,11.833490371704102,34.504817962646484
189,8,2,False,0.0,0.0,,
189,7,2,False,0.0,0.0,,
189,28,1,False,0.0,0.0,,
190,1,2,False,11.800740815172935,20.508529224767607,21.6815128326416,46.08416748046875
190,4,2,False,0.0,0.0,,
190,5,1,False,8.628926230488116,23.786177528660854,20.044784545898438,44.49846267700195
190,6,1,False,9.487101018976663,20.298174209390385,14.883875846862793,59.390193939208984
190,9,1,False,0.0,0.0,,
190,10,2,False,0.0,0.0,,
190,11,1,False,18.655656443922943,22.20459235013868,6.125067710876465,48.776851654052734
190,14,2,False,11.450064331823734,21.87414082903953,10.440258026123047,43.73051834106445
190,34,2,False,0.0,0.0,,
190,91,1,True,0.0,0.0,,
190,13,2,False,0.0,0.0,,
190,26,2,False,0.0,0.0,,
190,22,1,False,0.0,0.0,,
190,15,1,False,16.67582267307973,14.80120204725352,22.210996627807617,32.95536804199219
190,3,2,False,21.629435612862316,19.74058964405884,15.329524040222168,32.865631103515625
190,16,1,False,30.80540418659231,29.226288469781636,20.611255645751953,15.019739151000977
190,19,1,False,0.0,0.0,,
190,12,1,False,20.392691442058528,18.927550708722386,11.808354377746582,34.50034713745117
190,8,2,False,0.0,0.0,,
190,7,2,False,0.0,0.0,,
190,28,1,False,0.0,0.0,,
191,1,2,False,11.800740815172935,20.508529224767607,21.659547805786133,45.98988723754883
191,4,2,False,0.0,0.0,,
191,5,1,False,8.628926230488116,23.786177528660854,20.01881980895996,44.3067741394043
191,6,1,False,9.487101018976663,20.298174209390385,14.866166114807129,59.3867073059082
191,9,1,False,0.0,0.0,,
191,10,2,False,0.0,0.0,,
191,11,1,False,18.655656443922943,22.20459235013868,6.104864120483398,48.77301788330078
191,14,2,False,11.450064331823734,21.87414082903953,10.41810417175293,43.72641372680664
191,34,2,False,0.0,0.0,,
191,91,1,True,0.0,0.0,,
191,13,2,False,0.0,0.0,,
191,26,2,False,0.0,0.0,,
191,22,1,False,0.0,0.0,,
191,15,1,False,16.67582267307973,14.80120204725352,22.15778160095215,32.94605255126953
191,3,2,False,21.629435612862316,19.74058964405884,15.320892333984375,32.74165344238281
191,16,1,False,30.80540418659231,29.226288469781636,20.51513671875,15.004240036010742
191,19,1,False,0.0,0.0,,
191,12,1,False,20.392691442058528,18.927550708722386,11.808354377746582,34.50034713745117
191,8,2,False,0.0,0.0,,
191,7,2,False,0.0,0.0,,
192,1,2,False,11.800740815172935,20.508529224767607,21.637527465820312,45.8953742980957
192,4,2,False,0.0,0.0,,
192,5,1,False,8.628926230488116,23.786177528660854,19.971450805664062,44.20423889160156
192,6,1,False,9.487101018976663,20.298174209390385,14.830747604370117,59.379730224609375
192,9,1,False,0.0,0.0,,
192,10,2,False,0.0,0.0,,
192,11,1,False,18.655656443922943,22.20459235013868,6.081740379333496,48.84413528442383
192,14,2,False,11.450064331823734,21.87414082903953,10.426778793334961,43.63793182373047
192,34,2,False,0.0,0.0,,
192,91,1,True,0.0,0.0,,
192,13,2,False,0.0,0.0,,
192,26,2,False,0.0,0.0,,
192,22,1,False,0.0,0.0,,
192,15,1,False,16.67582267307973,14.80120204725352,22.10582160949707,32.81053924560547
192,3,2,False,21.629435612862316,19.74058964405884,15.294878005981445,32.73707962036133
192,16,1,False,30.80540418659231,29.226288469781636,20.356586456298828,15.1620454788208
192,19,1,False,0.0,0.0,,
192,12,1,False,20.392691442058528,18.927550708722386,11.75808334350586,34.49141311645508
192,7,2,False,0.0,0.0,,
193,1,2,False,11.800740815172935,20.508529224767607,21.66054916381836,45.80897903442383
193,4,2,False,0.0,0.0,,
193,5,1,False,8.628926230488116,23.786177528660854,19.946882247924805,44.10566711425781
193,6,1,False,9.487101018976663,20.298174209390385,14.795331001281738,59.37275695800781
193,9,1,False,0.0,0.0,,
193,10,2,False,0.0,0.0,,
193,11,1,False,18.655656443922943,22.20459235013868,6.081740379333496,48.84413528442383
193,14,2,False,11.450064331823734,21.87414082903953,10.43547534942627,43.54922866821289
193,34,2,False,0.0,0.0,,
193,91,1,True,0.0,0.0,,
193,13,2,False,0.0,0.0,,
193,22,1,False,0.0,0.0,,
193,15,1,False,16.67582267307973,14.80120204725352,22.10707664489746,32.68396759033203
193,3,2,False,21.629435612862316,19.74058964405884,15.242852210998535,32.727928161621094
193,16,1,False,30.80540418659231,29.226288469781636,20.290918350219727,14.968084335327148
193,19,1,False,0.0,0.0,,
193,12,1,False,20.392691442058528,18.927550708722386,11.707817077636719,34.482479095458984
193,7,2,False,0.0,0.0,,
194,1,2,False,11.800740815172935,20.508529224767607,21.63800048828125,45.80480194091797
194,4,2,False,0.0,0.0,,
194,5,1,False,8.628926230488116,23.786177528660854,19.945201873779297,44.01107406616211
194,6,1,False,9.487101018976663,20.298174209390385,14.759916305541992,59.36578369140625
194,9,1,False,0.0,0.0,,
194,10,2,False,0.0,0.0,,
194,11,1,False,18.655656443922943,22.20459235013868,6.098981857299805,48.92274475097656
194,14,2,False,11.450064331823734,21.87414082903953,10.421956062316895,43.45618438720703
194,34,2,False,0.0,0.0,,
194,91,1,True,0.0,0.0,,
194,13,2,False,0.0,0.0,,
194,22,1,False,0.0,0.0,,
194,15,1,False,16.67582267307973,14.80120204725352,22.080392837524414,32.679298400878906
194,3,2,False,21.629435612862316,19.74058964405884,15.199650764465332,32.842777252197266
194,16,1,False,30.80540418659231,29.226288469781636,20.192943572998047,14.768280029296875
194,19,1,False,0.0,0.0,,
194,12,1,False,20.392691442058528,18.927550708722386,11.707817077636719,34.482479095458984
194,7,2,False,0.0,0.0,,
194,8,2,False,0.0,0.0,,
195,1,2,False,22.246674371480523,21.795952510154212,21.393657684326172,46.70344924926758
195,4,2,False,0.0,0.0,,
195,5,1,False,23.474796085216596,25.14467267248126,19.69447135925293,44.85432815551758
195,6,1,False,10.346478183127658,20.89692873387694,14.632064819335938,59.8780632019043
195,9,1,False,0.0,0.0,,
195,10,2,False,0.0,0.0,,
195,11,1,False,6.9329800164293935,22.605806471459825,6.117911338806152,49.85643768310547
195,14,2,False,17.65399318054903,22.895783952913895,10.3704833984375,44.38945388793945
195,34,2,False,0.0,0.0,,
195,91,1,True,0.0,0.0,,
195,13,2,False,0.0,0.0,,
195,22,1,False,0.0,0.0,,
195,15,1,False,20.488502691114856,15.986879286322667,21.785905838012695,33.82173538208008
195,3,2,False,22.091912147075945,21.019056782199808,15.041427612304688,34.0837287902832
195,16,1,False,30.330915191300704,30.9815497655745,19.811052322387695,16.612775802612305
195,19,1,False,0.0,0.0,,
195,12,1,False,22.926013183331975,20.2542875827578,11.581244468688965,35.65842056274414
195,7,2,False,0.0,0.0,23.26900291442871,34.8174934387207
195,8,2,False,0.0,0.0,,
196,1,2,False,22.246674371480523,21.795952510154212,21.59332275390625,45.70564270019531
196,4,2,False,0.0,0.0,,
196,5,1,False,23.474796085216596,25.14467267248126,19.851608276367188,43.89932632446289
196,6,1,False,10.346478183127658,20.89692873387694,14.700297355651855,59.29710006713867
196,9,1,False,0.0,0.0,,
196,10,2,False,0.0,0.0,,
196,11,1,False,6.9329800164293935,22.605806471459825,6.110296249389648,49.14986801147461
196,14,2,False,17.65399318054903,22.895783952913895,10.430668830871582,43.36702346801758
196,34,2,False,0.0,0.0,,
196,91,1,True,0.0,0.0,,
196,13,2,False,0.0,0.0,,
196,22,1,False,0.0,0.0,,
196,15,1,False,20.488502691114856,15.986879286322667,22.028169631958008,32.543006896972656
196,3,2,False,22.091912147075945,21.019056782199808,15.17367935180664,32.83820724487305
196,16,1,False,30.330915191300704,30.9815497655745,20.000503540039062,14.737277030944824
196,19,1,False,0.0,0.0,,
196,12,1,False,22.926013183331975,20.2542875827578,11.682685852050781,34.47801208496094
196,7,2,False,0.0,0.0,,
196,8,2,False,0.0,0.0,,
197,1,2,False,22.246674371480523,21.795952510154212,21.61634635925293,45.61879348754883
197,4,2,False,0.0,0.0,,
197,5,1,False,23.474796085216596,25.14467267248126,19.80379295349121,43.79576873779297
197,6,1,False,10.346478183127658,20.89692873387694,14.6648530960083,59.29011917114258
197,9,1,False,0.0,0.0,,
197,10,2,False,0.0,0.0,,
197,11,1,False,6.9329800164293935,22.605806471459825,6.127427101135254,49.22777557373047
197,14,2,False,17.65399318054903,22.895783952913895,10.430668830871582,43.36702346801758
197,34,2,False,0.0,0.0,,
197,91,1,True,0.0,0.0,,
197,13,2,False,0.0,0.0,,
197,22,1,False,0.0,0.0,,
197,15,1,False,20.488502691114856,15.986879286322667,21.973670959472656,32.6606330871582
197,3,2,False,22.091912147075945,21.019056782199808,15.147708892822266,32.83363723754883
197,16,1,False,30.330915191300704,30.9815497655745,19.936370849609375,14.726944923400879
197,19,1,False,0.0,0.0,,
197,12,1,False,22.926013183331975,20.2542875827578,11.669161796569824,34.360008239746094
197,7,2,False,0.0,0.0,,
197,8,2,False,0.0,0.0,,
198,1,2,False,22.246674371480523,21.795952510154212,21.240392684936523,46.49983215332031
198,4,2,False,0.0,0.0,,
198,5,1,False,23.474796085216596,25.14467267248126,19.39779281616211,44.617034912109375
198,6,1,False,10.346478183127658,20.89692873387694,14.412968635559082,59.891902923583984
198,9,1,False,0.0,0.0,,
198,10,2,False,0.0,0.0,,
198,11,1,False,6.9329800164293935,22.605806471459825,6.010024070739746,50.12874221801758
198,14,2,False,17.65399318054903,22.895783952913895,10.228006362915039,44.276695251464844
198,34,2,False,0.0,0.0,,
198,91,1,True,0.0,0.0,,
198,13,2,False,0.0,0.0,,
198,22,1,False,0.0,0.0,,
198,15,1,False,20.488502691114856,15.986879286322667,21.472713470458984,34.015655517578125
198,16,1,False,30.330915191300704,30.9815497655745,19.34283447265625,16.540855407714844
198,19,1,False,0.0,0.0,,
198,12,1,False,22.926013183331975,20.2542875827578,11.336819648742676,35.617401123046875
198,7,2,False,0.0,0.0,22.953462600708008,35.00679397583008
198,8,2,False,0.0,0.0,,
198,117,2,False,0.0,0.0,,
199,1,2,False,22.246674371480523,21.795952510154212,21.639427185058594,45.53171920776367
199,4,2,False,0.0,0.0,,
199,5,1,False,23.474796085216596,25.14467267248126,19.751985549926758,43.500511169433594
199,6,1,False,10.346478183127658,20.89692873387694,14.647130966186523,59.2866325378418
199,9,1,False,0.0,0.0,,
199,10,2,False,0.0,0.0,,
199,11,1,False,6.9329800164293935,22.605806471459825,6.181593418121338,49.38687515258789
199,14,2,False,17.65399318054903,22.895783952913895,10.461697578430176,43.281761169433594
199,34,2,False,0.0,0.0,,
199,91,1,True,0.0,0.0,0.04978276789188385,34.52623748779297
199,13,2,False,0.0,0.0,,
199,22,1,False,0.0,0.0,,
199,15,1,False,20.488502691114856,15.986879286322667,21.893640518188477,32.646636962890625
199,16,1,False,30.330915191300704,30.9815497655745,19.776065826416016,14.701117515563965
199,19,1,False,0.0,0.0,,
199,12,1,False,22.926013183331975,20.2542875827578,11.568504333496094,34.342124938964844
199,7,2,False,0.0,0.0,,
199,8,2,False,0.0,0.0,,
199,117,2,False,0.0,0.0,0.04978276789188385,34.52623748779297
200,1,2,False,1.584824054209762,21.887666865143203,21.662569046020508,45.44442367553711
200,4,2,False,0.0,0.0,,
200,5,1,False,5.760265944020672,25.478021396093567,19.72889518737793,43.49626922607422
200,6,1,False,2.674256752620707,21.051688962616566,14.611689567565918,59.27965545654297
200,9,1,False,0.0,0.0,,
200,10,2,False,0.0,0.0,,
200,11,1,False,2.917476071278598,22.77464189225141,6.218585014343262,49.46805953979492
200,14,2,False,1.5519279067561162,22.985594595665987,10.452935218811035,43.37114334106445
200,34,2,False,0.0,0.0,,
200,91,1,True,4.976606452115043,0.28799805857147237,0.09783083200454712,34.53485870361328
200,13,2,False,0.0,0.0,,
200,22,1,False,0.0,0.0,,
200,15,1,False,0.0,0.0,21.840293884277344,32.637306213378906
200,16,1,False,8.424497329337996,31.469078546207484,19.650726318359375,14.864851951599121
200,19,1,False,0.0,0.0,,
200,12,1,False,3.4269933446452776,20.452608956869216,11.518181800842285,34.33318328857422
200,7,2,False,0.0,0.0,,
200,8,2,False,0.0,0.0,,
200,117,2,False,0.0,0.0,0.09783083200454712,34.53485870361328
200,3,2,False,2.715544951025107,21.176206374273022,14.99190902709961,32.80622100830078
201,1,2,False,1.584824054209762,21.887666865143203,21.68577003479004,45.35690689086914
201,4,2,False,0.0,0.0,,
201,5,1,False,5.760265944020672,25.478021396093567,19.70380210876465,43.395931243896484
201,6,1,False,2.674256752620707,21.051688962616566,14.587350845336914,59.217811584472656
201,9,1,False,0.0,0.0,,
201,10,2,False,0.0,0.0,,
201,11,1,False,2.917476071278598,22.77464189225141,6.255494594573975,49.54906463623047
201,14,2,False,1.5519279067561162,22.985594595665987,10.461697578430176,43.281761169433594
201,34,2,False,0.0,0.0,,
201,91,1,True,4.976606452115043,0.28799805857147237,0.12658116221427917,34.6483154296875
201,13,2,False,0.0,0.0,,
201,22,1,False,0.0,0.0,,
201,15,1,False,0.0,0.0,21.841156005859375,32.51031494140625
201,16,1,False,8.424497329337996,31.469078546207484,19.586742401123047,14.854534149169922
201,19,1,False,0.0,0.0,,
201,12,1,False,3.4269933446452776,20.452608956869216,11.467863082885742,34.32424545288086
201,7,2,False,0.0,0.0,,
201,8,2,False,0.0,0.0,,
201,117,2,False,0.0,0.0,0.12658116221427917,34.6483154296875
201,3,2,False,2.715544951025107,21.176206374273022,14.965946197509766,32.80165100097656
202,1,2,False,1.584824054209762,21.887666865143203,21.686307907104492,45.26496505737305
202,4,2,False,0.0,0.0,,
202,5,1,False,5.760265944020672,25.478021396093567,19.701793670654297,43.299583435058594
202,6,1,False,2.674256752620707,21.051688962616566,14.569613456726074,59.214317321777344
202,9,1,False,0.0,0.0,,
202,10,2,False,0.0,0.0,,
202,11,1,False,2.917476071278598,22.77464189225141,6.275472640991211,49.55287170410156
202,14,2,False,1.5519279067561162,22.985594595665987,10.461697578430176,43.281761169433594
202,34,2,False,0.0,0.0,,
202,91,1,True,4.976606452115043,0.28799805857147237,0.1505744755268097,34.65262222290039
202,13,2,False,0.0,0.0,,
202,22,1,False,0.0,0.0,,
202,15,1,False,0.0,0.0,21.84202003479004,32.3829460144043
202,16,1,False,8.424497329337996,31.469078546207484,19.51966094970703,14.659809112548828
202,19,1,False,0.0,0.0,,
202,12,1,False,3.4269933446452776,20.452608956869216,11.428825378417969,34.2014045715332
202,7,2,False,0.0,0.0,,
202,8,2,False,0.0,0.0,,
202,117,2,False,0.0,0.0,0.1505744755268097,34.65262222290039
202,3,2,False,2.715544951025107,21.176206374273022,14.965946197509766,32.80165100097656
203,1,2,False,1.584824054209762,21.887666865143203,21.663076400756836,45.35271072387695
203,4,2,False,0.0,0.0,,
203,5,1,False,5.760265944020672,25.478021396093567,19.67660140991211,43.198734283447266
203,6,1,False,2.674256752620707,21.051688962616566,14.55187702178955,59.2108268737793
203,9,1,False,0.0,0.0,,
203,10,2,False,0.0,0.0,,
203,11,1,False,2.917476071278598,22.77464189225141,6.318589687347412,49.48710250854492
203,14,2,False,1.5519279067561162,22.985594595665987,10.461697578430176,43.281761169433594
203,34,2,False,0.0,0.0,,
203,91,1,True,4.976606452115043,0.28799805857147237,0.17456872761249542,34.65693283081055
203,13,2,False,0.0,0.0,,
203,22,1,False,0.0,0.0,,
203,15,1,False,0.0,0.0,21.815269470214844,32.378273010253906
203,16,1,False,8.424497329337996,31.469078546207484,19.455575942993164,14.649484634399414
203,19,1,False,0.0,0.0,,
203,12,1,False,3.4269933446452776,20.452608956869216,11.403634071350098,34.196929931640625
203,7,2,False,0.0,0.0,,
203,8,2,False,0.0,0.0,,
203,117,2,False,0.0,0.0,0.17456872761249542,34.65693283081055
203,3,2,False,2.715544951025107,21.176206374273022,14.923230171203613,32.91619873046875
204,1,2,False,1.584824054209762,21.887666865143203,21.663076400756836,45.35271072387695
204,4,2,False,0.0,0.0,,
204,5,1,False,5.760265944020672,25.478021396093567,19.653425216674805,43.194480895996094
204,6,1,False,2.674256752620707,21.051688962616566,14.516406059265137,59.2038459777832
204,9,1,False,0.0,0.0,,
204,10,2,False,0.0,0.0,,
204,11,1,False,2.917476071278598,22.77464189225141,6.3618083000183105,49.42117691040039
204,14,2,False,1.5519279067561162,22.985594595665987,10.461697578430176,43.281761169433594
204,34,2,False,0.0,0.0,,
204,13,2,False,0.0,0.0,,
204,22,1,False,0.0,0.0,,
204,15,1,False,0.0,0.0,21.816097259521484,32.25052261352539
204,16,1,False,8.424497329337996,31.469078546207484,19.423534393310547,14.644322395324707
204,19,1,False,0.0,0.0,,
204,12,1,False,3.4269933446452776,20.452608956869216,11.403634071350098,34.196929931640625
204,7,2,False,0.0,0.0,,
204,8,2,False,0.0,0.0,,
204,3,2,False,2.715544951025107,21.176206374273022,14.923230171203613,32.91619873046875
205,1,2,False,1.70515288988957,21.98634469441922,21.663076400756836,45.35271072387695
205,4,2,False,0.0,0.0,,
205,5,1,False,9.376583199907193,26.02064773868079,19.607072830200195,43.185977935791016
205,6,1,False,4.0595398283033886,21.286616036013754,14.480936050415039,59.19686508178711
205,9,1,False,0.0,0.0,,
205,10,2,False,0.0,0.0,,
205,11,1,False,7.912088145629472,23.232517363642003,6.381834983825684,49.424991607666016
205,14,2,False,1.677592004679411,23.082677466307157,10.461697578430176,43.281761169433594
205,34,2,False,0.0,0.0,,
205,13,2,False,0.0,0.0,,
205,22,1,False,0.0,0.0,,
205,16,1,False,8.789559065815041,31.97773358473845,19.388151168823242,14.454073905944824
205,19,1,False,0.0,0.0,,
205,12,1,False,4.371092344021379,20.705565689740823,11.378442764282227,34.19245529174805
205,7,2,False,0.0,0.0,,
205,8,2,False,0.0,0.0,,
205,3,2,False,4.31064175530909,21.425664809186742,14.871387481689453,32.90707015991211
205,91,1,True,2.5246918490864543,0.4341029109491607,0.2511042356491089,34.778682708740234
206,1,2,False,1.70515288988957,21.98634469441922,21.640384674072266,45.348514556884766
206,4,2,False,0.0,0.0,,
206,5,1,False,9.376583199907193,26.02064773868079,19.535324096679688,43.076351165771484
206,6,1,False,4.0595398283033886,21.286616036013754,14.44546890258789,59.18988037109375
206,9,1,False,0.0,0.0,,
206,10,2,False,0.0,0.0,,
206,11,1,False,7.912088145629472,23.232517363642003,6.401862621307373,49.428802490234375
206,14,2,False,1.677592004679411,23.082677466307157,10.461697578430176,43.281761169433594
206,34,2,False,0.0,0.0,,
206,13,2,False,0.0,0.0,,
206,22,1,False,0.0,0.0,,
206,16,1,False,8.789559065815041,31.97773358473845,19.291873931884766,14.438576698303223
206,19,1,False,0.0,0.0,,
206,12,1,False,4.371092344021379,20.705565689740823,11.342083930969238,34.30189895629883
206,7,2,False,0.0,0.0,,
206,8,2,False,0.0,0.0,,
206,3,2,False,4.31064175530909,21.425664809186742,14.871387481689453,32.90707015991211
206,120,2,False,0.0,0.0,,
206,91,1,True,2.5246918490864543,0.4341029109491607,0.2750692069530487,34.78298568725586
206,28,1,False,0.0,0.0,,
207,1,2,False,1.70515288988957,21.98634469441922,21.640384674072266,45.348514556884766
207,4,2,False,0.0,0.0,,
207,5,1,False,9.376583199907193,26.02064773868079,19.442520141601562,43.059329986572266
207,6,1,False,4.0595398283033886,21.286616036013754,14.410002708435059,59.182899475097656
207,9,1,False,0.0,0.0,,
207,10,2,False,0.0,0.0,,
207,11,1,False,7.912088145629472,23.232517363642003,6.398604869842529,49.50233840942383
207,14,2,False,1.677592004679411,23.082677466307157,10.461697578430176,43.281761169433594
207,34,2,False,0.0,0.0,,
207,13,2,False,0.0,0.0,,
207,22,1,False,0.0,0.0,,
207,16,1,False,8.789559065815041,31.97773358473845,19.227697372436523,14.42824649810791
207,19,1,False,0.0,0.0,,
207,12,1,False,4.371092344021379,20.705565689740823,11.302875518798828,34.179039001464844
207,7,2,False,0.0,0.0,,
207,8,2,False,0.0,0.0,,
207,3,2,False,4.31064175530909,21.425664809186742,14.828877449035645,33.02128601074219
207,120,2,False,0.0,0.0,,
207,91,1,True,2.5246918490864543,0.4341029109491607,0.3230019211769104,34.791595458984375
207,28,1,False,0.0,0.0,,
208,1,2,False,1.70515288988957,21.98634469441922,21.640384674072266,45.348514556884766
208,4,2,False,0.0,0.0,,
208,5,1,False,9.376583199907193,26.02064773868079,19.3497314453125,43.04231262207031
208,6,1,False,4.0595398283033886,21.286616036013754,14.374539375305176,59.17592239379883
208,9,1,False,0.0,0.0,,
208,10,2,False,0.0,0.0,,
208,11,1,False,7.912088145629472,23.232517363642003,6.412071228027344,49.652706146240234
208,14,2,False,1.677592004679411,23.082677466307157,10.430668830871582,43.36702346801758
208,34,2,False,0.0,0.0,,
208,13,2,False,0.0,0.0,,
208,22,1,False,0.0,0.0,,
208,16,1,False,8.789559065815041,31.97773358473845,19.13524627685547,14.59787654876709
208,19,1,False,0.0,0.0,,
208,12,1,False,4.371092344021379,20.705565689740823,11.26662826538086,34.28849411010742
208,7,2,False,0.0,0.0,,
208,8,2,False,0.0,0.0,,
208,3,2,False,4.31064175530909,21.425664809186742,14.786494255065918,33.13515853881836
208,120,2,False,0.0,0.0,,
208,91,1,True,2.5246918490864543,0.4341029109491607,0.3469696342945099,34.795902252197266
209,1,2,False,1.70515288988957,21.98634469441922,21.640865325927734,45.25656509399414
209,4,2,False,0.0,0.0,,
209,5,1,False,9.376583199907193,26.02064773868079,19.324031829833984,42.94089889526367
209,6,1,False,4.0595398283033886,21.286616036013754,14.3213472366333,59.16545104980469
209,9,1,False,0.0,0.0,,
209,10,2,False,0.0,0.0,,
209,11,1,False,7.912088145629472,23.232517363642003,6.428750038146973,49.72953414916992
209,14,2,False,1.677592004679411,23.082677466307157,10.430668830871582,43.36702346801758
209,34,2,False,0.0,0.0,,
209,13,2,False,0.0,0.0,,
209,22,1,False,0.0,0.0,,
209,16,1,False,8.789559065815041,31.97773358473845,19.103221893310547,14.592717170715332
209,19,1,False,0.0,0.0,,
209,12,1,False,4.371092344021379,20.705565689740823,11.26662826538086,34.28849411010742
209,7,2,False,0.0,0.0,23.296871185302734,33.3974494934082
209,8,2,False,0.0,0.0,,
209,3,2,False,4.31064175530909,21.425664809186742,14.786494255065918,33.13515853881836
209,120,2,False,0.0,0.0,,
209,91,1,True,2.5246918490864543,0.4341029109491607,0.3709382712841034,34.80020523071289
210,1,2,False,0.39922667591602995,22.009448090016214,21.640865325927734,45.25656509399414
210,4,2,False,0.0,0.0,,
210,5,1,False,6.17400195433264,26.37793951844541,19.295719146728516,42.7415657043457
210,6,1,False,3.2724438017549335,21.475993570837534,14.250432014465332,59.151493072509766
210,9,1,False,0.0,0.0,,
210,10,2,False,0.0,0.0,,
210,11,1,False,9.026405209985342,23.754878776256895,6.442102909088135,49.878883361816406
210,14,2,False,1.673185747046744,23.179505345187177,10.408402442932129,43.36290740966797
210,34,2,False,0.0,0.0,,
210,13,2,False,0.0,0.0,,
210,22,1,False,0.0,0.0,,
210,16,1,False,7.94437952698365,32.43747777032778,18.979217529296875,14.756568908691406
210,19,1,False,0.0,0.0,,
210,12,1,False,6.156251613811127,21.06183025072526,11.230486869812012,34.39762878417969
210,7,2,False,2.3895884476967315,8.683756360781828,23.270296096801758,33.392791748046875
210,8,2,False,0.0,0.0,,
210,3,2,False,3.6267028144817837,21.635543444284068,14.760652542114258,33.1306037902832
210,120,2,False,0.0,0.0,,
210,91,1,True,6.202148354228706,0.793023533300359,0.3949078321456909,34.80451202392578
211,1,2,False,0.39922667591602995,22.009448090016214,21.640865325927734,45.25656509399414
211,4,2,False,0.0,0.0,,
211,5,1,False,6.17400195433264,26.37793951844541,19.2491512298584,42.7330322265625
211,6,1,False,3.2724438017549335,21.475993570837534,14.197251319885254,59.14102554321289
211,10,2,False,0.0,0.0,,
211,11,1,False,9.026405209985342,23.754878776256895,6.455395221710205,50.02756118774414
211,14,2,False,1.673185747046744,23.179505345187177,10.408402442932129,43.36290740966797
211,34,2,False,0.0,0.0,,
211,13,2,False,0.0,0.0,,
211,22,1,False,0.0,0.0,,
211,16,1,False,7.94437952698365,32.43747777032778,18.851390838623047,14.735957145690918
211,19,1,False,0.0,0.0,,
211,12,1,False,6.156251613811127,21.06183025072526,11.180262565612793,34.388702392578125
211,7,2,False,2.3895884476967315,8.683756360781828,23.270296096801758,33.392791748046875
211,3,2,False,3.6267028144817837,21.635543444284068,14.73481273651123,33.12604904174805
211,120,2,False,0.0,0.0,,
211,91,1,True,6.202148354228706,0.793023533300359,0.4231831431388855,34.91731643676758
211,15,1,False,0.0,0.0,21.62858772277832,32.21778106689453
212,1,2,False,0.39922667591602995,22.009448090016214,21.618146896362305,45.25236511230469
212,4,2,False,0.0,0.0,,
212,5,1,False,6.17400195433264,26.37793951844541,19.223224639892578,42.63084030151367
212,6,1,False,3.2724438017549335,21.475993570837534,14.161799430847168,59.1340446472168
212,10,2,False,0.0,0.0,,
212,11,1,False,9.026405209985342,23.754878776256895,6.4686279296875,50.175567626953125
212,14,2,False,1.673185747046744,23.179505345187177,10.386137962341309,43.358787536621094
212,34,2,False,0.0,0.0,,
212,13,2,False,0.0,0.0,,
212,22,1,False,0.0,0.0,,
212,16,1,False,7.94437952698365,32.43747777032778,18.783071517944336,14.541138648986816
212,19,1,False,0.0,0.0,,
212,12,1,False,6.156251613811127,21.06183025072526,11.140889167785645,34.26615524291992
212,7,2,False,2.3895884476967315,8.683756360781828,23.24079704284668,33.513031005859375
212,3,2,False,3.6267028144817837,21.635543444284068,14.708972930908203,33.12149429321289
212,120,2,False,0.0,0.0,,
212,91,1,True,6.202148354228706,0.793023533300359,0.44712167978286743,34.9216194152832
212,15,1,False,0.0,0.0,21.601804733276367,32.21310806274414
213,1,2,False,0.39922667591602995,22.009448090016214,21.618146896362305,45.25236511230469
213,4,2,False,0.0,0.0,,
213,5,1,False,6.17400195433264,26.37793951844541,19.173891067504883,42.52410888671875
213,6,1,False,3.2724438017549335,21.475993570837534,14.144074440002441,59.130558013916016
213,10,2,False,0.0,0.0,,
213,11,1,False,9.026405209985342,23.754878776256895,6.462041854858398,50.31913757324219
213,14,2,False,1.673185747046744,23.179505345187177,10.355246543884277,43.44384002685547
213,34,2,False,0.0,0.0,,
213,13,2,False,0.0,0.0,,
213,22,1,False,0.0,0.0,,
213,16,1,False,7.94437952698365,32.43747777032778,18.75106430053711,14.535982131958008
213,19,1,False,0.0,0.0,,
213,12,1,False,6.156251613811127,21.06183025072526,11.090600967407227,34.25721740722656
213,7,2,False,2.3895884476967315,8.683756360781828,23.214262008666992,33.50837707519531
213,3,2,False,3.6267028144817837,21.635543444284068,14.65729808807373,33.11238479614258
213,120,2,False,0.0,0.0,,
213,91,1,True,6.202148354228706,0.793023533300359,0.547014057636261,35.04701232910156
213,15,1,False,0.0,0.0,21.54824447631836,32.20375442504883
214,1,2,False,0.39922667591602995,22.009448090016214,21.618146896362305,45.25236511230469
214,4,2,False,0.0,0.0,,
214,5,1,False,6.17400195433264,26.37793951844541,19.10387420654297,42.511295318603516
214,6,1,False,3.2724438017549335,21.475993570837534,14.119261741638184,59.06852722167969
214,10,2,False,0.0,0.0,,
214,11,1,False,9.026405209985342,23.754878776256895,6.478497505187988,50.39445114135742
214,14,2,False,1.673185747046744,23.179505345187177,10.355246543884277,43.44384002685547
214,34,2,False,0.0,0.0,,
214,13,2,False,0.0,0.0,,
214,22,1,False,0.0,0.0,,
214,16,1,False,7.94437952698365,32.43747777032778,18.65505599975586,14.520514488220215
214,19,1,False,0.0,0.0,,
214,12,1,False,6.156251613811127,21.06183025072526,11.040315628051758,34.248287200927734
214,7,2,False,2.3895884476967315,8.683756360781828,23.187728881835938,33.50372314453125
214,3,2,False,3.6267028144817837,21.635543444284068,14.631462097167969,33.10783386230469
214,120,2,False,0.0,0.0,,
214,91,1,True,6.202148354228706,0.793023533300359,0.5948355793952942,35.05561065673828
214,15,1,False,0.0,0.0,21.521465301513672,32.19907760620117
214,9,1,False,0.0,0.0,,
214,8,2,False,0.0,0.0,,
215,1,2,False,1.6469219575956329,22.104756073673368,21.618146896362305,45.25236511230469
215,4,2,False,0.0,0.0,,
215,5,1,False,8.42952875374955,26.865759469472582,19.033864974975586,42.49848175048828
215,6,1,False,4.3733360860985755,21.729080149894166,14.083778381347656,59.061546325683594
215,10,2,False,0.0,0.0,,
215,11,1,False,2.2672947304615674,23.886087962047494,6.49823522567749,50.39822006225586
215,14,2,False,0.39073517809631747,23.202117334660343,10.355246543884277,43.44384002685547
215,34,2,False,0.0,0.0,,
215,13,2,False,0.0,0.0,,
215,22,1,False,0.0,0.0,,
215,16,1,False,8.723252845473167,32.9422956433297,18.59105682373047,14.51020336151123
215,19,1,False,0.0,0.0,,
215,12,1,False,2.8387947601432937,21.22611235490022,11.000696182250977,34.1253776550293
215,7,2,False,2.6241772737501745,8.83561847153126,23.187728881835938,33.50372314453125
215,3,2,False,7.018507120627591,22.041707050801868,14.553959846496582,33.094173431396484
215,120,2,False,0.0,0.0,,
215,91,1,True,1.2596202514229555,0.8659182237762245,0.6426607370376587,35.064208984375
215,15,1,False,7.043831712044146,16.39450843632522,21.494686126708984,32.19440460205078
215,9,1,False,0.0,0.0,,
215,8,2,False,0.0,0.0,,
216,1,2,False,1.6469219575956329,22.104756073673368,21.572315216064453,45.33592987060547
216,4,2,False,0.0,0.0,,
216,5,1,False,8.42952875374955,26.865759469472582,18.96086883544922,42.387184143066406
216,6,1,False,4.3733360860985755,21.729080149894166,14.030558586120605,59.05107116699219
216,10,2,False,0.0,0.0,,
216,11,1,False,2.2672947304615674,23.886087962047494,6.51797342300415,50.40199279785156
216,14,2,False,0.39073517809631747,23.202117334660343,10.355246543884277,43.44384002685547
216,34,2,False,0.0,0.0,,
216,13,2,False,0.0,0.0,,
216,22,1,False,0.0,0.0,,
216,16,1,False,8.723252845473167,32.9422956433297,18.52706527709961,14.499894142150879
216,19,1,False,0.0,0.0,,
216,12,1,False,2.8387947601432937,21.22611235490022,10.950346946716309,34.11643981933594
216,7,2,False,2.6241772737501745,8.83561847153126,23.187728881835938,33.50372314453125
216,3,2,False,7.018507120627591,22.041707050801868,14.502297401428223,33.08506774902344
216,120,2,False,0.0,0.0,,
216,91,1,True,1.2596202514229555,0.8659182237762245,0.6426607370376587,35.064208984375
216,15,1,False,7.043831712044146,16.39450843632522,21.494686126708984,32.19440460205078
216,9,1,False,0.0,0.0,,
216,8,2,False,0.0,0.0,,
217,1,2,False,1.6469219575956329,22.104756073673368,21.572315216064453,45.33592987060547
217,4,2,False,0.0,0.0,,
217,5,1,False,8.42952875374955,26.865759469472582,18.890783309936523,42.37436294555664
217,6,1,False,4.3733360860985755,21.729080149894166,14.00561237335205,58.98890686035156
217,10,2,False,0.0,0.0,,
217,11,1,False,2.2672947304615674,23.886087962047494,6.537712574005127,50.405765533447266
217,14,2,False,0.39073517809631747,23.202117334660343,10.355246543884277,43.44384002685547
217,34,2,False,0.0,0.0,,
217,13,2,False,0.0,0.0,,
217,22,1,False,0.0,0.0,,
217,16,1,False,8.723252845473167,32.9422956433297,18.436132431030273,14.66899585723877
217,19,1,False,0.0,0.0,,
217,12,1,False,2.8387947601432937,21.22611235490022,10.92517375946045,34.111968994140625
217,7,2,False,2.6241772737501745,8.83561847153126,23.161197662353516,33.49906921386719
217,3,2,False,7.018507120627591,22.041707050801868,14.460471153259277,33.19865036010742
217,120,2,False,0.0,0.0,,
217,91,1,True,1.2596202514229555,0.8659182237762245,0.6665747165679932,35.06850814819336
217,15,1,False,7.043831712044146,16.39450843632522,21.495037078857422,32.066219329833984
217,9,1,False,0.0,0.0,,
217,8,2,False,0.0,0.0,,
218,1,2,False,1.6469219575956329,22.104756073673368,21.572315216064453,45.33592987060547
218,4,2,False,0.0,0.0,,
218,5,1,False,8.42952875374955,26.865759469472582,18.864301681518555,42.27133560180664
218,6,1,False,4.3733360860985755,21.729080149894166,13.95234489440918,58.97842788696289
218,10,2,False,0.0,0.0,,
218,11,1,False,2.2672947304615674,23.886087962047494,6.537712574005127,50.405765533447266
218,14,2,False,0.39073517809631747,23.202117334660343,10.333011627197266,43.439727783203125
218,34,2,False,0.0,0.0,,
218,13,2,False,0.0,0.0,,
218,22,1,False,0.0,0.0,,
218,16,1,False,8.723252845473167,32.9422956433297,18.31366539001465,14.83232593536377
218,19,1,False,0.0,0.0,,
218,12,1,False,2.8387947601432937,21.22611235490022,10.900001525878906,34.10749816894531
218,7,2,False,2.6241772737501745,8.83561847153126,23.105417251586914,33.614315032958984
218,3,2,False,7.018507120627591,22.041707050801868,14.408890724182129,33.18955612182617
218,120,2,False,0.0,0.0,,
218,91,1,True,1.2596202514229555,0.8659182237762245,0.6665747165679932,35.06850814819336
218,15,1,False,7.043831712044146,16.39450843632522,21.468530654907227,31.932964324951172
218,9,1,False,0.0,0.0,,
218,8,2,False,0.0,0.0,,
219,1,2,False,1.6469219575956329,22.104756073673368,21.572315216064453,45.33592987060547
219,4,2,False,0.0,0.0,,
219,5,1,False,8.42952875374955,26.865759469472582,18.837751388549805,42.16804122924805
219,6,1,False,4.3733360860985755,21.729080149894166,13.89908218383789,58.96794891357422
219,10,2,False,0.0,0.0,,
219,11,1,False,2.2672947304615674,23.886087962047494,6.557452201843262,50.40953826904297
219,14,2,False,0.39073517809631747,23.202117334660343,10.333011627197266,43.439727783203125
219,34,2,False,0.0,0.0,,
219,13,2,False,0.0,0.0,,
219,22,1,False,0.0,0.0,,
219,16,1,False,8.723252845473167,32.9422956433297,18.249929428100586,14.822039604187012
219,19,1,False,0.0,0.0,,
219,12,1,False,2.8387947601432937,21.22611235490022,10.864351272583008,34.21702194213867
219,7,2,False,2.6241772737501745,8.83561847153126,23.105417251586914,33.614315032958984
219,3,2,False,7.018507120627591,22.041707050801868,14.367267608642578,33.30281066894531
219,120,2,False,0.0,0.0,,
219,91,1,True,1.2596202514229555,0.8659182237762245,0.6904895901679993,35.07280731201172
219,15,1,False,7.043831712044146,16.39450843632522,21.441673278808594,31.928281784057617
219,9,1,False,0.0,0.0,,
219,8,2,False,0.0,0.0,,
220,1,2,False,0.398684154048923,22.127828073328978,21.572315216064453,45.33592987060547
220,4,2,False,0.0,0.0,,
220,5,1,False,6.9642469633158965,27.2687830205904,18.81113052368164,42.06447982788086
220,6,1,False,5.332667366910456,22.03768358547926,13.835454940795898,59.01267623901367
220,10,2,False,0.0,0.0,,
220,11,1,False,9.088034957005243,24.41201591094826,6.593502998352051,50.488441467285156
220,14,2,False,1.6251577274583575,23.29616581425863,10.333011627197266,43.439727783203125
220,34,2,False,0.0,0.0,,
220,13,2,False,0.0,0.0,,
220,22,1,False,0.0,0.0,,
220,16,1,False,5.953058988639217,33.28680137183891,18.186201095581055,14.81175422668457
220,19,1,False,0.0,0.0,,
220,12,1,False,2.2799360087011395,21.3580530961445,10.864351272583008,34.21702194213867
220,7,2,False,1.8587177144593199,8.94318315408099,23.078927993774414,33.60966873168945
220,3,2,False,2.66614071361545,22.195997601358318,14.300056457519531,33.41119384765625
220,120,2,False,0.0,0.0,,
220,91,1,True,2.7677912005646417,1.0260913256607525,0.714405357837677,35.07710647583008
220,15,1,False,5.693560611982051,16.723996897666776,21.415050506591797,31.79463005065918
220,9,1,False,0.0,0.0,,
220,8,2,False,0.0,0.0,,
221,1,2,False,0.398684154048923,22.127828073328978,21.572315216064453,45.33592987060547
221,4,2,False,0.0,0.0,,
221,5,1,False,6.9642469633158965,27.2687830205904,18.737485885620117,41.95207595825195
221,6,1,False,5.332667366910456,22.03768358547926,13.782255172729492,59.0022087097168
221,10,2,False,0.0,0.0,,
221,11,1,False,9.088034957005243,24.41201591094826,6.590080261230469,50.55963897705078
221,14,2,False,1.6251577274583575,23.29616581425863,10.333011627197266,43.439727783203125
221,34,2,False,0.0,0.0,,
221,13,2,False,0.0,0.0,,
221,22,1,False,0.0,0.0,,
221,16,1,False,5.953058988639217,33.28680137183891,18.12247657775879,14.801468849182129
221,19,1,False,0.0,0.0,,
221,12,1,False,2.2799360087011395,21.3580530961445,10.839217185974121,34.21255874633789
221,7,2,False,1.8587177144593199,8.94318315408099,23.052438735961914,33.605018615722656
221,3,2,False,2.66614071361545,22.195997601358318,14.300056457519531,33.41119384765625
221,120,2,False,0.0,0.0,,
221,91,1,True,2.7677912005646417,1.0260913256607525,0.7105057239532471,34.96894836425781
221,15,1,False,5.693560611982051,16.723996897666776,21.388347625732422,31.660585403442383
221,9,1,False,0.0,0.0,,
221,8,2,False,0.0,0.0,,
222,1,2,False,0.398684154048923,22.127828073328978,21.572315216064453,45.33592987060547
222,4,2,False,0.0,0.0,,
222,5,1,False,6.9642469633158965,27.2687830205904,18.690534591674805,41.94350051879883
222,6,1,False,5.332667366910456,22.03768358547926,13.729060173034668,58.991737365722656
222,10,2,False,0.0,0.0,,
222,11,1,False,9.088034957005243,24.41201591094826,6.64221715927124,50.71283721923828
222,14,2,False,1.6251577274583575,23.29616581425863,10.324434280395508,43.5286750793457
222,34,2,False,0.0,0.0,,
222,13,2,False,0.0,0.0,,
222,22,1,False,0.0,0.0,,
222,16,1,False,5.953058988639217,33.28680137183891,18.090618133544922,14.796327590942383
222,19,1,False,0.0,0.0,,
222,12,1,False,2.2799360087011395,21.3580530961445,10.839217185974121,34.21255874633789
222,7,2,False,1.8587177144593199,8.94318315408099,23.02595329284668,33.600372314453125
222,3,2,False,2.66614071361545,22.195997601358318,14.258716583251953,33.52378845214844
222,120,2,False,0.0,0.0,,
222,91,1,True,2.7677912005646417,1.0260913256607525,0.7105057239532471,34.96894836425781
222,15,1,False,5.693560611982051,16.723996897666776,21.30748176574707,31.775882720947266
222,9,1,False,0.0,0.0,,
222,8,2,False,0.0,0.0,,
223,1,2,False,0.398684154048923,22.127828073328978,21.572315216064453,45.33592987060547
223,4,2,False,0.0,0.0,,
223,5,1,False,6.9642469633158965,27.2687830205904,18.643583297729492,41.9349250793457
223,6,1,False,5.332667366910456,22.03768358547926,13.647971153259277,59.03290557861328
223,10,2,False,0.0,0.0,,
223,11,1,False,9.088034957005243,24.41201591094826,6.658383846282959,50.78730392456055
223,14,2,False,1.6251577274583575,23.29616581425863,10.324434280395508,43.5286750793457
223,34,2,False,0.0,0.0,,
223,13,2,False,0.0,0.0,,
223,22,1,False,0.0,0.0,,
223,16,1,False,5.953058988639217,33.28680137183891,18.026905059814453,14.786044120788574
223,19,1,False,0.0,0.0,,
223,12,1,False,2.2799360087011395,21.3580530961445,10.803707122802734,34.32176971435547
223,7,2,False,1.8587177144593199,8.94318315408099,23.02595329284668,33.600372314453125
223,3,2,False,2.66614071361545,22.195997601358318,14.207376480102539,33.51471710205078
223,120,2,False,0.0,0.0,,
223,91,1,True,2.7677912005646417,1.0260913256607525,0.6626095175743103,34.96034240722656
223,15,1,False,5.693560611982051,16.723996897666776,21.307552337646484,31.64651107788086
223,9,1,False,0.0,0.0,,
223,8,2,False,0.0,0.0,,
224,1,2,False,0.398684154048923,22.127828073328978,21.54962730407715,45.33173751831055
224,4,2,False,0.0,0.0,,
224,5,1,False,6.9642469633158965,27.2687830205904,18.5931453704834,41.826515197753906
224,6,1,False,5.332667366910456,22.03768358547926,13.577131271362305,59.01896286010742
224,10,2,False,0.0,0.0,,
224,11,1,False,9.088034957005243,24.41201591094826,6.671019554138184,50.9319953918457
224,14,2,False,1.6251577274583575,23.29616581425863,10.324434280395508,43.5286750793457
224,34,2,False,0.0,0.0,,
224,13,2,False,0.0,0.0,,
224,16,1,False,5.953058988639217,33.28680137183891,17.989233016967773,14.596932411193848
224,19,1,False,0.0,0.0,,
224,12,1,False,2.2799360087011395,21.3580530961445,10.803707122802734,34.32176971435547
224,7,2,False,1.8587177144593199,8.94318315408099,23.02855682373047,33.475807189941406
224,3,2,False,2.66614071361545,22.195997601358318,14.181708335876465,33.51018524169922
224,120,2,False,0.0,0.0,,
224,91,1,True,2.7677912005646417,1.0260913256607525,0.6386627554893494,34.95603942871094
224,15,1,False,5.693560611982051,16.723996897666776,21.3076229095459,31.51675033569336
224,9,1,False,0.0,0.0,,
224,8,2,False,0.0,0.0,,
225,1,2,False,2.3135647974159386,22.26171492503129,21.54962730407715,45.33173751831055
225,4,2,False,0.0,0.0,,
225,5,1,False,5.941794197084423,27.612636851440193,18.4991397857666,41.80935287475586
225,6,1,False,2.089725971613047,22.15861680142909,13.531673431396484,59.0670166015625
225,10,2,False,0.0,0.0,,
225,11,1,False,5.348005284047427,24.72150695747878,6.687100410461426,51.00597381591797
225,14,2,False,1.7854830463031859,23.39949237943821,10.346640586853027,43.53278350830078
225,34,2,False,0.0,0.0,,
225,13,2,False,0.0,0.0,,
225,16,1,False,0.0,0.0,17.925416946411133,14.586641311645508
225,19,1,False,0.0,0.0,,
225,12,1,False,0.8808532962160065,21.40902840263848,10.778611183166504,34.31730651855469
225,7,2,False,0.9292614687588272,8.996959859448976,22.97298240661621,33.5910758972168
225,3,2,False,2.39333409205911,22.334500731685814,14.181708335876465,33.51018524169922
225,120,2,False,0.0,0.0,,
225,91,1,True,0.0,1.0260913256607525,0.6147169470787048,34.95173645019531
225,15,1,False,1.418981191439597,16.806113864763976,21.253684997558594,31.507360458374023
225,9,1,False,0.0,0.0,,
225,8,2,False,0.0,0.0,,
226,1,2,False,2.3135647974159386,22.26171492503129,21.526941299438477,45.32754135131836
226,4,2,False,0.0,0.0,,
226,6,1,False,2.089725971613047,22.15861680142909,13.503981590270996,59.11845779418945
226,10,2,False,0.0,0.0,,
226,11,1,False,5.348005284047427,24.72150695747878,6.699631214141846,51.14970016479492
226,14,2,False,1.7854830463031859,23.39949237943821,10.346640586853027,43.53278350830078
226,34,2,False,0.0,0.0,,
226,13,2,False,0.0,0.0,,
226,16,1,False,0.0,0.0,17.861604690551758,14.5763521194458
226,19,1,False,0.0,0.0,,
226,12,1,False,0.8808532962160065,21.40902840263848,10.75351619720459,34.31284713745117
226,7,2,False,0.9292614687588272,8.996959859448976,22.94649887084961,33.58642578125
226,3,2,False,2.39333409205911,22.334500731685814,14.13037395477295,33.50111770629883
226,120,2,False,0.0,0.0,,
226,91,1,True,0.0,1.0260913256607525,0.5907720327377319,34.94743347167969
226,15,1,False,1.418981191439597,16.806113864763976,21.226716995239258,31.502666473388672
226,9,1,False,0.0,0.0,,
226,8,2,False,0.0,0.0,,
226,22,1,False,0.0,0.0,,
227,1,2,False,2.3135647974159386,22.26171492503129,21.504253387451172,45.32334518432617
227,4,2,False,0.0,0.0,,
227,6,1,False,2.089725971613047,22.15861680142909,13.468639373779297,59.11149597167969
227,10,2,False,0.0,0.0,,
227,11,1,False,5.348005284047427,24.72150695747878,6.696124076843262,51.21945571899414
227,14,2,False,1.7854830463031859,23.39949237943821,10.346640586853027,43.53278350830078
227,34,2,False,0.0,0.0,,
227,13,2,False,0.0,0.0,,
227,16,1,False,0.0,0.0,17.803956985473633,14.75006103515625
227,19,1,False,0.0,0.0,,
227,12,1,False,0.8808532962160065,21.40902840263848,10.728422164916992,34.308387756347656
227,7,2,False,0.9292614687588272,8.996959859448976,22.920015335083008,33.58177947998047
227,3,2,False,2.39333409205911,22.334500731685814,14.13037395477295,33.50111770629883
227,120,2,False,0.0,0.0,,
227,91,1,True,0.0,1.0260913256607525,0.5907720327377319,34.94743347167969
227,15,1,False,1.418981191439597,16.806113864763976,21.226716995239258,31.502666473388672
227,9,1,False,0.0,0.0,,
227,8,2,False,0.0,0.0,,
227,22,1,False,0.0,0.0,,
227,5,1,False,5.941794197084423,27.612636851440193,18.358158111572266,41.78361511230469
228,1,2,False,2.3135647974159386,22.26171492503129,21.458633422851562,45.40670394897461
228,4,2,False,0.0,0.0,,
228,6,1,False,2.089725971613047,22.15861680142909,13.450968742370605,59.10801696777344
228,10,2,False,0.0,0.0,,
228,11,1,False,5.348005284047427,24.72150695747878,6.712106227874756,51.292789459228516
228,14,2,False,1.7854830463031859,23.39949237943821,10.368847846984863,43.536895751953125
228,34,2,False,0.0,0.0,,
228,13,2,False,0.0,0.0,,
228,16,1,False,0.0,0.0,17.772113800048828,14.744921684265137
228,19,1,False,0.0,0.0,,
228,12,1,False,0.8808532962160065,21.40902840263848,10.728422164916992,34.308387756347656
228,7,2,False,0.9292614687588272,8.996959859448976,22.920015335083008,33.58177947998047
228,3,2,False,2.39333409205911,22.334500731685814,14.13037395477295,33.50111770629883
228,120,2,False,0.0,0.0,,
228,91,1,True,0.0,1.0260913256607525,0.5907720327377319,34.94743347167969
228,15,1,False,1.418981191439597,16.806113864763976,21.199750900268555,31.497970581054688
228,9,1,False,0.0,0.0,,
228,8,2,False,0.0,0.0,,
228,22,1,False,0.0,0.0,,
228,5,1,False,5.941794197084423,27.612636851440193,18.33082389831543,41.6791877746582
229,1,2,False,2.3135647974159386,22.26171492503129,21.458633422851562,45.40670394897461
229,4,2,False,0.0,0.0,,
229,6,1,False,2.089725971613047,22.15861680142909,13.450968742370605,59.10801696777344
229,10,2,False,0.0,0.0,,
229,11,1,False,5.348005284047427,24.72150695747878,6.751070976257324,51.300262451171875
229,14,2,False,1.7854830463031859,23.39949237943821,10.382416725158691,43.62971878051758
229,34,2,False,0.0,0.0,,
229,13,2,False,0.0,0.0,,
229,16,1,False,0.0,0.0,17.740272521972656,14.73978328704834
229,19,1,False,0.0,0.0,,
229,12,1,False,0.8808532962160065,21.40902840263848,10.728422164916992,34.308387756347656
229,7,2,False,0.9292614687588272,8.996959859448976,22.920015335083008,33.58177947998047
229,3,2,False,2.39333409205911,22.334500731685814,14.104708671569824,33.49658203125
229,120,2,False,0.0,0.0,,
229,91,1,True,0.0,1.0260913256607525,0.5907720327377319,34.94743347167969
229,15,1,False,1.418981191439597,16.806113864763976,21.199750900268555,31.497970581054688
229,9,1,False,0.0,0.0,,
229,8,2,False,0.0,0.0,,
229,22,1,False,0.0,0.0,,
229,5,1,False,5.941794197084423,27.612636851440193,18.303417205810547,41.57448959350586
230,1,2,False,2.1503495019655006,22.386156447135775,21.435977935791016,45.40251541137695
230,4,2,False,0.0,0.0,,
230,6,1,False,3.5738765342303234,22.365438360122976,13.415629386901855,59.10105514526367
230,10,2,False,0.0,0.0,,
230,11,1,False,1.4624904075044909,24.80614181902418,6.770554542541504,51.30400085449219
230,14,2,False,0.3897995376227614,23.42205022305064,10.382416725158691,43.62971878051758
230,34,2,False,0.0,0.0,,
230,13,2,False,0.0,0.0,,
230,19,1,False,0.0,0.0,,
230,12,1,False,1.9782576105754814,21.523510903250486,10.728422164916992,34.308387756347656
230,7,2,False,0.0,0.0,22.920015335083008,33.58177947998047
230,3,2,False,3.665210128677962,22.54660779931764,14.089350700378418,33.613399505615234
230,120,2,False,0.0,0.0,,
230,91,1,True,4.056798098307609,1.260859734127628,0.6147169470787048,34.95173645019531
230,15,1,False,2.8373934241127583,16.970314873103835,21.17278480529785,31.493276596069336
230,9,1,False,0.0,0.0,,
230,8,2,False,0.0,0.0,,
230,22,1,False,0.0,0.0,,
230,5,1,False,5.376830382300692,27.923796017082594,18.256311416625977,41.56589889526367
231,1,2,False,2.1503495019655006,22.386156447135775,21.41332244873047,45.3983268737793
231,4,2,False,0.0,0.0,,
231,6,1,False,3.5738765342303234,22.365438360122976,13.36262321472168,59.09061813354492
231,10,2,False,0.0,0.0,,
231,11,1,False,1.4624904075044909,24.80614181902418,6.790038108825684,51.307735443115234
231,14,2,False,0.3897995376227614,23.42205022305064,10.404597282409668,43.633827209472656
231,34,2,False,0.0,0.0,,
231,13,2,False,0.0,0.0,,
231,19,1,False,0.0,0.0,,
231,12,1,False,1.9782576105754814,21.523510903250486,10.728422164916992,34.308387756347656
231,7,2,False,0.0,0.0,22.922462463378906,33.45719909667969
231,3,2,False,3.665210128677962,22.54660779931764,14.022859573364258,33.7208251953125
231,120,2,False,0.0,0.0,,
231,91,1,True,4.056798098307609,1.260859734127628,0.6147169470787048,34.95173645019531
231,15,1,False,2.8373934241127583,16.970314873103835,21.14582061767578,31.488582611083984
231,9,1,False,0.0,0.0,,
231,8,2,False,0.0,0.0,,
231,22,1,False,0.0,0.0,,
231,5,1,False,5.376830382300692,27.923796017082594,18.185657501220703,41.553009033203125
232,1,2,False,2.1503495019655006,22.386156447135775,21.41332244873047,45.3983268737793
232,4,2,False,0.0,0.0,,
232,6,1,False,3.5738765342303234,22.365438360122976,13.337112426757812,59.02871322631836
232,10,2,False,0.0,0.0,,
232,11,1,False,1.4624904075044909,24.80614181902418,6.790038108825684,51.307735443115234
232,14,2,False,0.3897995376227614,23.42205022305064,10.404597282409668,43.633827209472656
232,34,2,False,0.0,0.0,,
232,13,2,False,0.0,0.0,,
232,19,1,False,0.0,0.0,,
232,12,1,False,1.9782576105754814,21.523510903250486,10.728422164916992,34.308387756347656
232,7,2,False,0.0,0.0,22.89594268798828,33.452545166015625
232,3,2,False,3.665210128677962,22.54660779931764,13.997272491455078,33.71630096435547
232,120,2,False,0.0,0.0,,
232,91,1,True,4.056798098307609,1.260859734127628,0.6346537470817566,34.847572326660156
232,15,1,False,2.8373934241127583,16.970314873103835,21.118858337402344,31.483888626098633
232,9,1,False,0.0,0.0,,
232,8,2,False,0.0,0.0,,
232,22,1,False,0.0,0.0,,
232,5,1,False,5.376830382300692,27.923796017082594,18.115013122558594,41.540122985839844
232,16,1,False,0.0,0.0,17.542648315429688,14.524919509887695
233,1,2,False,2.1503495019655006,22.386156447135775,21.390668869018555,45.394134521484375
233,4,2,False,0.0,0.0,,
233,6,1,False,3.5738765342303234,22.365438360122976,13.30174446105957,59.02174758911133
233,10,2,False,0.0,0.0,,
233,11,1,False,1.4624904075044909,24.80614181902418,6.790038108825684,51.307735443115234
233,14,2,False,0.3897995376227614,23.42205022305064,10.404597282409668,43.633827209472656
233,34,2,False,0.0,0.0,23.314800262451172,56.20684814453125
233,13,2,False,0.0,0.0,,
233,19,1,False,0.0,0.0,,
233,12,1,False,1.9782576105754814,21.523510903250486,10.718182563781738,34.421749114990234
233,7,2,False,0.0,0.0,22.898359298706055,33.32759094238281
233,3,2,False,3.665210128677962,22.54660779931764,13.971686363220215,33.71177673339844
233,120,2,False,0.0,0.0,,
233,91,1,True,4.056798098307609,1.260859734127628,0.6826139092445374,34.85618591308594
233,15,1,False,2.8373934241127583,16.970314873103835,21.06493377685547,31.47450065612793
233,9,1,False,0.0,0.0,,
233,8,2,False,0.0,0.0,,
233,22,1,False,0.0,0.0,,
233,5,1,False,5.376830382300692,27.923796017082594,18.067920684814453,41.531532287597656
233,16,1,False,0.0,0.0,17.4788761138916,14.514636039733887
234,1,2,False,2.1503495019655006,22.386156447135775,21.390832901000977,45.30237579345703
234,4,2,False,0.0,0.0,,
234,6,1,False,3.5738765342303234,22.365438360122976,13.266377449035645,59.01478576660156
234,10,2,False,0.0,0.0,,
234,11,1,False,1.4624904075044909,24.80614181902418,6.805901050567627,51.38090133666992
234,14,2,False,0.3897995376227614,23.42205022305064,10.404597282409668,43.633827209472656
234,34,2,False,0.0,0.0,23.29534339904785,56.20309066772461
234,13,2,False,0.0,0.0,,
234,19,1,False,0.0,0.0,,
234,12,1,False,1.9782576105754814,21.523510903250486,10.693126678466797,34.417293548583984
234,3,2,False,3.665210128677962,22.54660779931764,13.946101188659668,33.707252502441406
234,120,2,False,0.0,0.0,,
234,91,1,True,4.056798098307609,1.260859734127628,0.7266895771026611,34.75605010986328
234,15,1,False,2.8373934241127583,16.970314873103835,21.037975311279297,31.469806671142578
234,9,1,False,0.0,0.0,,
234,8,2,False,0.0,0.0,,
234,22,1,False,0.0,0.0,,
234,5,1,False,5.376830382300692,27.923796017082594,17.99728775024414,41.51865005493164
234,16,1,False,0.0,0.0,17.446992874145508,14.50949478149414
235,1,2,False,3.1034240284927828,22.56575274508096,21.36815071105957,45.29818344116211
235,4,2,False,0.0,0.0,,
235,6,1,False,1.8140945437811546,22.47042068325846,13.231013298034668,59.0078239440918
235,10,2,False,0.0,0.0,,
235,11,1,False,7.084542831715813,25.216126936600325,6.805901050567627,51.38090133666992
235,14,2,False,3.1261645989555595,23.60296252623094,10.404597282409668,43.633827209472656
235,34,2,False,4.381300421285881,18.369913694195468,23.258590698242188,56.12859344482422
235,13,2,False,0.0,0.0,,
235,19,1,False,0.0,0.0,,
235,12,1,False,2.052264628919264,21.642276217424055,10.693126678466797,34.417293548583984
235,3,2,False,5.834474233195642,22.884250984109055,13.89493465423584,33.698204040527344
235,120,2,False,0.0,0.0,,
235,91,1,True,2.1084106246366447,1.3828742378681746,0.750705897808075,34.7603645324707
235,15,1,False,3.5387883177033665,17.175105863711668,21.011016845703125,31.46511459350586
235,9,1,False,0.0,0.0,,
235,8,2,False,0.0,0.0,,
235,22,1,False,0.0,0.0,,
235,5,1,False,7.077343312577296,28.333364495819705,17.95020294189453,41.51006317138672
235,16,1,False,10.245380043168788,33.87970530952229,17.383228302001953,14.499212265014648
236,1,2,False,3.1034240284927828,22.56575274508096,21.345577239990234,45.20199203491211
236,4,2,False,0.0,0.0,,
236,6,1,False,1.8140945437811546,22.47042068325846,13.195651054382324,59.00086212158203
236,10,2,False,0.0,0.0,,
236,11,1,False,7.084542831715813,25.216126936600325,6.8022871017456055,51.450172424316406
236,14,2,False,3.1261645989555595,23.60296252623094,10.395950317382812,43.72230911254883
236,34,2,False,4.381300421285881,18.369913694195468,23.239112854003906,56.12483596801758
236,13,2,False,0.0,0.0,,
236,19,1,False,0.0,0.0,,
236,12,1,False,2.052264628919264,21.642276217424055,10.678237915039062,34.29946517944336
236,3,2,False,5.834474233195642,22.884250984109055,13.843771934509277,33.68915939331055
236,120,2,False,0.0,0.0,,
236,91,1,True,2.1084106246366447,1.3828742378681746,0.7785452604293823,34.873416900634766
236,15,1,False,3.5387883177033665,17.175105863711668,20.984058380126953,31.460420608520508
236,9,1,False,0.0,0.0,,
236,8,2,False,0.0,0.0,,
236,22,1,False,0.0,0.0,,
236,5,1,False,7.077343312577296,28.333364495819705,17.898704528808594,41.40073776245117
236,16,1,False,10.245380043168788,33.87970530952229,17.32647705078125,14.67299747467041
237,1,2,False,3.1034240284927828,22.56575274508096,21.32286834716797,45.19779586791992
237,4,2,False,0.0,0.0,,
237,6,1,False,1.8140945437811546,22.47042068325846,13.177969932556152,58.997379302978516
237,10,2,False,0.0,0.0,,
237,11,1,False,7.084542831715813,25.216126936600325,6.779262065887451,51.51556396484375
237,14,2,False,3.1261645989555595,23.60296252623094,10.41810417175293,43.72641372680664
237,34,2,False,4.381300421285881,18.369913694195468,23.198062896728516,56.184303283691406
237,13,2,False,0.0,0.0,,
237,19,1,False,0.0,0.0,,
237,12,1,False,2.052264628919264,21.642276217424055,10.678237915039062,34.29946517944336
237,3,2,False,5.834474233195642,22.884250984109055,13.781898498535156,33.55906295776367
237,120,2,False,0.0,0.0,,
237,91,1,True,2.1084106246366447,1.3828742378681746,0.7785452604293823,34.873416900634766
237,15,1,False,3.5387883177033665,17.175105863711668,20.983642578125,31.330219268798828
237,9,1,False,0.0,0.0,,
237,8,2,False,0.0,0.0,,
237,22,1,False,0.0,0.0,,
237,5,1,False,7.077343312577296,28.333364495819705,17.87513542175293,41.39644241333008
237,16,1,False,10.245380043168788,33.87970530952229,17.262840270996094,14.662727355957031
238,1,2,False,3.1034240284927828,22.56575274508096,21.277454376220703,45.18940353393555
238,4,2,False,0.0,0.0,,
238,6,1,False,1.8140945437811546,22.47042068325846,13.160289764404297,58.993900299072266
238,10,2,False,0.0,0.0,,
238,11,1,False,7.084542831715813,25.216126936600325,6.756288528442383,51.580806732177734
238,14,2,False,3.1261645989555595,23.60296252623094,10.41810417175293,43.72641372680664
238,34,2,False,4.381300421285881,18.369913694195468,23.159154891967773,56.176788330078125
238,13,2,False,0.0,0.0,,
238,19,1,False,0.0,0.0,,
238,12,1,False,2.052264628919264,21.642276217424055,10.678237915039062,34.29946517944336
238,3,2,False,5.834474233195642,22.884250984109055,13.679447174072266,33.54095458984375
238,120,2,False,0.0,0.0,,
238,91,1,True,2.1084106246366447,1.3828742378681746,0.7987412214279175,34.768985748291016
238,15,1,False,3.5387883177033665,17.175105863711668,20.929651260375977,31.320823669433594
238,9,1,False,0.0,0.0,,
238,8,2,False,0.0,0.0,,
238,22,1,False,0.0,0.0,,
238,5,1,False,7.077343312577296,28.333364495819705,17.823476791381836,41.286834716796875
238,16,1,False,10.245380043168788,33.87970530952229,17.199209213256836,14.652457237243652
238,7,2,False,0.0,0.0,22.714618682861328,33.169654846191406
239,1,2,False,3.1034240284927828,22.56575274508096,21.25474739074707,45.18520736694336
239,4,2,False,0.0,0.0,,
239,6,1,False,1.8140945437811546,22.47042068325846,13.142610549926758,58.99041748046875
239,10,2,False,0.0,0.0,,
239,11,1,False,7.084542831715813,25.216126936600325,6.749202728271484,51.71829605102539
239,14,2,False,3.1261645989555595,23.60296252623094,10.409451484680176,43.814674377441406
239,34,2,False,4.381300421285881,18.369913694195468,23.100797653198242,56.16551971435547
239,13,2,False,0.0,0.0,,
239,19,1,False,0.0,0.0,,
239,12,1,False,2.052264628919264,21.642276217424055,10.678237915039062,34.29946517944336
239,3,2,False,5.834474233195642,22.884250984109055,13.628228187561035,33.53190231323242
239,120,2,False,0.0,0.0,,
239,91,1,True,2.1084106246366447,1.3828742378681746,0.8467801809310913,34.777610778808594
239,15,1,False,3.5387883177033665,17.175105863711668,20.90265655517578,31.31612777709961
239,22,1,False,0.0,0.0,,
239,5,1,False,7.077343312577296,28.333364495819705,17.752683639526367,41.27393341064453
239,16,1,False,10.245380043168788,33.87970530952229,17.111148834228516,14.820499420166016
239,7,2,False,0.0,0.0,22.690141677856445,33.03926467895508
240,1,2,False,2.3937000777044397,22.7042770551333,21.23204231262207,45.18101119995117
240,4,2,False,0.0,0.0,,
240,6,1,False,0.6220842866307141,22.506420931327366,13.132984161376953,59.04539489746094
240,10,2,False,0.0,0.0,,
240,11,1,False,3.6123331697785535,25.425173995036584,6.726339340209961,51.7830924987793
240,14,2,False,1.5445960953704139,23.692348874342652,10.409451484680176,43.814674377441406
240,34,2,False,2.7350494683831563,18.528192019912087,23.02109146118164,56.21736526489258
240,13,2,False,0.0,0.0,,
240,19,1,False,0.0,0.0,,
240,12,1,False,2.058043084084897,21.761375932938225,10.678237915039062,34.29946517944336
240,3,2,False,4.0252667739276555,23.117194663155793,13.56244945526123,33.63941192626953
240,120,2,False,0.0,0.0,,
240,91,1,True,2.251742113978121,1.5131833879826493,0.8708010315895081,34.78192138671875
240,15,1,False,7.180444744558698,17.59064086050326,20.875661849975586,31.311431884765625
240,22,1,False,0.0,0.0,,
240,5,1,False,3.7195610232973397,28.548616869853117,17.724430084228516,41.16834259033203
240,16,1,False,4.895708473143786,34.163021772088484,17.05510711669922,14.993045806884766
240,7,2,False,3.0861020552342997,9.175553728386147,22.66351318359375,33.034603118896484
240,9,1,False,0.0,0.0,,
241,1,2,False,2.3937000777044397,22.7042770551333,21.20933723449707,45.176815032958984
241,4,2,False,0.0,0.0,,
241,6,1,False,0.6220842866307141,22.506420931327366,13.15064525604248,59.04887390136719
241,10,2,False,0.0,0.0,,
241,11,1,False,3.6123331697785535,25.425173995036584,6.703527450561523,51.847747802734375
241,14,2,False,1.5445960953704139,23.692348874342652,10.409451484680176,43.814674377441406
241,34,2,False,2.7350494683831563,18.528192019912087,22.962810516357422,56.20610427856445
241,13,2,False,0.0,0.0,,
241,12,1,False,2.058043084084897,21.761375932938225,10.678237915039062,34.29946517944336
241,3,2,False,4.0252667739276555,23.117194663155793,13.511313438415527,33.63037109375
241,120,2,False,0.0,0.0,,
241,91,1,True,2.251742113978121,1.5131833879826493,0.8948228359222412,34.78623580932617
241,15,1,False,7.180444744558698,17.59064086050326,20.84804916381836,31.176118850708008
241,22,1,False,0.0,0.0,,
241,5,1,False,3.7195610232973397,28.548616869853117,17.700803756713867,41.16403579711914
241,16,1,False,4.895708473143786,34.163021772088484,17.023414611816406,14.987921714782715
241,7,2,False,3.0861020552342997,9.175553728386147,22.636886596679688,33.02994155883789
241,9,1,False,0.0,0.0,,
242,1,2,False,2.3937000777044397,22.7042770551333,21.18663215637207,45.1726188659668
242,4,2,False,0.0,0.0,,
242,6,1,False,0.6220842866307141,22.506420931327366,13.132984161376953,59.04539489746094
242,10,2,False,0.0,0.0,,
242,11,1,False,3.6123331697785535,25.425173995036584,6.6807661056518555,51.912261962890625
242,14,2,False,1.5445960953704139,23.692348874342652,10.409451484680176,43.814674377441406
242,34,2,False,2.7350494683831563,18.528192019912087,22.923959732055664,56.19860076904297
242,13,2,False,0.0,0.0,,
242,12,1,False,2.058043084084897,21.761375932938225,10.678237915039062,34.29946517944336
242,3,2,False,4.0252667739276555,23.117194663155793,13.485747337341309,33.625850677490234
242,120,2,False,0.0,0.0,,
242,91,1,True,2.251742113978121,1.5131833879826493,0.918845534324646,34.790550231933594
242,15,1,False,7.180444744558698,17.59064086050326,20.82101821899414,31.171419143676758
242,22,1,False,0.0,0.0,,
242,5,1,False,3.7195610232973397,28.548616869853117,17.67717933654785,41.159732818603516
242,16,1,False,4.895708473143786,34.163021772088484,16.93600082397461,15.1547269821167
242,7,2,False,3.0861020552342997,9.175553728386147,22.610260009765625,33.0252799987793
242,9,1,False,0.0,0.0,,
243,1,2,False,2.3937000777044397,22.7042770551333,21.163928985595703,45.16842269897461
243,4,2,False,0.0,0.0,,
243,6,1,False,0.6220842866307141,22.506420931327366,13.115323066711426,59.04191970825195
243,10,2,False,0.0,0.0,,
243,11,1,False,3.6123331697785535,25.425173995036584,6.661478042602539,51.90855026245117
243,14,2,False,1.5445960953704139,23.692348874342652,10.409451484680176,43.814674377441406
243,34,2,False,2.7350494683831563,18.528192019912087,22.90453338623047,56.194847106933594
243,13,2,False,0.0,0.0,,
243,12,1,False,2.058043084084897,21.761375932938225,10.678237915039062,34.29946517944336
243,3,2,False,4.0252667739276555,23.117194663155793,13.43461799621582,33.6168098449707
243,120,2,False,0.0,0.0,,
243,91,1,True,2.251742113978121,1.5131833879826493,0.918845534324646,34.790550231933594
243,15,1,False,7.180444744558698,17.59064086050326,20.820356369018555,31.0404052734375
243,22,1,False,0.0,0.0,,
243,5,1,False,3.7195610232973397,28.548616869853117,17.629932403564453,41.151126861572266
243,16,1,False,4.895708473143786,34.163021772088484,16.90437126159668,15.14960765838623
243,7,2,False,3.0861020552342997,9.175553728386147,22.612262725830078,32.89916229248047
243,9,1,False,0.0,0.0,,
243,8,2,False,0.0,0.0,,
243,19,1,False,0.0,0.0,,
244,1,2,False,2.3937000777044397,22.7042770551333,21.14122772216797,45.16422653198242
244,4,2,False,0.0,0.0,,
244,6,1,False,0.6220842866307141,22.506420931327366,13.115323066711426,59.04191970825195
244,10,2,False,0.0,0.0,,
244,11,1,False,3.6123331697785535,25.425173995036584,6.642190933227539,51.904842376708984
244,14,2,False,1.5445960953704139,23.692348874342652,10.409451484680176,43.814674377441406
244,34,2,False,2.7350494683831563,18.528192019912087,22.885108947753906,56.19109344482422
244,13,2,False,0.0,0.0,,
244,12,1,False,2.058043084084897,21.761375932938225,10.65314769744873,34.295005798339844
244,3,2,False,4.0252667739276555,23.117194663155793,13.383491516113281,33.60776901245117
244,120,2,False,0.0,0.0,,
244,91,1,True,2.251742113978121,1.5131833879826493,0.918845534324646,34.790550231933594
244,15,1,False,7.180444744558698,17.59064086050326,20.76621437072754,31.030996322631836
244,22,1,False,0.0,0.0,,
244,5,1,False,3.7195610232973397,28.548616869853117,17.601484298706055,41.04524230957031
244,16,1,False,4.895708473143786,34.163021772088484,16.841114044189453,15.139371871948242
244,7,2,False,3.0861020552342997,9.175553728386147,22.612262725830078,32.89916229248047
244,9,1,False,0.0,0.0,,
244,8,2,False,0.0,0.0,,
244,19,1,False,0.0,0.0,,
245,1,2,False,2.1634064567956193,22.829474188049712,21.0958251953125,45.15583419799805
245,4,2,False,0.0,0.0,,
245,6,1,False,1.0178810481516436,22.56532608457688,13.097661972045898,59.0384407043457
245,10,2,False,0.0,0.0,,
245,11,1,False,1.43608630753491,25.508280841537445,6.638789653778076,51.972923278808594
245,14,2,False,1.524726670248482,23.780585371463513,10.37872314453125,43.89861297607422
245,34,2,False,1.6368644733188789,18.62291797322915,22.865686416625977,56.18734359741211
245,13,2,False,0.0,0.0,,
245,12,1,False,5.951757438206369,22.105806340241834,10.663308143615723,34.181304931640625
245,3,2,False,3.5825743039981006,23.324519565007535,13.343708038330078,33.719505310058594
245,120,2,False,0.0,0.0,,
245,91,1,True,3.8019334065812553,1.7332026823449904,0.9633256793022156,34.690162658691406
245,15,1,False,0.0,0.0,20.792579650878906,30.904287338256836
245,22,1,False,0.0,0.0,,
245,5,1,False,3.3647047636344403,28.743333580711592,17.554180145263672,41.03662872314453
245,16,1,False,3.8744463018795776,34.38723741455837,16.80948829650879,15.13425350189209
245,7,2,False,3.44585834191912,9.374966826876836,22.55893325805664,32.88983154296875
245,9,1,False,0.0,0.0,,
245,8,2,False,0.0,0.0,,
245,19,1,False,0.0,0.0,,
246,1,2,False,2.1634064567956193,22.829474188049712,21.050426483154297,45.14744567871094
246,4,2,False,0.0,0.0,,
246,6,1,False,1.0178810481516436,22.56532608457688,13.097661972045898,59.0384407043457
246,10,2,False,0.0,0.0,,
246,11,1,False,1.43608630753491,25.508280841537445,6.658055305480957,51.976627349853516
246,14,2,False,1.524726670248482,23.780585371463513,10.37872314453125,43.89861297607422
246,34,2,False,1.6368644733188789,18.62291797322915,22.865686416625977,56.18734359741211
246,13,2,False,0.0,0.0,,
246,12,1,False,5.951757438206369,22.105806340241834,10.673497200012207,34.06727981567383
246,3,2,False,3.5825743039981006,23.324519565007535,13.318185806274414,33.714988708496094
246,120,2,False,0.0,0.0,,
246,91,1,True,3.8019334065812553,1.7332026823449904,1.0114437341690063,34.698795318603516
246,15,1,False,0.0,0.0,20.76546859741211,30.899578094482422
246,22,1,False,0.0,0.0,,
246,5,1,False,3.3647047636344403,28.743333580711592,17.506879806518555,41.02801513671875
246,16,1,False,3.8744463018795776,34.38723741455837,16.777864456176758,15.129136085510254
246,7,2,False,3.44585834191912,9.374966826876836,22.532270431518555,32.88516616821289
246,9,1,False,0.0,0.0,,
246,8,2,False,0.0,0.0,,
246,19,1,False,0.0,0.0,,
247,1,2,False,2.1634064567956193,22.829474188049712,21.050159454345703,45.05516815185547
247,4,2,False,0.0,0.0,,
247,6,1,False,1.0178810481516436,22.56532608457688,13.088090896606445,59.09331512451172
247,10,2,False,0.0,0.0,,
247,11,1,False,1.43608630753491,25.508280841537445,6.658055305480957,51.976627349853516
247,14,2,False,1.524726670248482,23.780585371463513,10.37872314453125,43.89861297607422
247,34,2,False,1.6368644733188789,18.62291797322915,22.825149536132812,56.24659729003906
247,13,2,False,0.0,0.0,,
247,12,1,False,5.951757438206369,22.105806340241834,10.673497200012207,34.06727981567383
247,3,2,False,3.5825743039981006,23.324519565007535,13.29266357421875,33.710472106933594
247,120,2,False,0.0,0.0,,
247,91,1,True,3.8019334065812553,1.7332026823449904,1.0320258140563965,34.59381103515625
247,22,1,False,0.0,0.0,,
247,5,1,False,3.3647047636344403,28.743333580711592,17.483230590820312,41.023712158203125
247,16,1,False,3.8744463018795776,34.38723741455837,16.74624252319336,15.124018669128418
247,7,2,False,3.44585834191912,9.374966826876836,22.5056095123291,32.88050079345703
247,9,1,False,0.0,0.0,,
247,8,2,False,0.0,0.0,,
247,19,1,False,0.0,0.0,,
248,1,2,False,2.1634064567956193,22.829474188049712,21.050159454345703,45.05516815185547
248,4,2,False,0.0,0.0,,
248,6,1,False,1.0178810481516436,22.56532608457688,13.088090896606445,59.09331512451172
248,10,2,False,0.0,0.0,,
248,11,1,False,1.43608630753491,25.508280841537445,6.673885822296143,52.048255920410156
248,14,2,False,1.524726670248482,23.780585371463513,10.37872314453125,43.89861297607422
248,34,2,False,1.6368644733188789,18.62291797322915,22.825149536132812,56.24659729003906
248,13,2,False,0.0,0.0,,
248,12,1,False,5.951757438206369,22.105806340241834,10.683716773986816,33.95292282104492
248,3,2,False,3.5825743039981006,23.324519565007535,13.267143249511719,33.70595932006836
248,120,2,False,0.0,0.0,,
248,91,1,True,3.8019334065812553,1.7332026823449904,1.0561203956604004,34.5981330871582
248,22,1,False,0.0,0.0,,
248,5,1,False,3.3647047636344403,28.743333580711592,17.459583282470703,41.019405364990234
248,16,1,False,3.8744463018795776,34.38723741455837,16.71462059020996,15.118901252746582
248,7,2,False,3.44585834191912,9.374966826876836,22.452289581298828,32.87117004394531
248,9,1,False,0.0,0.0,,
248,8,2,False,0.0,0.0,,
248,19,1,False,0.0,0.0,,
249,1,2,False,2.1634064567956193,22.829474188049712,21.027433395385742,45.050968170166016
249,4,2,False,0.0,0.0,,
249,6,1,False,1.0178810481516436,22.56532608457688,13.088090896606445,59.09331512451172
249,10,2,False,0.0,0.0,,
249,11,1,False,1.43608630753491,25.508280841537445,6.673885822296143,52.048255920410156
249,14,2,False,1.524726670248482,23.780585371463513,10.37014102935791,43.98643112182617
249,34,2,False,1.6368644733188789,18.62291797322915,22.805749893188477,56.24284744262695
249,13,2,False,0.0,0.0,,
249,12,1,False,5.951757438206369,22.105806340241834,10.683716773986816,33.95292282104492
249,3,2,False,3.5825743039981006,23.324519565007535,13.216104507446289,33.696929931640625
249,120,2,False,0.0,0.0,,
249,91,1,True,3.8019334065812553,1.7332026823449904,1.128409504890442,34.61109924316406
249,22,1,False,0.0,0.0,,
249,5,1,False,3.3647047636344403,28.743333580711592,17.430877685546875,40.91322326660156
249,16,1,False,3.8744463018795776,34.38723741455837,16.651382446289062,15.108668327331543
249,7,2,False,3.44585834191912,9.374966826876836,22.42563247680664,32.86650466918945
249,9,1,False,0.0,0.0,,
249,8,2,False,0.0,0.0,23.308156967163086,22.96584701538086
249,19,1,False,0.0,0.0,,
250,1,2,False,1.7180922933850826,22.928900825398387,21.027433395385742,45.050968170166016
250,4,2,False,0.0,0.0,,
250,6,1,False,0.9625369966134218,22.621028457066085,13.105732917785645,59.0967903137207
250,10,2,False,0.0,0.0,,
250,11,1,False,2.6789901464946935,25.663314993533668,6.673885822296143,52.048255920410156
250,14,2,False,4.534381710992366,24.042991720479275,10.37014102935791,43.98643112182617
250,34,2,False,2.3897522132966347,18.76121381890604,22.786348342895508,56.239097595214844
250,13,2,False,0.0,0.0,,
250,12,1,False,0.4428660432071234,22.13143516218669,10.693964958190918,33.83824157714844
250,3,2,False,4.800429245304144,23.602322183370042,13.139554023742676,33.68338394165039
250,120,2,False,0.0,0.0,,
250,91,1,True,5.990063308708512,2.0798498645619183,1.179885983467102,34.72902297973633
250,22,1,False,0.0,0.0,,
250,5,1,False,3.3728343440758444,28.938520753401168,17.40719985961914,40.908912658691406
250,16,1,False,1.6600743883344142,34.48330653425365,16.588151931762695,15.09843635559082
250,7,2,False,2.7870979893882883,9.53625721978125,22.4273624420166,32.73998260498047
250,9,1,False,0.0,0.0,,
250,8,2,False,3.6718613243491576,6.788097689076705,23.278324127197266,22.960861206054688
250,19,1,False,0.0,0.0,,
251,1,2,False,1.7180922933850826,22.928900825398387,21.027433395385742,45.050968170166016
251,4,2,False,0.0,0.0,,
251,6,1,False,0.9625369966134218,22.621028457066085,13.105732917785645,59.0967903137207
251,10,2,False,0.0,0.0,,
251,11,1,False,2.6789901464946935,25.663314993533668,6.693131446838379,52.05195999145508
251,14,2,False,4.534381710992366,24.042991720479275,10.37014102935791,43.98643112182617
251,34,2,False,2.3897522132966347,18.76121381890604,22.728151321411133,56.22785186767578
251,13,2,False,0.0,0.0,,
251,12,1,False,0.4428660432071234,22.13143516218669,10.693964958190918,33.83824157714844
251,3,2,False,4.800429245304144,23.602322183370042,13.049241065979004,33.78580856323242
251,120,2,False,0.0,0.0,,
251,91,1,True,5.990063308708512,2.0798498645619183,1.200706958770752,34.62406539916992
251,22,1,False,0.0,0.0,,
251,5,1,False,3.3728343440758444,28.938520753401168,17.38352394104004,40.904605865478516
251,16,1,False,1.6600743883344142,34.48330653425365,16.55653953552246,15.0933198928833
251,7,2,False,2.7870979893882883,9.53625721978125,22.4273624420166,32.73998260498047
251,9,1,False,0.0,0.0,,
251,8,2,False,3.6718613243491576,6.788097689076705,23.278324127197266,22.960861206054688
251,19,1,False,0.0,0.0,,
252,1,2,False,1.7180922933850826,22.928900825398387,21.00470733642578,45.04676818847656
252,4,2,False,0.0,0.0,,
252,6,1,False,0.9625369966134218,22.621028457066085,13.115323066711426,59.04191970825195
252,10,2,False,0.0,0.0,,
252,11,1,False,2.6789901464946935,25.663314993533668,6.689681529998779,52.119728088378906
252,14,2,False,4.534381710992366,24.042991720479275,10.339540481567383,44.06993865966797
252,34,2,False,2.3897522132966347,18.76121381890604,22.728151321411133,56.22785186767578
252,13,2,False,0.0,0.0,,
252,12,1,False,0.4428660432071234,22.13143516218669,10.693964958190918,33.83824157714844
252,3,2,False,4.800429245304144,23.602322183370042,12.99829387664795,33.776790618896484
252,120,2,False,0.0,0.0,,
252,91,1,True,5.990063308708512,2.0798498645619183,1.245721697807312,34.52314376831055
252,22,1,False,0.0,0.0,,
252,5,1,False,3.3728343440758444,28.938520753401168,17.359848022460938,40.90029525756836
252,16,1,False,1.6600743883344142,34.48330653425365,16.55653953552246,15.0933198928833
252,7,2,False,2.7870979893882883,9.53625721978125,22.4273624420166,32.73998260498047
252,9,1,False,0.0,0.0,,
252,8,2,False,3.6718613243491576,6.788097689076705,23.248493194580078,22.955875396728516
252,19,1,False,0.0,0.0,,
253,1,2,False,1.7180922933850826,22.928900825398387,21.00470733642578,45.04676818847656
253,4,2,False,0.0,0.0,,
253,6,1,False,0.9625369966134218,22.621028457066085,13.115323066711426,59.04191970825195
253,10,2,False,0.0,0.0,,
253,11,1,False,2.6789901464946935,25.663314993533668,6.708907127380371,52.12342834472656
253,14,2,False,4.534381710992366,24.042991720479275,10.339540481567383,44.06993865966797
253,34,2,False,2.3897522132966347,18.76121381890604,22.70875358581543,56.22410202026367
253,13,2,False,0.0,0.0,,
253,12,1,False,0.4428660432071234,22.13143516218669,10.678971290588379,33.71875
253,3,2,False,4.800429245304144,23.602322183370042,12.947349548339844,33.76777267456055
253,120,2,False,0.0,0.0,,
253,91,1,True,5.990063308708512,2.0798498645619183,1.2939949035644531,34.531795501708984
253,22,1,False,0.0,0.0,,
253,5,1,False,3.3728343440758444,28.938520753401168,17.35468292236328,40.79813766479492
253,16,1,False,1.6600743883344142,34.48330653425365,16.524927139282227,15.088204383850098
253,7,2,False,2.7870979893882883,9.53625721978125,22.37397003173828,32.73064422607422
253,9,1,False,0.0,0.0,,
253,8,2,False,3.6718613243491576,6.788097689076705,23.218664169311523,22.950889587402344
253,19,1,False,0.0,0.0,,
253,15,1,False,0.0,0.0,20.628976821899414,30.744199752807617
254,1,2,False,1.7180922933850826,22.928900825398387,20.98198127746582,45.042572021484375
254,4,2,False,0.0,0.0,,
254,6,1,False,0.9625369966134218,22.621028457066085,13.115323066711426,59.04191970825195
254,10,2,False,0.0,0.0,,
254,11,1,False,2.6789901464946935,25.663314993533668,6.7246479988098145,52.19474411010742
254,14,2,False,4.534381710992366,24.042991720479275,10.331029891967773,44.15732192993164
254,34,2,False,2.3897522132966347,18.76121381890604,22.669960021972656,56.21660614013672
254,13,2,False,0.0,0.0,,
254,12,1,False,0.4428660432071234,22.13143516218669,10.678971290588379,33.71875
254,3,2,False,4.800429245304144,23.602322183370042,12.89640998840332,33.75875473022461
254,120,2,False,0.0,0.0,,
254,91,1,True,5.990063308708512,2.0798498645619183,1.3150360584259033,34.42626190185547
254,22,1,False,0.0,0.0,,
254,5,1,False,3.3728343440758444,28.938520753401168,17.30727195739746,40.789512634277344
254,16,1,False,1.6600743883344142,34.48330653425365,16.524927139282227,15.088204383850098
254,7,2,False,2.7870979893882883,9.53625721978125,22.375627517700195,32.60374069213867
254,9,1,False,0.0,0.0,,
254,8,2,False,3.6718613243491576,6.788097689076705,23.2219181060791,22.792909622192383
254,19,1,False,0.0,0.0,,
254,15,1,False,0.0,0.0,20.601831436157227,30.73948860168457
255,1,2,False,1.9990742698318922,23.044587993791435,21.004383087158203,44.95425033569336
255,4,2,False,0.0,0.0,,
255,6,1,False,1.5551166375572156,22.711023632850647,13.115323066711426,59.04191970825195
255,10,2,False,0.0,0.0,,
255,11,1,False,1.351913932933353,25.741550753541386,6.7246479988098145,52.19474411010742
255,14,2,False,1.5095107677195914,24.13034766768527,10.322540283203125,44.244483947753906
255,34,2,False,1.931225125207006,18.872974532170335,22.650564193725586,56.212860107421875
255,13,2,False,0.0,0.0,,
255,12,1,False,0.0,22.13143516218669,10.668729782104492,33.83376693725586
255,3,2,False,5.016376887668933,23.89262177177681,12.870942115783691,33.754249572753906
255,120,2,False,0.0,0.0,,
255,91,1,True,3.8475589416651235,2.3025095255379093,1.3633817434310913,34.4349250793457
255,22,1,False,0.0,0.0,,
255,5,1,False,5.750436093803829,29.271300619940742,17.259864807128906,40.780887603759766
255,16,1,False,3.872541747165621,34.70741195943685,16.493316650390625,15.083088874816895
255,7,2,False,5.05908050622327,9.829028082409911,22.348892211914062,32.59906768798828
255,9,1,False,0.0,0.0,,
255,8,2,False,3.6632013666225656,7.000088508904399,23.16216278076172,22.782930374145508
255,19,1,False,0.0,0.0,,
255,15,1,False,7.271580566266447,18.01144992105109,20.547544479370117,30.730064392089844
256,1,2,False,1.9990742698318922,23.044587993791435,21.004383087158203,44.95425033569336
256,4,2,False,0.0,0.0,,
256,6,1,False,1.5551166375572156,22.711023632850647,13.115323066711426,59.04191970825195
256,10,2,False,0.0,0.0,,
256,11,1,False,1.351913932933353,25.741550753541386,6.743853569030762,52.19844055175781
256,14,2,False,1.5095107677195914,24.13034766768527,10.322540283203125,44.244483947753906
256,34,2,False,1.931225125207006,18.872974532170335,22.631168365478516,56.209110260009766
256,13,2,False,0.0,0.0,,
256,12,1,False,0.0,22.13143516218669,10.668729782104492,33.83376693725586
256,3,2,False,5.016376887668933,23.89262177177681,12.806611061096191,33.86090087890625
256,120,2,False,0.0,0.0,,
256,91,1,True,3.8475589416651235,2.3025095255379093,1.3875559568405151,34.43925476074219
256,22,1,False,0.0,0.0,,
256,5,1,False,5.750436093803829,29.271300619940742,17.254560470581055,40.67844772338867
256,16,1,False,3.872541747165621,34.70741195943685,16.461708068847656,15.077974319458008
256,7,2,False,5.05908050622327,9.829028082409911,22.350513458251953,32.471778869628906
256,9,1,False,0.0,0.0,,
256,8,2,False,3.6632013666225656,7.000088508904399,23.132287979125977,22.77794075012207
256,19,1,False,0.0,0.0,,
256,15,1,False,7.271580566266447,18.01144992105109,20.520402908325195,30.725353240966797
257,1,2,False,1.9990742698318922,23.044587993791435,20.98162841796875,44.950050354003906
257,4,2,False,0.0,0.0,,
257,6,1,False,1.5551166375572156,22.711023632850647,13.115323066711426,59.04191970825195
257,10,2,False,0.0,0.0,,
257,11,1,False,1.351913932933353,25.741550753541386,6.743853569030762,52.19844055175781
257,14,2,False,1.5095107677195914,24.13034766768527,10.314072608947754,44.33142852783203
257,34,2,False,1.931225125207006,18.872974532170335,22.611772537231445,56.20536422729492
257,13,2,False,0.0,0.0,,
257,12,1,False,0.0,22.13143516218669,10.668729782104492,33.83376693725586
257,3,2,False,5.016376887668933,23.89262177177681,12.794543266296387,33.74072265625
257,120,2,False,0.0,0.0,,
257,91,1,True,3.8475589416651235,2.3025095255379093,1.4117311239242554,34.44358825683594
257,22,1,False,0.0,0.0,,
257,5,1,False,5.750436093803829,29.271300619940742,17.22547721862793,40.5714111328125
257,16,1,False,3.872541747165621,34.70741195943685,16.43010139465332,15.072859764099121
257,7,2,False,5.05908050622327,9.829028082409911,22.323741912841797,32.46710205078125
257,9,1,False,0.0,0.0,,
257,8,2,False,3.6632013666225656,7.000088508904399,23.039716720581055,22.920982360839844
257,19,1,False,0.0,0.0,,
257,15,1,False,7.271580566266447,18.01144992105109,20.5192813873291,30.59309959411621
258,1,2,False,1.9990742698318922,23.044587993791435,20.958492279052734,44.853084564208984
258,4,2,False,0.0,0.0,,
258,6,1,False,1.5551166375572156,22.711023632850647,13.080001831054688,59.03496170043945
258,10,2,False,0.0,0.0,,
258,11,1,False,1.351913932933353,25.741550753541386,6.763059616088867,52.2021369934082
258,14,2,False,1.5095107677195914,24.13034766768527,10.314072608947754,44.33142852783203
258,34,2,False,1.931225125207006,18.872974532170335,22.57298469543457,56.19786834716797
258,13,2,False,0.0,0.0,,
258,12,1,False,0.0,22.13143516218669,10.668729782104492,33.83376693725586
258,3,2,False,5.016376887668933,23.89262177177681,12.743616104125977,33.73170852661133
258,120,2,False,0.0,0.0,,
258,91,1,True,3.8475589416651235,2.3025095255379093,1.4087597131729126,34.33343505859375
258,22,1,False,0.0,0.0,,
258,5,1,False,5.750436093803829,29.271300619940742,17.20171356201172,40.56709289550781
258,16,1,False,3.872541747165621,34.70741195943685,16.398496627807617,15.067745208740234
258,7,2,False,5.05908050622327,9.829028082409911,22.325326919555664,32.33943176269531
258,9,1,False,0.0,0.0,,
258,8,2,False,3.6632013666225656,7.000088508904399,22.980079650878906,22.911014556884766
258,19,1,False,0.0,0.0,,
258,15,1,False,7.271580566266447,18.01144992105109,20.49209976196289,30.5883846282959
259,1,2,False,1.9990742698318922,23.044587993791435,20.935710906982422,44.848880767822266
259,4,2,False,0.0,0.0,,
259,6,1,False,1.5551166375572156,22.711023632850647,13.062342643737793,59.03148651123047
259,10,2,False,0.0,0.0,,
259,11,1,False,1.351913932933353,25.741550753541386,6.782266139984131,52.20583724975586
259,14,2,False,1.5095107677195914,24.13034766768527,10.314072608947754,44.33142852783203
259,34,2,False,1.931225125207006,18.872974532170335,22.59381675720215,56.13481903076172
259,13,2,False,0.0,0.0,,
259,12,1,False,0.0,22.13143516218669,10.668729782104492,33.83376693725586
259,3,2,False,5.016376887668933,23.89262177177681,12.70594310760498,33.60667037963867
259,120,2,False,0.0,0.0,,
259,91,1,True,3.8475589416651235,2.3025095255379093,1.430023193359375,34.227317810058594
259,22,1,False,0.0,0.0,,
259,5,1,False,5.750436093803829,29.271300619940742,17.177949905395508,40.56277084350586
259,16,1,False,3.872541747165621,34.70741195943685,16.335289001464844,15.057517051696777
259,7,2,False,5.05908050622327,9.829028082409911,22.29851531982422,32.33475112915039
259,9,1,False,0.0,0.0,,
259,8,2,False,3.6632013666225656,7.000088508904399,22.982934951782227,22.75299835205078
259,19,1,False,0.0,0.0,,
259,15,1,False,7.271580566266447,18.01144992105109,20.490934371948242,30.455724716186523
260,1,2,False,2.787768273428771,23.205917176281528,20.8906192779541,44.93324279785156
260,4,2,False,0.0,0.0,,
260,6,1,False,0.9329422030994816,22.765013343678163,13.027024269104004,59.02452850341797
260,10,2,False,0.0,0.0,,
260,11,1,False,0.0,25.741550753541386,6.801473140716553,52.20953369140625
260,14,2,False,1.8221452346860458,24.235795887285157,10.314072608947754,44.33142852783203
260,34,2,False,1.3666745313027662,18.95206449347258,22.57440185546875,56.13106918334961
260,13,2,False,0.0,0.0,,
260,12,1,False,0.0,22.13143516218669,10.668729782104492,33.83376693725586
260,3,2,False,6.874840488203336,24.290471337066354,12.629454612731934,33.593135833740234
260,120,2,False,0.0,0.0,,
260,91,1,True,4.608234461672038,2.5691897605883742,1.4542673826217651,34.231658935546875
260,22,1,False,0.0,0.0,,
260,5,1,False,2.089306161274521,29.392209541310795,17.172523498535156,40.459774017333984
260,16,1,False,3.1069635519247916,34.887213090913974,16.2720890045166,15.047289848327637
260,7,2,False,3.6521549330178824,10.040379641033631,22.244895935058594,32.32538986206055
260,9,1,False,0.0,0.0,,
260,8,2,False,3.841584772372842,7.22240244249079,22.953067779541016,22.748010635375977
260,19,1,False,0.0,0.0,,
260,15,1,False,7.337208754090826,18.436056909135047,20.46250343322754,30.31793785095215
261,1,2,False,2.787768273428771,23.205917176281528,20.86737060546875,44.836265563964844
261,4,2,False,0.0,0.0,,
261,6,1,False,0.9329422030994816,22.765013343678163,13.027024269104004,59.02452850341797
261,10,2,False,0.0,0.0,,
261,11,1,False,0.0,25.741550753541386,6.801473140716553,52.20953369140625
261,14,2,False,1.8221452346860458,24.235795887285157,10.314072608947754,44.33142852783203
261,34,2,False,1.3666745313027662,18.95206449347258,22.55498695373535,56.1273193359375
261,13,2,False,0.0,0.0,,
261,12,1,False,0.0,22.13143516218669,10.668729782104492,33.83376693725586
261,3,2,False,6.874840488203336,24.290471337066354,12.540512084960938,33.45870590209961
261,120,2,False,0.0,0.0,,
261,91,1,True,4.608234461672038,2.5691897605883742,1.551253318786621,34.249019622802734
261,22,1,False,0.0,0.0,,
261,5,1,False,2.089306161274521,29.392209541310795,17.124935150146484,40.45112609863281
261,16,1,False,3.1069635519247916,34.887213090913974,16.24049186706543,15.042176246643066
261,7,2,False,3.6521549330178824,10.040379641033631,22.21808624267578,32.320709228515625
261,9,1,False,0.0,0.0,,
261,8,2,False,3.841584772372842,7.22240244249079,22.893339157104492,22.738035202026367
261,19,1,False,0.0,0.0,,
261,15,1,False,7.337208754090826,18.436056909135047,20.461288452148438,30.184467315673828
262,1,2,False,2.787768273428771,23.205917176281528,20.821815490722656,44.82785415649414
262,4,2,False,0.0,0.0,,
262,6,1,False,0.9329422030994816,22.765013343678163,13.009366035461426,59.021053314208984
262,10,2,False,0.0,0.0,,
262,11,1,False,0.0,25.741550753541386,6.801473140716553,52.20953369140625
262,14,2,False,1.8221452346860458,24.235795887285157,10.336030006408691,44.335506439208984
262,34,2,False,1.3666745313027662,18.95206449347258,22.535573959350586,56.12356948852539
262,13,2,False,0.0,0.0,,
262,12,1,False,0.0,22.13143516218669,10.668729782104492,33.83376693725586
262,3,2,False,6.874840488203336,24.290471337066354,12.451017379760742,33.56156921386719
262,120,2,False,0.0,0.0,,
262,91,1,True,4.608234461672038,2.5691897605883742,1.6240025758743286,34.26204299926758
262,22,1,False,0.0,0.0,,
262,5,1,False,2.089306161274521,29.392209541310795,17.07735252380371,40.442481994628906
262,16,1,False,3.1069635519247916,34.887213090913974,16.217803955078125,15.218700408935547
262,7,2,False,3.6521549330178824,10.040379641033631,22.191280364990234,32.3160285949707
262,9,1,False,0.0,0.0,,
262,8,2,False,3.841584772372842,7.22240244249079,22.831008911132812,22.88610076904297
262,19,1,False,0.0,0.0,,
262,15,1,False,7.337208754090826,18.436056909135047,20.460071563720703,30.050588607788086
263,1,2,False,2.787768273428771,23.205917176281528,20.79903793334961,44.82365036010742
263,4,2,False,0.0,0.0,,
263,6,1,False,0.9329422030994816,22.765013343678163,13.001192092895508,58.96257400512695
263,10,2,False,0.0,0.0,,
263,11,1,False,0.0,25.741550753541386,6.801473140716553,52.20953369140625
263,14,2,False,1.8221452346860458,24.235795887285157,10.344526290893555,44.248565673828125
263,34,2,False,1.3666745313027662,18.95206449347258,22.535573959350586,56.12356948852539
263,13,2,False,0.0,0.0,,
263,12,1,False,0.0,22.13143516218669,10.678971290588379,33.71875
263,3,2,False,6.874840488203336,24.290471337066354,12.400043487548828,33.552547454833984
263,120,2,False,0.0,0.0,,
263,91,1,True,4.608234461672038,2.5691897605883742,1.6508976221084595,34.376800537109375
263,22,1,False,0.0,0.0,,
263,5,1,False,2.089306161274521,29.392209541310795,17.07735252380371,40.442481994628906
263,16,1,False,3.1069635519247916,34.887213090913974,16.186264038085938,15.213591575622559
263,7,2,False,3.6521549330178824,10.040379641033631,22.136362075805664,32.43436813354492
263,8,2,False,3.841584772372842,7.22240244249079,22.803756713867188,22.72307586669922
263,19,1,False,0.0,0.0,,
263,15,1,False,7.337208754090826,18.436056909135047,20.45884895324707,29.916301727294922
264,1,2,False,2.787768273428771,23.205917176281528,20.79903793334961,44.82365036010742
264,4,2,False,0.0,0.0,,
264,6,1,False,0.9329422030994816,22.765013343678163,13.001192092895508,58.96257400512695
264,10,2,False,0.0,0.0,,
264,11,1,False,0.0,25.741550753541386,6.801473140716553,52.20953369140625
264,14,2,False,1.8221452346860458,24.235795887285157,10.366512298583984,44.252647399902344
264,34,2,False,1.3666745313027662,18.95206449347258,22.51616096496582,56.119815826416016
264,13,2,False,0.0,0.0,,
264,12,1,False,0.0,22.13143516218669,10.668729782104492,33.83376693725586
264,3,2,False,6.874840488203336,24.290471337066354,12.323592185974121,33.539024353027344
264,120,2,False,0.0,0.0,,
264,91,1,True,4.608234461672038,2.5691897605883742,1.6751166582107544,34.38113784790039
264,22,1,False,0.0,0.0,,
264,5,1,False,2.089306161274521,29.392209541310795,17.05356216430664,40.43815994262695
264,16,1,False,3.1069635519247916,34.887213090913974,16.186264038085938,15.213591575622559
264,7,2,False,3.6521549330178824,10.040379641033631,22.13766860961914,32.30666732788086
264,8,2,False,3.841584772372842,7.22240244249079,22.77138900756836,22.876136779785156
264,19,1,False,0.0,0.0,,
264,15,1,False,7.337208754090826,18.436056909135047,20.404077529907227,29.906827926635742
265,1,2,False,3.168397708332181,23.389273525143345,20.776262283325195,44.8194465637207
265,4,2,False,0.0,0.0,,
265,6,1,False,2.4037464461806177,22.9041190407951,12.974051475524902,59.01409912109375
265,10,2,False,0.0,0.0,,
265,11,1,False,1.2658508385866782,25.81480601040404,6.801473140716553,52.20953369140625
265,14,2,False,1.5458462330334786,24.325254581326448,10.38849925994873,44.25672912597656
265,34,2,False,2.469985460641152,19.095003466889313,22.496747970581055,56.116065979003906
265,13,2,False,0.0,0.0,,
265,12,1,False,2.0752362432746283,22.25152985219101,10.668729782104492,33.83376693725586
265,3,2,False,7.937116657355894,24.749795217700374,12.234567642211914,33.641597747802734
265,120,2,False,0.0,0.0,,
265,91,1,True,1.7005395782933808,2.6676006158136856,1.6751166582107544,34.38113784790039
265,22,1,False,0.0,0.0,,
265,5,1,False,5.991929312177754,29.7389647098396,17.05356216430664,40.43815994262695
265,16,1,False,0.0,0.0,16.217803955078125,15.218700408935547
265,7,2,False,6.640796881837933,10.424685016139993,22.056074142456055,32.42034149169922
265,8,2,False,7.0260418403242415,7.629002086028073,22.77138900756836,22.876136779785156
265,19,1,False,0.0,0.0,,
265,15,1,False,7.59344340580468,18.875492291415412,20.376693725585938,29.90209197998047
266,1,2,False,3.168397708332181,23.389273525143345,20.753488540649414,44.815242767333984
266,4,2,False,0.0,0.0,,
266,6,1,False,2.4037464461806177,22.9041190407951,12.948168754577637,58.9521369934082
266,10,2,False,0.0,0.0,,
266,11,1,False,1.2658508385866782,25.81480601040404,6.801473140716553,52.20953369140625
266,14,2,False,1.5458462330334786,24.325254581326448,10.410487174987793,44.26081466674805
266,34,2,False,2.469985460641152,19.095003466889313,22.45792579650879,56.10856628417969
266,13,2,False,0.0,0.0,,
266,12,1,False,2.0752362432746283,22.25152985219101,10.693964958190918,33.83824157714844
266,3,2,False,7.937116657355894,24.749795217700374,12.12040901184082,33.7393684387207
266,120,2,False,0.0,0.0,,
266,91,1,True,1.7005395782933808,2.6676006158136856,1.701905608177185,34.495582580566406
266,22,1,False,0.0,0.0,,
266,5,1,False,5.991929312177754,29.7389647098396,17.02977180480957,40.433837890625
266,16,1,False,0.0,0.0,16.163713455200195,15.389491081237793
266,7,2,False,6.640796881837933,10.424685016139993,22.056074142456055,32.42034149169922
266,8,2,False,7.0260418403242415,7.629002086028073,22.77389907836914,22.718088150024414
266,19,1,False,0.0,0.0,,
266,15,1,False,7.59344340580468,18.875492291415412,20.321928024291992,29.892620086669922
267,1,2,False,3.168397708332181,23.389273525143345,20.753488540649414,44.815242767333984
267,4,2,False,0.0,0.0,,
267,6,1,False,2.4037464461806177,22.9041190407951,12.921082496643066,59.003665924072266
267,10,2,False,0.0,0.0,,
267,11,1,False,1.2658508385866782,25.81480601040404,6.801473140716553,52.20953369140625
267,14,2,False,1.5458462330334786,24.325254581326448,10.432475090026855,44.264896392822266
267,34,2,False,2.469985460641152,19.095003466889313,22.438514709472656,56.10481643676758
267,13,2,False,0.0,0.0,,
267,12,1,False,2.0752362432746283,22.25152985219101,10.693964958190918,33.83824157714844
267,3,2,False,7.937116657355894,24.749795217700374,12.006598472595215,33.83683776855469
267,120,2,False,0.0,0.0,,
267,91,1,True,1.7005395782933808,2.6676006158136856,1.7235572338104248,34.38981628417969
267,22,1,False,0.0,0.0,,
267,5,1,False,5.991929312177754,29.7389647098396,17.024141311645508,40.33053970336914
267,16,1,False,0.0,0.0,16.163713455200195,15.389491081237793
267,7,2,False,6.640796881837933,10.424685016139993,22.057260513305664,32.29262924194336
267,8,2,False,7.0260418403242415,7.629002086028073,22.744041442871094,22.713102340698242
267,19,1,False,0.0,0.0,,
267,15,1,False,7.59344340580468,18.875492291415412,20.2686824798584,30.017467498779297
268,1,2,False,3.168397708332181,23.389273525143345,20.77564811706543,44.72642135620117
268,4,2,False,0.0,0.0,,
268,6,1,False,2.4037464461806177,22.9041190407951,12.903427124023438,59.00019073486328
268,10,2,False,0.0,0.0,,
268,11,1,False,1.2658508385866782,25.81480601040404,6.778725624084473,52.273292541503906
268,14,2,False,1.5458462330334786,24.325254581326448,10.45446491241455,44.268978118896484
268,34,2,False,2.469985460641152,19.095003466889313,22.419105529785156,56.10106658935547
268,13,2,False,0.0,0.0,,
268,12,1,False,2.0752362432746283,22.25152985219101,10.693964958190918,33.83824157714844
268,3,2,False,7.937116657355894,24.749795217700374,11.905166625976562,33.81886672973633
268,120,2,False,0.0,0.0,,
268,91,1,True,1.7005395782933808,2.6676006158136856,1.6751166582107544,34.38113784790039
268,22,1,False,0.0,0.0,,
268,5,1,False,5.991929312177754,29.7389647098396,16.994644165039062,40.22263717651367
268,16,1,False,0.0,0.0,16.163713455200195,15.389491081237793
268,7,2,False,6.640796881837933,10.424685016139993,22.030460357666016,32.28794860839844
268,8,2,False,7.0260418403242415,7.629002086028073,22.65447998046875,22.698144912719727
268,19,1,False,0.0,0.0,,
268,15,1,False,7.59344340580468,18.875492291415412,20.267168045043945,29.883150100708008
269,1,2,False,3.168397708332181,23.389273525143345,20.79786491394043,44.637367248535156
269,4,2,False,0.0,0.0,,
269,6,1,False,2.4037464461806177,22.9041190407951,12.877476692199707,58.93821716308594
269,10,2,False,0.0,0.0,,
269,11,1,False,1.2658508385866782,25.81480601040404,6.778725624084473,52.273292541503906
269,14,2,False,1.5458462330334786,24.325254581326448,10.476454734802246,44.2730598449707
269,34,2,False,2.469985460641152,19.095003466889313,22.399694442749023,56.09731674194336
269,13,2,False,0.0,0.0,,
269,12,1,False,2.0752362432746283,22.25152985219101,10.683716773986816,33.95292282104492
269,3,2,False,7.937116657355894,24.749795217700374,11.854455947875977,33.809879302978516
269,120,2,False,0.0,0.0,,
269,91,1,True,1.7005395782933808,2.6676006158136856,1.5997518301010132,34.2577018737793
269,22,1,False,0.0,0.0,,
269,5,1,False,5.991929312177754,29.7389647098396,16.946943283081055,40.21398162841797
269,7,2,False,6.640796881837933,10.424685016139993,22.05845069885254,32.16453170776367
269,8,2,False,7.0260418403242415,7.629002086028073,22.62689781188965,22.534563064575195
269,19,1,False,0.0,0.0,,
269,15,1,False,7.59344340580468,18.875492291415412,20.29159164428711,29.618024826049805
270,1,2,False,1.7364349269416919,23.489761657489506,20.79786491394043,44.637367248535156
270,4,2,False,0.0,0.0,,
270,6,1,False,3.422927588907826,23.102205128116154,12.8598051071167,58.93473815917969
270,10,2,False,0.0,0.0,,
270,11,1,False,2.6780173941336023,25.969783868860848,6.75954008102417,52.26959991455078
270,14,2,False,1.5891815427154403,24.417221105789146,10.476454734802246,44.2730598449707
270,34,2,False,2.2858643022464764,19.227287280676727,22.359691619873047,56.15665054321289
270,13,2,False,0.0,0.0,,
270,12,1,False,5.912882957455572,22.593710578895614,10.683716773986816,33.95292282104492
270,3,2,False,9.728178496829452,25.312768510340966,11.803750038146973,33.8008918762207
270,91,1,True,5.586517024936022,2.9908944251271126,1.5782464742660522,34.363792419433594
270,22,1,False,0.0,0.0,,
270,5,1,False,2.935450952776419,29.90884034368083,16.941186904907227,40.1101188659668
270,7,2,False,2.828778852385634,10.58838749602342,22.05964469909668,32.03605270385742
270,8,2,False,6.967626515066631,8.032221213057392,22.567100524902344,22.52458381652832
270,19,1,False,0.0,0.0,,
270,15,1,False,4.537083282477782,19.138054981373617,20.262601852416992,29.477725982666016
271,1,2,False,1.7364349269416919,23.489761657489506,20.820138931274414,44.54808807373047
271,4,2,False,0.0,0.0,,
271,6,1,False,3.422927588907826,23.102205128116154,12.816099166870117,58.869163513183594
271,10,2,False,0.0,0.0,,
271,11,1,False,2.6780173941336023,25.969783868860848,6.740355491638184,52.265907287597656
271,14,2,False,1.5891815427154403,24.417221105789146,10.498445510864258,44.27714538574219
271,34,2,False,2.2858643022464764,19.227287280676727,22.359691619873047,56.15665054321289
271,13,2,False,0.0,0.0,,
271,12,1,False,5.912882957455572,22.593710578895614,10.683716773986816,33.95292282104492
271,3,2,False,9.728178496829452,25.312768510340966,11.766550064086914,33.91157150268555
271,91,1,True,5.586517024936022,2.9908944251271126,1.52981698513031,34.35511779785156
271,22,1,False,0.0,0.0,,
271,5,1,False,2.935450952776419,29.90884034368083,16.917306900024414,40.10578536987305
271,7,2,False,2.828778852385634,10.58838749602342,22.032764434814453,32.03136444091797
271,19,1,False,0.0,0.0,,
271,15,1,False,4.537083282477782,19.138054981373617,20.235097885131836,29.472978591918945
272,1,2,False,1.7364349269416919,23.489761657489506,20.820138931274414,44.54808807373047
272,4,2,False,0.0,0.0,,
272,6,1,False,3.422927588907826,23.102205128116154,12.78072452545166,58.86219787597656
272,10,2,False,0.0,0.0,,
272,11,1,False,2.6780173941336023,25.969783868860848,6.6985392570495605,52.32583999633789
272,14,2,False,1.5891815427154403,24.417221105789146,10.498445510864258,44.27714538574219
272,34,2,False,2.2858643022464764,19.227287280676727,22.319774627685547,56.215850830078125
272,13,2,False,0.0,0.0,,
272,12,1,False,5.912882957455572,22.593710578895614,10.673497200012207,34.06727981567383
272,3,2,False,9.728178496829452,25.312768510340966,11.678908348083496,34.01295852661133
272,91,1,True,5.586517024936022,2.9908944251271126,1.52981698513031,34.35511779785156
272,22,1,False,0.0,0.0,,
272,5,1,False,2.935450952776419,29.90884034368083,16.875398635864258,40.200992584228516
272,7,2,False,2.828778852385634,10.58838749602342,22.005884170532227,32.026676177978516
272,19,1,False,0.0,0.0,,
272,15,1,False,4.537083282477782,19.138054981373617,20.181745529174805,29.599050521850586
273,1,2,False,1.7364349269416919,23.489761657489506,20.79727554321289,44.54386901855469
273,4,2,False,0.0,0.0,,
273,6,1,False,3.422927588907826,23.102205128116154,12.745351791381836,58.8552360534668
273,10,2,False,0.0,0.0,,
273,11,1,False,2.6780173941336023,25.969783868860848,6.6985392570495605,52.32583999633789
273,14,2,False,1.5891815427154403,24.417221105789146,10.498445510864258,44.27714538574219
273,34,2,False,2.2858643022464764,19.227287280676727,22.299291610717773,56.278663635253906
273,13,2,False,0.0,0.0,,
273,12,1,False,5.912882957455572,22.593710578895614,10.648335456848145,34.062808990478516
273,3,2,False,9.728178496829452,25.312768510340966,11.60308837890625,33.999507904052734
273,91,1,True,5.586517024936022,2.9908944251271126,1.5326207876205444,34.465248107910156
273,22,1,False,0.0,0.0,,
273,5,1,False,2.935450952776419,29.90884034368083,16.86954689025879,40.09712219238281
273,7,2,False,2.828778852385634,10.58838749602342,21.952129364013672,32.017303466796875
273,19,1,False,0.0,0.0,,
273,15,1,False,4.537083282477782,19.138054981373617,20.152591705322266,29.4587345123291
274,1,2,False,1.7364349269416919,23.489761657489506,20.79727554321289,44.54386901855469
274,4,2,False,0.0,0.0,,
274,6,1,False,3.422927588907826,23.102205128116154,12.700782775878906,58.9034309387207
274,10,2,False,0.0,0.0,,
274,11,1,False,2.6780173941336023,25.969783868860848,6.67937707901001,52.32215118408203
274,14,2,False,1.5891815427154403,24.417221105789146,10.489755630493164,44.36405944824219
274,34,2,False,2.2858643022464764,19.227287280676727,22.299291610717773,56.278663635253906
274,13,2,False,0.0,0.0,,
274,12,1,False,5.912882957455572,22.593710578895614,10.638181686401367,34.176841735839844
274,3,2,False,9.728178496829452,25.312768510340966,11.515827178955078,34.10060501098633
274,91,1,True,5.586517024936022,2.9908944251271126,1.535416841506958,34.575077056884766
274,22,1,False,0.0,0.0,,
274,5,1,False,2.935450952776419,29.90884034368083,16.84566879272461,40.09278869628906
274,7,2,False,2.828778852385634,10.58838749602342,21.92525291442871,32.01261520385742
274,19,1,False,0.0,0.0,,
274,15,1,False,4.537083282477782,19.138054981373617,20.071918487548828,29.580078125
275,1,2,False,2.4100907298389753,23.629234500651485,20.7744140625,44.53965377807617
275,4,2,False,0.0,0.0,,
275,6,1,False,4.419906734069136,23.357986767819227,12.665450096130371,58.8964729309082
275,10,2,False,0.0,0.0,,
275,11,1,False,1.347217825578942,26.047747863396665,6.656816482543945,52.385643005371094
275,14,2,False,2.999772281318198,24.590819038735802,10.489755630493164,44.36405944824219
275,34,2,False,1.3974477091469044,19.308158097178282,22.318635940551758,56.28240203857422
275,13,2,False,0.0,0.0,,
275,12,1,False,9.741624223407833,23.157461980713197,10.628057479858398,34.29054641723633
275,3,2,False,14.444202092407693,26.148659835133078,11.403634071350098,34.196929931640625
275,91,1,True,3.7706744741235387,3.209104753490743,1.5382052659988403,34.68459701538086
275,22,1,False,0.0,0.0,,
275,5,1,False,1.2578217209803777,29.98163095253386,16.77404022216797,40.07979202270508
275,7,2,False,3.657363905674313,10.800040499824018,21.89837646484375,32.00792694091797
275,19,1,False,0.0,0.0,,
275,15,1,False,5.951667498811948,19.48248018385116,20.017011642456055,29.570594787597656
275,8,2,False,2.608732851047018,8.183189549344835,22.264856338500977,22.791481018066406
276,1,2,False,2.4100907298389753,23.629234500651485,20.751550674438477,44.535438537597656
276,4,2,False,0.0,0.0,,
276,6,1,False,4.419906734069136,23.357986767819227,12.612454414367676,58.88603973388672
276,10,2,False,0.0,0.0,,
276,11,1,False,1.347217825578942,26.047747863396665,6.641054630279541,52.31476974487305
276,14,2,False,2.999772281318198,24.590819038735802,10.481088638305664,44.45075988769531
276,34,2,False,1.3974477091469044,19.308158097178282,22.278852462768555,56.34133529663086
276,13,2,False,0.0,0.0,,
276,12,1,False,9.741624223407833,23.157461980713197,10.607894897460938,34.51698303222656
276,3,2,False,14.444202092407693,26.148659835133078,11.31693172454834,34.297428131103516
276,91,1,True,3.7706744741235387,3.209104753490743,1.5382052659988403,34.68459701538086
276,22,1,False,0.0,0.0,,
276,5,1,False,1.2578217209803777,29.98163095253386,16.732332229614258,40.17502212524414
276,7,2,False,3.657363905674313,10.800040499824018,21.871503829956055,32.00324249267578
276,19,1,False,0.0,0.0,,
276,15,1,False,5.951667498811948,19.48248018385116,19.96211051940918,29.56110954284668
276,8,2,False,2.608732851047018,8.183189549344835,22.205291748046875,22.781524658203125
277,1,2,False,2.4100907298389753,23.629234500651485,20.75090217590332,44.44169616699219
277,4,2,False,0.0,0.0,,
277,6,1,False,4.419906734069136,23.357986767819227,12.532780647277832,58.92720031738281
277,10,2,False,0.0,0.0,,
277,11,1,False,1.347217825578942,26.047747863396665,6.618537425994873,52.378265380859375
277,14,2,False,2.999772281318198,24.590819038735802,10.459153175354004,44.44668197631836
277,34,2,False,1.3974477091469044,19.308158097178282,22.278852462768555,56.34133529663086
277,13,2,False,0.0,0.0,,
277,12,1,False,9.741624223407833,23.157461980713197,10.597856521606445,34.62971878051758
277,3,2,False,14.444202092407693,26.148659835133078,11.244604110717773,34.51537322998047
277,91,1,True,3.7706744741235387,3.209104753490743,1.5409858226776123,34.793819427490234
277,22,1,False,0.0,0.0,,
277,5,1,False,1.2578217209803777,29.98163095253386,16.732332229614258,40.17502212524414
277,7,2,False,3.657363905674313,10.800040499824018,21.816926956176758,32.12238693237305
277,19,1,False,0.0,0.0,,
277,15,1,False,5.951667498811948,19.48248018385116,19.960121154785156,29.425508499145508
277,8,2,False,2.608732851047018,8.183189549344835,22.205291748046875,22.781524658203125
278,1,2,False,2.4100907298389753,23.629234500651485,20.705121994018555,44.43326187133789
278,4,2,False,0.0,0.0,,
278,6,1,False,4.419906734069136,23.357986767819227,12.497492790222168,58.920249938964844
278,10,2,False,0.0,0.0,,
278,11,1,False,1.347217825578942,26.047747863396665,6.618537425994873,52.378265380859375
278,14,2,False,2.999772281318198,24.590819038735802,10.459153175354004,44.44668197631836
278,34,2,False,1.3974477091469044,19.308158097178282,22.278852462768555,56.34133529663086
278,13,2,False,0.0,0.0,,
278,12,1,False,9.741624223407833,23.157461980713197,10.5728759765625,34.625274658203125
278,3,2,False,14.444202092407693,26.148659835133078,11.158517837524414,34.614959716796875
278,91,1,True,3.7706744741235387,3.209104753490743,1.5409858226776123,34.793819427490234
278,22,1,False,0.0,0.0,,
278,5,1,False,1.2578217209803777,29.98163095253386,16.7084903717041,40.170692443847656
278,7,2,False,3.657363905674313,10.800040499824018,21.790096282958984,32.117706298828125
278,19,1,False,0.0,0.0,,
278,15,1,False,5.951667498811948,19.48248018385116,19.958126068115234,29.28948974609375
278,8,2,False,2.608732851047018,8.183189549344835,22.17551040649414,22.776548385620117
279,1,2,False,2.4100907298389753,23.629234500651485,20.682233810424805,44.42904281616211
279,4,2,False,0.0,0.0,,
279,6,1,False,4.419906734069136,23.357986767819227,12.46220588684082,58.91330337524414
279,10,2,False,0.0,0.0,,
279,11,1,False,1.347217825578942,26.047747863396665,6.599398612976074,52.37458038330078
279,14,2,False,2.999772281318198,24.590819038735802,10.459153175354004,44.44668197631836
279,34,2,False,1.3974477091469044,19.308158097178282,22.278852462768555,56.34133529663086
279,13,2,False,0.0,0.0,,
279,12,1,False,9.741624223407833,23.157461980713197,10.537957191467285,34.73324966430664
279,3,2,False,14.444202092407693,26.148659835133078,11.086962699890137,34.83103561401367
279,91,1,True,3.7706744741235387,3.209104753490743,1.543758749961853,34.90273666381836
279,22,1,False,0.0,0.0,,
279,5,1,False,1.2578217209803777,29.98163095253386,16.7084903717041,40.170692443847656
279,7,2,False,3.657363905674313,10.800040499824018,21.736438751220703,32.108341217041016
279,19,1,False,0.0,0.0,,
279,15,1,False,5.951667498811948,19.48248018385116,19.903060913085938,29.27998924255371
279,8,2,False,2.608732851047018,8.183189549344835,22.11595344543457,22.76659393310547
280,1,2,False,1.2048125000960008,23.69895744625889,20.637252807617188,44.514366149902344
280,4,2,False,0.0,0.0,,
280,6,1,False,2.482868154384525,23.501671267494256,12.418027877807617,58.96133041381836
280,10,2,False,0.0,0.0,,
280,11,1,False,3.367325321436349,26.242616226905714,6.580260753631592,52.37089157104492
280,14,2,False,1.6252784042820918,24.68487450194657,10.45053482055664,44.53316879272461
280,34,2,False,0.0,19.308158097178282,22.25952911376953,56.33759689331055
280,13,2,False,0.0,0.0,,
280,12,1,False,0.0,0.0,10.528047561645508,34.84535598754883
280,3,2,False,8.463283127615428,26.63843316427749,11.001483917236328,34.929725646972656
280,91,1,True,0.0,0.0,1.543758749961853,34.90273666381836
280,22,1,False,0.0,0.0,,
280,5,1,False,3.3535250578128344,30.175700689675807,16.70241928100586,40.066795349121094
280,7,2,False,2.346128533050239,10.935811826968129,21.709611892700195,32.103660583496094
280,19,1,False,0.0,0.0,,
280,15,1,False,0.0,0.0,19.847999572753906,29.270488739013672
280,8,2,False,4.196151649333101,8.426022399421981,22.11595344543457,22.76659393310547
281,1,2,False,1.2048125000960008,23.69895744625889,20.637252807617188,44.514366149902344
281,4,2,False,0.0,0.0,,
281,6,1,False,2.482868154384525,23.501671267494256,12.40040397644043,58.95785903930664
281,10,2,False,0.0,0.0,,
281,11,1,False,3.367325321436349,26.242616226905714,6.557836532592773,52.43425369262695
281,14,2,False,1.6252784042820918,24.68487450194657,10.472442626953125,44.5372428894043
281,34,2,False,0.0,19.308158097178282,22.27994728088379,56.27492141723633
281,13,2,False,0.0,0.0,,
281,12,1,False,0.0,0.0,10.50313949584961,34.84091567993164
281,3,2,False,8.463283127615428,26.63843316427749,10.91625690460205,35.02812194824219
281,91,1,True,0.0,0.0,1.543758749961853,34.90273666381836
281,22,1,False,0.0,0.0,,
281,5,1,False,3.3535250578128344,30.175700689675807,16.678546905517578,40.06246566772461
281,7,2,False,2.346128533050239,10.935811826968129,21.682785034179688,32.09897994995117
281,19,1,False,0.0,0.0,,
281,15,1,False,0.0,0.0,19.845829010009766,29.134035110473633
281,8,2,False,4.196151649333101,8.426022399421981,22.0861759185791,22.76161766052246
282,1,2,False,1.2048125000960008,23.69895744625889,20.592391967773438,44.59946823120117
282,4,2,False,0.0,0.0,,
282,6,1,False,2.482868154384525,23.501671267494256,12.382781028747559,58.95438766479492
282,10,2,False,0.0,0.0,,
282,11,1,False,3.367325321436349,26.242616226905714,6.538720607757568,52.430572509765625
282,14,2,False,1.6252784042820918,24.68487450194657,10.45053482055664,44.53316879272461
282,34,2,False,0.0,19.308158097178282,22.27994728088379,56.27492141723633
282,13,2,False,0.0,0.0,,
282,12,1,False,0.0,0.0,10.478232383728027,34.83647918701172
282,3,2,False,8.463283127615428,26.63843316427749,10.831281661987305,35.12622833251953
282,91,1,True,0.0,0.0,1.567806363105774,34.90705490112305
282,22,1,False,0.0,0.0,,
282,5,1,False,3.3535250578128344,30.175700689675807,16.654674530029297,40.05813217163086
282,7,2,False,2.346128533050239,10.935811826968129,21.655961990356445,32.09429931640625
282,19,1,False,0.0,0.0,,
282,15,1,False,0.0,0.0,19.792943954467773,29.260990142822266
282,8,2,False,4.196151649333101,8.426022399421981,21.995635986328125,22.904333114624023
283,1,2,False,1.2048125000960008,23.69895744625889,20.591541290283203,44.50593948364258
283,4,2,False,0.0,0.0,,
283,6,1,False,2.482868154384525,23.501671267494256,12.365158081054688,58.9509162902832
283,10,2,False,0.0,0.0,,
283,11,1,False,3.367325321436349,26.242616226905714,6.503714084625244,52.356143951416016
283,14,2,False,1.6252784042820918,24.68487450194657,10.428627014160156,44.52909851074219
283,34,2,False,0.0,19.308158097178282,22.27994728088379,56.27492141723633
283,13,2,False,0.0,0.0,,
283,3,2,False,8.463283127615428,26.63843316427749,10.692299842834473,34.988189697265625
283,91,1,True,0.0,0.0,1.567806363105774,34.90705490112305
283,22,1,False,0.0,0.0,,
283,5,1,False,3.3535250578128344,30.175700689675807,16.606935501098633,40.04947280883789
283,7,2,False,2.346128533050239,10.935811826968129,21.655961990356445,32.09429931640625
283,19,1,False,0.0,0.0,,
283,15,1,False,0.0,0.0,19.763120651245117,29.119773864746094
283,8,2,False,4.196151649333101,8.426022399421981,21.96591567993164,22.899362564086914
284,1,2,False,1.2048125000960008,23.69895744625889,20.591541290283203,44.50593948364258
284,4,2,False,0.0,0.0,,
284,6,1,False,2.482868154384525,23.501671267494256,12.31229305267334,58.94050216674805
284,10,2,False,0.0,0.0,,
284,11,1,False,3.367325321436349,26.242616226905714,6.465444087982178,52.34877014160156
284,14,2,False,1.6252784042820918,24.68487450194657,10.42005729675293,44.61537170410156
284,34,2,False,0.0,19.308158097178282,22.27994728088379,56.27492141723633
284,13,2,False,0.0,0.0,,
284,3,2,False,8.463283127615428,26.63843316427749,10.5828275680542,35.081905364990234
284,22,1,False,0.0,0.0,,
284,5,1,False,3.3535250578128344,30.175700689675807,16.559200286865234,40.040809631347656
284,7,2,False,2.346128533050239,10.935811826968129,21.655961990356445,32.09429931640625
284,19,1,False,0.0,0.0,,
284,8,2,False,4.196151649333101,8.426022399421981,21.936193466186523,22.894392013549805
285,1,2,False,3.6137329299291685,23.908085509333496,20.56868553161621,44.50172424316406
285,4,2,False,0.0,0.0,,
285,6,1,False,2.916935014940283,23.670475377155153,12.27705192565918,58.933563232421875
285,10,2,False,0.0,0.0,,
285,11,1,False,3.7140672038014015,26.457550671570147,6.388911247253418,52.33402633666992
285,14,2,False,1.574321217491418,24.77598105388473,10.398179054260254,44.611305236816406
285,34,2,False,1.3603509964661744,19.38688211317748,22.25952911376953,56.33759689331055
285,13,2,False,0.0,0.0,,
285,3,2,False,14.682837886638561,27.48813443086537,10.533148765563965,35.07304382324219
285,22,1,False,0.0,0.0,,
285,5,1,False,4.286208000329331,30.42374513413931,16.51146697998047,40.03215026855469
285,7,2,False,4.4241052951079745,11.191836438953544,21.68341827392578,31.970439910888672
285,19,1,False,0.0,0.0,,
285,8,2,False,5.808484997223547,8.762161577502047,21.906475067138672,22.889421463012695
285,120,2,False,0.0,0.0,,
286,1,2,False,3.6137329299291685,23.908085509333496,20.54582977294922,44.49750900268555
286,4,2,False,0.0,0.0,,
286,6,1,False,2.916935014940283,23.670475377155153,12.241812705993652,58.92662048339844
286,10,2,False,0.0,0.0,,
286,11,1,False,3.7140672038014015,26.457550671570147,6.331517696380615,52.32297134399414
286,14,2,False,1.574321217491418,24.77598105388473,10.398179054260254,44.611305236816406
286,34,2,False,1.3603509964661744,19.38688211317748,22.278852462768555,56.34133529663086
286,13,2,False,0.0,0.0,,
286,3,2,False,14.682837886638561,27.48813443086537,10.483473777770996,35.06418228149414
286,22,1,False,0.0,0.0,,
286,5,1,False,4.286208000329331,30.42374513413931,16.4637393951416,40.02348709106445
286,7,2,False,4.4241052951079745,11.191836438953544,21.68341827392578,31.970439910888672
286,19,1,False,0.0,0.0,,
286,8,2,False,5.808484997223547,8.762161577502047,21.876758575439453,22.884450912475586
286,120,2,False,0.0,0.0,,
286,91,1,True,0.0,0.0,1.6504433155059814,35.352630615234375
286,15,1,False,0.0,0.0,19.592609405517578,28.81700897216797
287,1,2,False,3.6137329299291685,23.908085509333496,20.500123977661133,44.48908233642578
287,4,2,False,0.0,0.0,,
287,6,1,False,2.916935014940283,23.670475377155153,12.206575393676758,58.919681549072266
287,10,2,False,0.0,0.0,,
287,11,1,False,3.7140672038014015,26.457550671570147,6.274129390716553,52.311912536621094
287,14,2,False,1.574321217491418,24.77598105388473,10.398179054260254,44.611305236816406
287,34,2,False,1.3603509964661744,19.38688211317748,22.298173904418945,56.34507369995117
287,13,2,False,0.0,0.0,,
287,3,2,False,14.682837886638561,27.48813443086537,10.34010124206543,35.26408004760742
287,22,1,False,0.0,0.0,,
287,5,1,False,4.286208000329331,30.42374513413931,16.44629669189453,40.12310028076172
287,7,2,False,4.4241052951079745,11.191836438953544,21.655961990356445,32.09429931640625
287,19,1,False,0.0,0.0,,
287,8,2,False,5.808484997223547,8.762161577502047,21.847042083740234,22.879480361938477
287,120,2,False,0.0,0.0,,
287,91,1,True,0.0,0.0,1.6769342422485352,35.46434783935547
287,15,1,False,0.0,0.0,19.537321090698242,28.80748748779297
288,1,2,False,3.6137329299291685,23.908085509333496,20.45442008972168,44.480655670166016
288,4,2,False,0.0,0.0,,
288,6,1,False,2.916935014940283,23.670475377155153,12.162713050842285,58.96764373779297
288,10,2,False,0.0,0.0,,
288,11,1,False,3.7140672038014015,26.457550671570147,6.2167463302612305,52.30085754394531
288,14,2,False,1.574321217491418,24.77598105388473,10.398179054260254,44.611305236816406
288,34,2,False,1.3603509964661744,19.38688211317748,22.298173904418945,56.34507369995117
288,13,2,False,0.0,0.0,,
288,3,2,False,14.682837886638561,27.48813443086537,10.26582145690918,35.250816345214844
288,22,1,False,0.0,0.0,,
288,5,1,False,4.286208000329331,30.42374513413931,16.422466278076172,40.1187744140625
288,7,2,False,4.4241052951079745,11.191836438953544,21.655961990356445,32.09429931640625
288,19,1,False,0.0,0.0,,
288,8,2,False,5.808484997223547,8.762161577502047,21.7867431640625,23.026697158813477
288,120,2,False,0.0,0.0,,
288,91,1,True,0.0,0.0,1.7058786153793335,35.682579040527344
288,15,1,False,0.0,0.0,19.50967788696289,28.8027286529541
289,1,2,False,3.6137329299291685,23.908085509333496,20.408720016479492,44.472232818603516
289,4,2,False,0.0,0.0,,
289,6,1,False,2.916935014940283,23.670475377155153,12.145113945007324,58.964176177978516
289,10,2,False,0.0,0.0,,
289,11,1,False,3.7140672038014015,26.457550671570147,6.197619915008545,52.29717254638672
289,14,2,False,1.574321217491418,24.77598105388473,10.41150951385498,44.70143127441406
289,34,2,False,1.3603509964661744,19.38688211317748,22.31749725341797,56.34880828857422
289,13,2,False,0.0,0.0,,
289,3,2,False,14.682837886638561,27.48813443086537,10.138928413391113,35.5639533996582
289,22,1,False,0.0,0.0,,
289,5,1,False,4.286208000329331,30.42374513413931,16.37480926513672,40.11012268066406
289,7,2,False,4.4241052951079745,11.191836438953544,21.601804733276367,32.21310806274414
289,19,1,False,0.0,0.0,,
289,8,2,False,5.808484997223547,8.762161577502047,21.726648330688477,23.17341423034668
289,120,2,False,0.0,0.0,,
289,91,1,True,0.0,0.0,1.7559794187545776,35.79768371582031
289,15,1,False,0.0,0.0,19.482036590576172,28.7979679107666
289,12,1,False,0.0,0.0,10.384135246276855,35.04646301269531
290,1,2,False,1.2043467706699924,23.97778150300653,20.36302375793457,44.46380615234375
290,4,2,False,0.0,0.0,,
290,6,1,False,3.837138933548925,23.892532028402197,12.109916687011719,58.95724105834961
290,10,2,False,0.0,0.0,,
290,11,1,False,2.689301311787212,26.613181534520795,6.175625801086426,52.360599517822266
290,14,2,False,0.38409347888987244,24.798208685764934,10.41150951385498,44.70143127441406
290,34,2,False,2.287899448107796,19.519283701609645,22.336820602416992,56.35254669189453
290,13,2,False,0.0,0.0,,
290,3,2,False,15.87281110120383,28.40669988811096,10.046744346618652,35.769752502441406
290,5,1,False,2.4004426451857537,30.56265963906904,16.333715438842773,40.20515441894531
290,7,2,False,2.208137521485577,11.319622175150625,21.601804733276367,32.21310806274414
290,19,1,False,0.0,0.0,,
290,8,2,False,3.126855027115036,8.943113836015648,21.726648330688477,23.17341423034668
290,120,2,False,0.0,0.0,,
290,91,1,True,9.36776088889846,3.751220545672367,1.8035657405853271,35.80625915527344
290,15,1,False,8.26450806858381,19.960750326709018,19.454397201538086,28.7932071685791
290,12,1,False,2.1919971694736717,23.284313668761442,10.384135246276855,35.04646301269531
291,1,2,False,1.2043467706699924,23.97778150300653,20.34017562866211,44.4595947265625
291,4,2,False,0.0,0.0,,
291,6,1,False,3.837138933548925,23.892532028402197,12.066200256347656,59.0051155090332
291,10,2,False,0.0,0.0,,
291,11,1,False,2.689301311787212,26.613181534520795,6.137417793273926,52.35323715209961
291,14,2,False,0.38409347888987244,24.798208685764934,10.433362007141113,44.70549774169922
291,34,2,False,2.287899448107796,19.519283701609645,22.316362380981445,56.41507339477539
291,13,2,False,0.0,0.0,,
291,3,2,False,15.87281110120383,28.40669988811096,9.964037895202637,35.865623474121094
291,5,1,False,2.4004426451857537,30.56265963906904,16.309921264648438,40.20083236694336
291,7,2,False,2.208137521485577,11.319622175150625,21.575023651123047,32.208431243896484
291,19,1,False,0.0,0.0,,
291,8,2,False,3.126855027115036,8.943113836015648,21.697036743164062,23.168453216552734
291,120,2,False,0.0,0.0,,
291,91,1,True,9.36776088889846,3.751220545672367,1.8534727096557617,35.92105484008789
291,15,1,False,8.26450806858381,19.960750326709018,19.374391555786133,28.91629981994629
291,12,1,False,2.1919971694736717,23.284313668761442,10.393813133239746,34.93497085571289
291,132,1,False,0.0,0.0,16.096540451049805,15.913439750671387
292,1,2,False,1.2043467706699924,23.97778150300653,20.295711517333984,44.54474639892578
292,4,2,False,0.0,0.0,,
292,6,1,False,3.837138933548925,23.892532028402197,12.01346492767334,58.99472427368164
292,10,2,False,0.0,0.0,,
292,11,1,False,2.689301311787212,26.613181534520795,6.118314266204834,52.34955596923828
292,14,2,False,0.38409347888987244,24.798208685764934,10.441937446594238,44.619441986083984
292,34,2,False,2.287899448107796,19.519283701609645,22.335664749145508,56.41880798339844
292,13,2,False,0.0,0.0,,
292,3,2,False,15.87281110120383,28.40669988811096,9.890422821044922,35.85243606567383
292,5,1,False,2.4004426451857537,30.56265963906904,16.309921264648438,40.20083236694336
292,7,2,False,2.208137521485577,11.319622175150625,21.574556350708008,32.33622360229492
292,19,1,False,0.0,0.0,,
292,8,2,False,3.126855027115036,8.943113836015648,21.66742706298828,23.163494110107422
292,120,2,False,0.0,0.0,,
292,91,1,True,9.36776088889846,3.751220545672367,1.9032474756240845,36.03554153442383
292,15,1,False,8.26450806858381,19.960750326709018,19.294641494750977,29.038997650146484
292,12,1,False,2.1919971694736717,23.284313668761442,10.393813133239746,34.93497085571289
292,132,1,False,0.0,0.0,16.127853393554688,15.91852855682373
293,1,2,False,1.2043467706699924,23.97778150300653,20.294483184814453,44.451168060302734
293,4,2,False,0.0,0.0,,
293,6,1,False,3.837138933548925,23.892532028402197,11.969893455505371,59.042510986328125
293,10,2,False,0.0,0.0,,
293,11,1,False,2.689301311787212,26.613181534520795,6.099211692810059,52.34587097167969
293,14,2,False,0.38409347888987244,24.798208685764934,10.441937446594238,44.619441986083984
293,34,2,False,2.287899448107796,19.519283701609645,22.315229415893555,56.481197357177734
293,13,2,False,0.0,0.0,,
293,3,2,False,15.87281110120383,28.40669988811096,9.71735954284668,36.15155792236328
293,5,1,False,2.4004426451857537,30.56265963906904,16.286128997802734,40.196510314941406
293,7,2,False,2.208137521485577,11.319622175150625,21.574556350708008,32.33622360229492
293,19,1,False,0.0,0.0,,
293,8,2,False,3.126855027115036,8.943113836015648,21.637197494506836,23.314678192138672
293,120,2,False,0.0,0.0,,
293,91,1,True,9.36776088889846,3.751220545672367,1.9744504690170288,36.04838562011719
293,15,1,False,8.26450806858381,19.960750326709018,19.239547729492188,29.029499053955078
293,12,1,False,2.1919971694736717,23.284313668761442,10.37861442565918,34.8187255859375
293,132,1,False,0.0,0.0,16.127853393554688,15.91852855682373
294,1,2,False,1.2043467706699924,23.97778150300653,20.294483184814453,44.451168060302734
294,4,2,False,0.0,0.0,,
294,6,1,False,3.837138933548925,23.892532028402197,11.917219161987305,59.032127380371094
294,10,2,False,0.0,0.0,,
294,11,1,False,2.689301311787212,26.613181534520795,6.061007976531982,52.3385124206543
294,14,2,False,0.38409347888987244,24.798208685764934,10.433362007141113,44.70549774169922
294,34,2,False,2.287899448107796,19.519283701609645,22.334510803222656,56.484928131103516
294,13,2,False,0.0,0.0,,
294,3,2,False,15.87281110120383,28.40669988811096,9.529741287231445,36.336429595947266
294,5,1,False,2.4004426451857537,30.56265963906904,16.245214462280273,40.291290283203125
294,7,2,False,2.208137521485577,11.319622175150625,21.60129737854004,32.34089279174805
294,19,1,False,0.0,0.0,,
294,8,2,False,3.126855027115036,8.943113836015648,21.60763931274414,23.309724807739258
294,120,2,False,0.0,0.0,,
294,91,1,True,9.36776088889846,3.751220545672367,2.0497493743896484,36.27216339111328
294,15,1,False,8.26450806858381,19.960750326709018,19.184459686279297,29.020000457763672
294,12,1,False,2.1919971694736717,23.284313668761442,10.34407901763916,34.92610168457031
294,132,1,False,0.0,0.0,16.159168243408203,15.92361831665039
294,22,1,False,0.0,0.0,,
295,1,2,False,1.2043467706699924,24.047477496679562,20.294483184814453,44.451168060302734
295,4,2,False,0.0,0.0,,
295,6,1,False,2.6101943784205757,24.043584943820054,11.89966106414795,59.02866744995117
295,10,2,False,0.0,0.0,,
295,11,1,False,3.69673782676765,26.827113121717996,6.022806644439697,52.33115005493164
295,14,2,False,2.9698868346532317,24.970077136844402,10.433362007141113,44.70549774169922
295,34,2,False,3.7149683206051116,19.734270294237255,22.334510803222656,56.484928131103516
295,13,2,False,0.0,0.0,,
295,3,2,False,7.292619330166641,28.828726469717825,9.39986801147461,36.421913146972656
295,5,1,False,1.6689769062870983,30.65924395077547,16.221454620361328,40.2869758605957
295,7,2,False,0.0,0.0,21.60129737854004,32.34089279174805
295,19,1,False,0.0,0.0,,
295,8,2,False,5.568521836776011,9.265366257125372,21.60763931274414,23.309724807739258
295,120,2,False,0.0,0.0,,
295,91,1,True,8.36570653188616,4.235347081082446,2.0734238624572754,36.27643585205078
295,15,1,False,3.6886690233838246,20.174214969265954,19.132646560668945,29.147069931030273
295,12,1,False,2.020513124377651,23.40124151160737,10.34407901763916,34.92610168457031
295,132,1,False,9.361686411215763,0.5417642599083196,16.159168243408203,15.92361831665039
295,22,1,False,0.0,0.0,,
296,1,2,False,1.2043467706699924,24.047477496679562,20.294483184814453,44.451168060302734
296,4,2,False,0.0,0.0,,
296,6,1,False,2.6101943784205757,24.043584943820054,11.864547729492188,59.02174377441406
296,10,2,False,0.0,0.0,,
296,11,1,False,3.69673782676765,26.827113121717996,5.984607696533203,52.323787689208984
296,14,2,False,2.9698868346532317,24.970077136844402,10.42480754852295,44.79133987426758
296,34,2,False,3.7149683206051116,19.734270294237255,22.373077392578125,56.49238967895508
296,13,2,False,0.0,0.0,,
296,3,2,False,7.292619330166641,28.828726469717825,9.294654846191406,36.511505126953125
296,5,1,False,1.6689769062870983,30.65924395077547,16.197696685791016,40.282657623291016
296,7,2,False,0.0,0.0,21.60129737854004,32.34089279174805
296,19,1,False,0.0,0.0,,
296,8,2,False,5.568521836776011,9.265366257125372,21.60763931274414,23.309724807739258
296,120,2,False,0.0,0.0,,
296,91,1,True,8.36570653188616,4.235347081082446,2.1207754611968994,36.28498458862305
296,15,1,False,3.6886690233838246,20.174214969265954,19.105148315429688,29.14232635498047
296,12,1,False,2.020513124377651,23.40124151160737,10.34407901763916,34.92610168457031
296,132,1,False,9.361686411215763,0.5417642599083196,16.16808319091797,16.10210418701172
296,22,1,False,0.0,0.0,,
297,1,2,False,1.2043467706699924,24.047477496679562,20.31732940673828,44.455379486083984
297,4,2,False,0.0,0.0,,
297,6,1,False,2.6101943784205757,24.043584943820054,11.846992492675781,59.01828384399414
297,10,2,False,0.0,0.0,,
297,11,1,False,3.69673782676765,26.827113121717996,5.949028015136719,52.2492790222168
297,14,2,False,2.9698868346532317,24.970077136844402,10.42480754852295,44.79133987426758
297,34,2,False,3.7149683206051116,19.734270294237255,22.432188034057617,56.43748092651367
297,3,2,False,7.292619330166641,28.828726469717825,9.221826553344727,36.498416900634766
297,5,1,False,1.6689769062870983,30.65924395077547,16.190963745117188,40.17922592163086
297,7,2,False,0.0,0.0,21.60129737854004,32.34089279174805
297,19,1,False,0.0,0.0,,
297,8,2,False,5.568521836776011,9.265366257125372,21.548051834106445,23.455459594726562
297,120,2,False,0.0,0.0,,
297,91,1,True,8.36570653188616,4.235347081082446,2.1700057983398438,36.39855194091797
297,15,1,False,3.6886690233838246,20.174214969265954,19.050155639648438,29.132837295532227
297,12,1,False,2.020513124377651,23.40124151160737,10.34407901763916,34.92610168457031
297,132,1,False,9.361686411215763,0.5417642599083196,16.16808319091797,16.10210418701172
297,22,1,False,0.0,0.0,,
298,1,2,False,1.2043467706699924,24.047477496679562,20.295711517333984,44.54474639892578
298,4,2,False,0.0,0.0,,
298,6,1,False,2.6101943784205757,24.043584943820054,11.811882019042969,59.0113639831543
298,10,2,False,0.0,0.0,,
298,11,1,False,3.69673782676765,26.827113121717996,5.910791873931885,52.241912841796875
298,14,2,False,2.9698868346532317,24.970077136844402,10.42480754852295,44.79133987426758
298,34,2,False,3.7149683206051116,19.734270294237255,22.470800399780273,56.444950103759766
298,3,2,False,7.292619330166641,28.828726469717825,9.141271591186523,36.59212112426758
298,5,1,False,1.6689769062870983,30.65924395077547,16.167173385620117,40.17490768432617
298,7,2,False,0.0,0.0,21.60079002380371,32.468299865722656
298,19,1,False,0.0,0.0,,
298,8,2,False,5.568521836776011,9.265366257125372,21.488666534423828,23.600706100463867
298,120,2,False,0.0,0.0,,
298,91,1,True,8.36570653188616,4.235347081082446,2.2173004150390625,36.40709686279297
298,15,1,False,3.6886690233838246,20.174214969265954,19.022663116455078,29.128093719482422
298,12,1,False,2.020513124377651,23.40124151160737,10.34407901763916,34.92610168457031
298,132,1,False,9.361686411215763,0.5417642599083196,16.17696762084961,16.27996826171875
298,22,1,False,0.0,0.0,,
299,1,2,False,1.2043467706699924,24.047477496679562,20.34017562866211,44.4595947265625
299,4,2,False,0.0,0.0,,
299,6,1,False,2.6101943784205757,24.043584943820054,11.794327735900879,59.007904052734375
299,10,2,False,0.0,0.0,,
299,11,1,False,3.69673782676765,26.827113121717996,5.872557640075684,52.23454666137695
299,14,2,False,2.9698868346532317,24.970077136844402,10.416275024414062,44.87696838378906
299,34,2,False,3.7149683206051116,19.734270294237255,22.509416580200195,56.45241928100586
299,3,2,False,7.292619330166641,28.828726469717825,9.076193809509277,36.47224807739258
299,5,1,False,1.6689769062870983,30.65924395077547,16.150182723999023,40.274024963378906
299,7,2,False,0.0,0.0,21.60079002380371,32.468299865722656
299,19,1,False,0.0,0.0,,
299,8,2,False,5.568521836776011,9.265366257125372,21.488666534423828,23.600706100463867
299,120,2,False,0.0,0.0,,
299,91,1,True,8.36570653188616,4.235347081082446,2.289959192276001,36.52462387084961
299,15,1,False,3.6886690233838246,20.174214969265954,18.99517059326172,29.12335205078125
299,12,1,False,2.020513124377651,23.40124151160737,10.334471702575684,35.037601470947266
299,132,1,False,9.361686411215763,0.5417642599083196,16.208175659179688,16.285049438476562
299,22,1,False,0.0,0.0,,
299,134,2,False,0.0,0.0,,
300,1,2,False,0.40146654842704244,24.07071051452835,20.36302375793457,44.46380615234375
300,4,2,False,0.0,0.0,,
300,6,1,False,4.596936385827708,24.309611355036935,11.751031875610352,59.05561828613281
300,10,2,False,0.0,0.0,,
300,11,1,False,8.157481280526612,27.299189584711435,5.812740802764893,52.29066467285156
300,14,2,False,1.4832992391030155,25.055916213181384,10.394476890563965,44.87290954589844
300,34,2,False,2.363234269127892,19.871031536663637,22.54803466796875,56.45989227294922
300,3,2,False,11.373395500404555,29.48690907969494,8.979125022888184,36.454803466796875
300,5,1,False,5.320129301649417,30.96712180388018,16.126426696777344,40.26970672607422
300,19,1,False,0.0,0.0,,
300,8,2,False,5.306096346564374,9.57243201792192,21.459213256835938,23.595760345458984
300,120,2,False,0.0,0.0,,
300,91,1,True,9.11731960107515,4.762969743181702,2.3860199451446533,36.646114349365234
300,15,1,False,4.732121123314923,20.44806457130964,18.991689682006836,28.98676300048828
300,12,1,False,6.027636637911643,23.75006307630133,10.35930347442627,35.04203414916992
300,132,1,False,2.181943067646446,0.6680341133600816,16.21697425842285,16.462289810180664
300,22,1,False,0.0,0.0,,
300,134,2,False,0.0,0.0,,
301,1,2,False,0.40146654842704244,24.07071051452835,20.38587188720703,44.468017578125
301,4,2,False,0.0,0.0,,
301,6,1,False,4.596936385827708,24.309611355036935,11.70782470703125,59.10323715209961
301,10,2,False,0.0,0.0,,
301,11,1,False,8.157481280526612,27.299189584711435,5.753059387207031,52.346656799316406
301,14,2,False,1.4832992391030155,25.055916213181384,10.394476890563965,44.87290954589844
301,34,2,False,2.363234269127892,19.871031536663637,22.546653747558594,56.525978088378906
301,3,2,False,11.373395500404555,29.48690907969494,8.87470531463623,36.54419708251953
301,5,1,False,5.320129301649417,30.96712180388018,16.062068939208984,40.35993957519531
301,19,1,False,0.0,0.0,,
301,8,2,False,5.306096346564374,9.57243201792192,21.40007781982422,23.740522384643555
301,120,2,False,0.0,0.0,,
301,91,1,True,9.11731960107515,4.762969743181702,2.4582736492156982,36.763031005859375
301,15,1,False,4.732121123314923,20.44806457130964,18.940187454223633,29.11386489868164
301,12,1,False,6.027636637911643,23.75006307630133,10.349688529968262,35.15321350097656
301,132,1,False,2.181943067646446,0.6680341133600816,16.21697425842285,16.462289810180664
301,22,1,False,0.0,0.0,,
301,134,2,False,0.0,0.0,,
301,13,2,False,0.0,0.0,,
302,1,2,False,0.40146654842704244,24.07071051452835,20.38587188720703,44.468017578125
302,4,2,False,0.0,0.0,,
302,6,1,False,4.596936385827708,24.309611355036935,11.65527629852295,59.09287643432617
302,10,2,False,0.0,0.0,,
302,11,1,False,8.157481280526612,27.299189584711435,5.691183567047119,52.469268798828125
302,14,2,False,1.4832992391030155,25.055916213181384,10.394476890563965,44.87290954589844
302,34,2,False,2.363234269127892,19.871031536663637,22.565942764282227,56.52970886230469
302,3,2,False,11.373395500404555,29.48690907969494,8.787558555603027,36.743934631347656
302,5,1,False,5.320129301649417,30.96712180388018,16.038347244262695,40.355628967285156
302,8,2,False,5.306096346564374,9.57243201792192,21.40007781982422,23.740522384643555
302,120,2,False,0.0,0.0,,
302,91,1,True,9.11731960107515,4.762969743181702,2.6232247352600098,36.792869567871094
302,15,1,False,4.732121123314923,20.44806457130964,18.940187454223633,29.11386489868164
302,12,1,False,6.027636637911643,23.75006307630133,10.349688529968262,35.15321350097656
302,132,1,False,2.181943067646446,0.6680341133600816,16.24812889099121,16.46736717224121
302,22,1,False,0.0,0.0,,
302,134,2,False,0.0,0.0,,
302,13,2,False,0.0,0.0,,
303,1,2,False,0.40146654842704244,24.07071051452835,20.38587188720703,44.468017578125
303,4,2,False,0.0,0.0,,
303,6,1,False,4.596936385827708,24.309611355036935,11.59471607208252,59.1369514465332
303,10,2,False,0.0,0.0,,
303,11,1,False,8.157481280526612,27.299189584711435,5.667552471160889,52.59866714477539
303,14,2,False,1.4832992391030155,25.055916213181384,10.385992050170898,44.95832824707031
303,34,2,False,2.363234269127892,19.871031536663637,22.58523178100586,56.533443450927734
303,3,2,False,11.373395500404555,29.48690907969494,8.732107162475586,36.841209411621094
303,5,1,False,5.320129301649417,30.96712180388018,16.021575927734375,40.454227447509766
303,8,2,False,5.306096346564374,9.57243201792192,21.341142654418945,23.884796142578125
303,120,2,False,0.0,0.0,,
303,91,1,True,9.11731960107515,4.762969743181702,2.716373920440674,36.705841064453125
303,15,1,False,4.732121123314923,20.44806457130964,18.940187454223633,29.11386489868164
303,12,1,False,6.027636637911643,23.75006307630133,10.389625549316406,35.27292251586914
303,132,1,False,2.181943067646446,0.6680341133600816,16.279285430908203,16.472442626953125
303,22,1,False,0.0,0.0,,
303,134,2,False,0.0,0.0,,
303,13,2,False,0.0,0.0,,
303,19,1,False,0.0,0.0,,
304,1,2,False,0.40146654842704244,24.07071051452835,20.38587188720703,44.468017578125
304,4,2,False,0.0,0.0,,
304,6,1,False,4.596936385827708,24.309611355036935,11.56923770904541,59.187835693359375
304,10,2,False,0.0,0.0,,
304,11,1,False,8.157481280526612,27.299189584711435,5.6462931632995605,52.661319732666016
304,14,2,False,1.4832992391030155,25.055916213181384,10.385992050170898,44.95832824707031
304,34,2,False,2.363234269127892,19.871031536663637,22.564542770385742,56.59565353393555
304,3,2,False,11.373395500404555,29.48690907969494,8.693836212158203,37.047943115234375
304,5,1,False,5.320129301649417,30.96712180388018,15.981192588806152,40.54825973510742
304,8,2,False,5.306096346564374,9.57243201792192,21.341142654418945,23.884796142578125
304,120,2,False,0.0,0.0,,
304,91,1,True,9.11731960107515,4.762969743181702,2.8107924461364746,36.7229118347168
304,15,1,False,4.732121123314923,20.44806457130964,18.88884735107422,29.240568161010742
304,12,1,False,6.027636637911643,23.75006307630133,10.404723167419434,35.38788604736328
304,132,1,False,2.181943067646446,0.6680341133600816,16.287944793701172,16.649057388305664
304,22,1,False,0.0,0.0,,
304,134,2,False,0.0,0.0,,
304,13,2,False,0.0,0.0,,
304,19,1,False,0.0,0.0,,
305,1,2,False,3.455714999701929,24.270694021455547,20.38587188720703,44.468017578125
305,4,2,False,0.0,0.0,,
305,6,1,False,2.1164176447560017,24.432089227997352,11.561271667480469,59.242061614990234
305,10,2,False,0.0,0.0,,
305,11,1,False,5.693218169066144,27.628658228754613,5.625080585479736,52.723838806152344
305,14,2,False,0.38263572224301334,25.07805948414452,10.385992050170898,44.95832824707031
305,34,2,False,1.1372749741459478,19.936846060630415,22.564542770385742,56.59565353393555
305,3,2,False,7.258766962570426,29.9069766122511,8.693836212158203,37.047943115234375
305,5,1,False,1.7637940819115525,31.069193220657468,16.00484848022461,40.55256271362305
305,8,2,False,3.0774444325334485,9.750524867026865,21.370494842529297,23.88973045349121
305,120,2,False,0.0,0.0,,
305,91,1,True,7.085971924256358,5.173037562872463,2.9052255153656006,36.73998260498047
305,15,1,False,4.091200281768433,20.68482384687494,18.88884735107422,29.240568161010742
305,12,1,False,1.9981102323135533,23.865694455486143,10.404723167419434,35.38788604736328
305,132,1,False,5.9765384479711905,1.013898606876933,16.34160041809082,16.48259735107422
305,22,1,False,0.0,0.0,,
305,134,2,False,0.0,0.0,,
305,13,2,False,0.0,0.0,,
305,19,1,False,0.0,0.0,,
306,1,2,False,3.455714999701929,24.270694021455547,20.38587188720703,44.468017578125
306,4,2,False,0.0,0.0,,
306,6,1,False,2.1164176447560017,24.432089227997352,11.543810844421387,59.238616943359375
306,10,2,False,0.0,0.0,,
306,11,1,False,5.693218169066144,27.628658228754613,5.625080585479736,52.723838806152344
306,14,2,False,0.38263572224301334,25.07805948414452,10.385992050170898,44.95832824707031
306,34,2,False,1.1372749741459478,19.936846060630415,22.543899536132812,56.6577262878418
306,3,2,False,7.258766962570426,29.9069766122511,8.693836212158203,37.047943115234375
306,5,1,False,1.7637940819115525,31.069193220657468,15.988166809082031,40.650638580322266
306,8,2,False,3.0774444325334485,9.750524867026865,21.34101104736328,24.0384464263916
306,120,2,False,0.0,0.0,,
306,91,1,False,7.085971924256358,5.173037562872463,2.9760594367980957,36.75278854370117
306,15,1,False,4.091200281768433,20.68482384687494,18.86140251159668,29.235830307006836
306,12,1,False,1.9981102323135533,23.865694455486143,10.395085334777832,35.49811935424805
306,132,1,False,5.9765384479711905,1.013898606876933,16.34160041809082,16.48259735107422
306,22,1,False,0.0,0.0,,
306,134,2,False,0.0,0.0,,
306,13,2,False,0.0,0.0,,
306,19,1,False,0.0,0.0,,
306,7,2,False,0.0,0.0,21.598777770996094,32.97416305541992
307,1,2,False,3.455714999701929,24.270694021455547,20.364164352416992,44.557373046875
307,4,2,False,0.0,0.0,,
307,6,1,False,2.1164176447560017,24.432089227997352,11.508890151977539,59.23172378540039
307,10,2,False,0.0,0.0,,
307,11,1,False,5.693218169066144,27.628658228754613,5.627328872680664,52.65766143798828
307,14,2,False,0.38263572224301334,25.07805948414452,10.40776252746582,44.96238327026367
307,34,2,False,1.1372749741459478,19.936846060630415,22.563146591186523,56.66145324707031
307,3,2,False,7.258766962570426,29.9069766122511,8.686790466308594,37.15304946899414
307,5,1,False,1.7637940819115525,31.069193220657468,15.988166809082031,40.650638580322266
307,8,2,False,3.0774444325334485,9.750524867026865,21.34101104736328,24.0384464263916
307,120,2,False,0.0,0.0,,
307,91,1,False,7.085971924256358,5.173037562872463,3.0232865810394287,36.76132583618164
307,15,1,False,4.091200281768433,20.68482384687494,18.857723236083984,29.099637985229492
307,12,1,False,1.9981102323135533,23.865694455486143,10.419779777526855,35.502532958984375
307,132,1,False,5.9765384479711905,1.013898606876933,16.35015296936035,16.659202575683594
307,22,1,False,0.0,0.0,,
307,134,2,False,0.0,0.0,,
307,13,2,False,0.0,0.0,,
307,19,1,False,0.0,0.0,,
307,7,2,False,0.0,0.0,21.598777770996094,32.97416305541992
308,1,2,False,3.455714999701929,24.270694021455547,20.341346740722656,44.553165435791016
308,4,2,False,0.0,0.0,,
308,6,1,False,2.1164176447560017,24.432089227997352,11.49143123626709,59.22827911376953
308,10,2,False,0.0,0.0,,
308,11,1,False,5.693218169066144,27.628658228754613,5.650845527648926,52.52853775024414
308,14,2,False,0.38263572224301334,25.07805948414452,10.40776252746582,44.96238327026367
308,34,2,False,1.1372749741459478,19.936846060630415,22.563146591186523,56.66145324707031
308,3,2,False,7.258766962570426,29.9069766122511,8.655776023864746,37.2535400390625
308,5,1,False,1.7637940819115525,31.069193220657468,15.988166809082031,40.650638580322266
308,8,2,False,3.0774444325334485,9.750524867026865,21.31170654296875,24.03351593017578
308,120,2,False,0.0,0.0,,
308,91,1,False,7.085971924256358,5.173037562872463,3.022571086883545,36.657012939453125
308,15,1,False,4.091200281768433,20.68482384687494,18.806516647338867,29.226354598999023
308,12,1,False,1.9981102323135533,23.865694455486143,10.419779777526855,35.502532958984375
308,132,1,False,5.9765384479711905,1.013898606876933,16.319047927856445,16.654130935668945
308,22,1,False,0.0,0.0,,
308,134,2,False,0.0,0.0,,
308,13,2,False,0.0,0.0,,
308,19,1,False,0.0,0.0,,
308,7,2,False,0.0,0.0,21.545270919799805,33.09040451049805
309,1,2,False,3.455714999701929,24.270694021455547,20.296937942504883,44.63808822631836
309,4,2,False,0.0,0.0,,
309,6,1,False,2.1164176447560017,24.432089227997352,11.47397232055664,59.22483444213867
309,10,2,False,0.0,0.0,,
309,11,1,False,5.693218169066144,27.628658228754613,5.672155857086182,52.465599060058594
309,14,2,False,0.38263572224301334,25.07805948414452,10.385992050170898,44.95832824707031
309,34,2,False,1.1372749741459478,19.936846060630415,22.563146591186523,56.66145324707031
309,3,2,False,7.258766962570426,29.9069766122511,8.624846458435059,37.35375213623047
309,5,1,False,1.7637940819115525,31.069193220657468,15.988166809082031,40.650638580322266
309,8,2,False,3.0774444325334485,9.750524867026865,21.31170654296875,24.03351593017578
309,120,2,False,0.0,0.0,,
309,91,1,False,7.085971924256358,5.173037562872463,3.0698657035827637,36.66556167602539
309,15,1,False,4.091200281768433,20.68482384687494,18.728073120117188,29.34794044494629
309,12,1,False,1.9981102323135533,23.865694455486143,10.419779777526855,35.502532958984375
309,132,1,False,5.9765384479711905,1.013898606876933,16.319047927856445,16.654130935668945
309,22,1,False,0.0,0.0,,
309,134,2,False,0.0,0.0,,
309,13,2,False,0.0,0.0,,
309,19,1,False,0.0,0.0,,
309,7,2,False,0.0,0.0,21.491924285888672,33.206295013427734
310,1,2,False,1.9360737818117004,24.382735328273355,20.274150848388672,44.63388442993164
310,4,2,False,0.0,0.0,,
310,6,1,False,1.010511672483064,24.49056791274753,11.464375495910645,59.16714859008789
310,10,2,False,0.0,0.0,,
310,11,1,False,1.3410067284398945,27.70626278479859,5.712562084197998,52.40619659423828
310,14,2,False,3.811007412666836,25.29860389459978,10.364222526550293,44.95427703857422
310,34,2,False,0.6775664632572864,19.976057082809657,22.563146591186523,56.66145324707031
310,3,2,True,3.9520933515257166,30.135685718242172,8.57008171081543,37.44936752319336
310,5,1,False,0.0,31.069193220657468,15.964543342590332,40.646339416503906
310,8,2,False,11.080983399714437,10.391785480436265,21.253103256225586,24.023656845092773
310,120,2,False,0.0,0.0,,
310,91,1,False,14.614409948779901,6.018778879352782,3.119504690170288,37.0896110534668
310,15,1,False,6.645823243851474,21.069420099412643,18.673280715942383,29.338476181030273
310,12,1,False,2.4584068276666833,24.007963369124262,10.419779777526855,35.502532958984375
310,132,1,False,6.437682693077087,1.3864496886522273,16.265527725219727,16.819992065429688
310,22,1,False,0.0,0.0,,
310,134,2,False,0.0,0.0,,
310,13,2,False,0.0,0.0,,
310,19,1,False,0.0,0.0,,
310,7,2,False,2.884184433087991,11.486530996509885,21.465463638305664,33.20165252685547
311,1,2,False,1.9360737818117004,24.382735328273355,20.25136375427246,44.629676818847656
311,4,2,False,0.0,0.0,,
311,6,1,False,1.010511672483064,24.49056791274753,11.4468994140625,59.163700103759766
311,10,2,False,0.0,0.0,,
311,11,1,False,1.3410067284398945,27.70626278479859,5.753059387207031,52.346656799316406
311,14,2,False,3.811007412666836,25.29860389459978,10.334043502807617,45.035438537597656
311,34,2,False,0.6775664632572864,19.976057082809657,22.563146591186523,56.66145324707031
311,3,2,True,3.9520933515257166,30.135685718242172,8.53935718536377,37.54903030395508
311,5,1,False,0.0,31.069193220657468,15.964543342590332,40.646339416503906
311,8,2,False,11.080983399714437,10.391785480436265,21.194612503051758,24.16697120666504
311,120,2,False,0.0,0.0,,
311,91,1,False,14.614409948779901,6.018778879352782,3.0469014644622803,36.76559829711914
311,15,1,False,6.645823243851474,21.069420099412643,18.622528076171875,29.46441078186035
311,12,1,False,2.4584068276666833,24.007963369124262,10.410133361816406,35.612449645996094
311,132,1,False,6.437682693077087,1.3864496886522273,16.234481811523438,16.814924240112305
311,22,1,False,0.0,0.0,,
311,134,2,False,0.0,0.0,,
311,13,2,False,0.0,0.0,,
311,19,1,False,0.0,0.0,,
311,7,2,False,2.884184433087991,11.486530996509885,21.465463638305664,33.20165252685547
312,1,2,False,1.9360737818117004,24.382735328273355,20.25136375427246,44.629676818847656
312,4,2,False,0.0,0.0,,
312,6,1,False,1.010511672483064,24.49056791274753,11.429424285888672,59.16025161743164
312,10,2,False,0.0,0.0,,
312,11,1,False,1.3410067284398945,27.70626278479859,5.774554252624512,52.28330612182617
312,14,2,False,3.811007412666836,25.29860389459978,10.312302589416504,45.03138732910156
312,34,2,False,0.6775664632572864,19.976057082809657,22.563146591186523,56.66145324707031
312,3,2,True,3.9520933515257166,30.135685718242172,8.491585731506348,37.540401458740234
312,5,1,False,0.0,31.069193220657468,16.00484848022461,40.55256271362305
312,8,2,False,11.080983399714437,10.391785480436265,21.10736656188965,24.457077026367188
312,120,2,False,0.0,0.0,,
312,91,1,False,14.614409948779901,6.018778879352782,2.998924970626831,36.652740478515625
312,15,1,False,6.645823243851474,21.069420099412643,18.540483474731445,29.45022964477539
312,12,1,False,2.4584068276666833,24.007963369124262,10.385473251342773,35.60803985595703
312,132,1,False,6.437682693077087,1.3864496886522273,16.18120765686035,16.980199813842773
312,22,1,False,0.0,0.0,,
312,134,2,False,0.0,0.0,,
312,13,2,False,0.0,0.0,,
312,19,1,False,0.0,0.0,,
312,7,2,False,2.884184433087991,11.486530996509885,21.465463638305664,33.20165252685547
313,1,2,False,1.9360737818117004,24.382735328273355,20.25008201599121,44.53633117675781
313,4,2,False,0.0,0.0,,
313,6,1,False,1.010511672483064,24.49056791274753,11.429424285888672,59.16025161743164
313,10,2,False,0.0,0.0,,
313,11,1,False,1.3410067284398945,27.70626278479859,5.793647289276123,52.2869873046875
313,14,2,False,3.811007412666836,25.29860389459978,10.260514259338379,45.10830307006836
313,34,2,False,0.6775664632572864,19.976057082809657,22.563146591186523,56.66145324707031
313,3,2,False,3.9520933515257166,30.135685718242172,8.491585731506348,37.540401458740234
313,5,1,False,0.0,31.069193220657468,16.00484848022461,40.55256271362305
313,8,2,False,11.080983399714437,10.391785480436265,21.049068450927734,24.447248458862305
313,120,2,False,0.0,0.0,,
313,91,1,False,14.614409948779901,6.018778879352782,2.950822114944458,36.539588928222656
313,15,1,False,6.645823243851474,21.069420099412643,18.48579216003418,29.440776824951172
313,12,1,True,2.4584068276666833,24.007963369124262,10.360815048217773,35.60363006591797
313,132,1,False,6.437682693077087,1.3864496886522273,16.128124237060547,17.144887924194336
313,22,1,False,0.0,0.0,,
313,134,2,False,0.0,0.0,,
313,13,2,False,0.0,0.0,,
313,19,1,False,0.0,0.0,,
313,7,2,False,2.884184433087991,11.486530996509885,21.439002990722656,33.19701385498047
314,1,2,False,1.9360737818117004,24.382735328273355,20.25008201599121,44.53633117675781
314,4,2,False,0.0,0.0,,
314,6,1,False,1.010511672483064,24.49056791274753,11.456513404846191,59.22138977050781
314,10,2,False,0.0,0.0,,
314,11,1,False,1.3410067284398945,27.70626278479859,5.791202545166016,52.35401153564453
314,14,2,False,3.811007412666836,25.29860389459978,10.238801956176758,45.10425567626953
314,34,2,False,0.6775664632572864,19.976057082809657,22.543899536132812,56.6577262878418
314,3,2,False,3.9520933515257166,30.135685718242172,8.437162399291992,37.6354866027832
314,5,1,False,0.0,31.069193220657468,15.981192588806152,40.54825973510742
314,8,2,False,11.080983399714437,10.391785480436265,20.990774154663086,24.437421798706055
314,120,2,False,0.0,0.0,,
314,91,1,False,14.614409948779901,6.018778879352782,2.8788864612579346,36.42185592651367
314,15,1,False,6.645823243851474,21.069420099412643,18.431106567382812,29.431324005126953
314,12,1,True,2.4584068276666833,24.007963369124262,10.336156845092773,35.59922409057617
314,132,1,False,6.437682693077087,1.3864496886522273,16.097190856933594,17.13983154296875
314,22,1,False,0.0,0.0,,
314,134,2,False,0.0,0.0,,
314,13,2,False,0.0,0.0,,
314,19,1,False,0.0,0.0,,
314,7,2,False,2.884184433087991,11.486530996509885,21.385902404785156,33.31256103515625
314,142,1,False,0.0,0.0,,
315,1,2,False,5.425875699320304,24.696732764576613,20.22726821899414,44.53212356567383
315,4,2,False,0.0,0.0,,
315,6,1,False,4.797871166913351,24.768222494166125,11.47397232055664,59.22483444213867
315,10,2,False,0.0,0.0,,
315,11,1,False,7.980553028214765,28.16810034430176,5.788763523101807,52.4208869934082
315,14,2,False,2.5143534295465746,25.44411045880965,10.195380210876465,45.09616470336914
315,34,2,False,1.6936609425111175,20.074069868834606,22.52465057373047,56.65399932861328
315,3,2,False,7.087684657435276,30.54585265443634,8.437162399291992,37.6354866027832
315,5,1,False,3.9793276906819024,31.2994783879423,15.964543342590332,40.646339416503906
315,8,2,False,9.624020717931911,10.948731123835103,20.93301773071289,24.57931900024414
315,120,2,False,0.0,0.0,,
315,91,1,False,9.757567369670275,6.583452916949441,2.806763172149658,36.30381774902344
315,15,1,False,4.785879392866618,21.346380712425756,18.3535213470459,29.55217742919922
315,12,1,True,6.378071189784242,24.377064711125666,10.31149959564209,35.59481430053711
315,132,1,False,0.0,0.0,16.066261291503906,17.13477325439453
315,22,1,False,0.0,0.0,,
315,134,2,False,0.0,0.0,,
315,13,2,False,0.0,0.0,,
315,19,1,False,0.0,0.0,,
315,7,2,False,6.683041306051163,11.87328107209155,21.333066940307617,33.303287506103516
315,142,1,False,0.0,0.0,,
316,1,2,False,5.425875699320304,24.696732764576613,20.20445442199707,44.527915954589844
316,4,2,False,0.0,0.0,,
316,6,1,False,4.797871166913351,24.768222494166125,11.47397232055664,59.22483444213867
316,10,2,False,0.0,0.0,,
316,11,1,False,7.980553028214765,28.16810034430176,5.783901214599609,52.55420684814453
316,14,2,False,2.5143534295465746,25.44411045880965,10.173669815063477,45.09212112426758
316,34,2,False,1.6936609425111175,20.074069868834606,22.50540542602539,56.650272369384766
316,3,2,False,7.087684657435276,30.54585265443634,8.382890701293945,37.73030471801758
316,5,1,False,3.9793276906819024,31.2994783879423,15.940919876098633,40.64203643798828
316,8,2,False,9.624020717931911,10.948731123835103,20.818077087402344,24.86170196533203
316,120,2,False,0.0,0.0,,
316,91,1,False,9.757567369670275,6.583452916949441,2.758216619491577,36.18975830078125
316,15,1,False,4.785879392866618,21.346380712425756,18.303434371948242,29.677364349365234
316,12,1,False,6.378071189784242,24.377064711125666,10.302020072937012,35.704437255859375
316,132,1,False,0.0,0.0,16.03533172607422,17.129716873168945
316,22,1,False,0.0,0.0,,
316,134,2,False,0.0,0.0,,
316,13,2,False,0.0,0.0,,
316,19,1,False,0.0,0.0,,
316,7,2,False,6.683041306051163,11.87328107209155,21.280208587646484,33.418495178222656
316,142,1,False,0.0,0.0,,
317,1,2,False,5.425875699320304,24.696732764576613,20.160228729248047,44.61286163330078
317,4,2,False,0.0,0.0,,
317,6,1,False,4.797871166913351,24.768222494166125,11.481850624084473,59.170597076416016
317,10,2,False,0.0,0.0,,
317,11,1,False,7.980553028214765,28.16810034430176,5.779060363769531,52.68695068359375
317,14,2,False,2.5143534295465746,25.44411045880965,10.138398170471191,44.998992919921875
317,34,2,False,1.6936609425111175,20.074069868834606,22.48615837097168,56.64654541015625
317,3,2,False,7.087684657435276,30.54585265443634,8.40011978149414,37.837764739990234
317,5,1,False,3.9793276906819024,31.2994783879423,15.924346923828125,40.7398567199707
317,8,2,False,9.624020717931911,10.948731123835103,20.760087966918945,24.851905822753906
317,120,2,False,0.0,0.0,,
317,91,1,False,9.757567369670275,6.583452916949441,2.68574595451355,36.07110595703125
317,12,1,False,6.378071189784242,24.377064711125666,10.277399063110352,35.700035095214844
317,132,1,False,0.0,0.0,16.004404067993164,17.12466049194336
317,22,1,False,0.0,0.0,,
317,134,2,False,0.0,0.0,,
317,13,2,False,0.0,0.0,,
317,19,1,False,0.0,0.0,,
317,7,2,False,6.683041306051163,11.87328107209155,21.227506637573242,33.533355712890625
317,142,1,False,0.0,0.0,,
318,1,2,False,5.425875699320304,24.696732764576613,20.093366622924805,44.693389892578125
318,4,2,False,0.0,0.0,,
318,6,1,False,4.797871166913351,24.768222494166125,11.50723934173584,59.11969757080078
318,10,2,False,0.0,0.0,,
318,11,1,False,7.980553028214765,28.16810034430176,5.795596122741699,52.75676345825195
318,14,2,False,2.5143534295465746,25.44411045880965,10.116663932800293,44.99494171142578
318,34,2,False,1.6936609425111175,20.074069868834606,22.447668075561523,56.639095306396484
318,3,2,False,7.087684657435276,30.54585265443634,8.417303085327148,37.94493865966797
318,5,1,False,3.9793276906819024,31.2994783879423,15.884259223937988,40.83312225341797
318,8,2,False,9.624020717931911,10.948731123835103,20.67405891418457,24.987510681152344
318,120,2,False,0.0,0.0,,
318,91,1,False,9.757567369670275,6.583452916949441,2.5905730724334717,36.05394744873047
318,12,1,False,6.378071189784242,24.377064711125666,10.218810081481934,35.80055618286133
318,132,1,False,0.0,0.0,15.973477363586426,17.119604110717773
318,22,1,False,0.0,0.0,,
318,134,2,False,0.0,0.0,,
318,13,2,False,0.0,0.0,,
318,19,1,False,0.0,0.0,,
318,7,2,False,6.683041306051163,11.87328107209155,21.201173782348633,33.52872848510742
318,142,1,False,0.0,0.0,,
318,15,1,False,4.785879392866618,21.346380712425756,18.16718292236328,29.653785705566406
319,1,2,False,5.425875699320304,24.696732764576613,20.049402236938477,44.777896881103516
319,4,2,False,0.0,0.0,,
319,6,1,False,4.797871166913351,24.768222494166125,11.515167236328125,59.06524658203125
319,10,2,False,0.0,0.0,,
319,11,1,False,7.980553028214765,28.16810034430176,5.774240016937256,52.81911849975586
319,14,2,False,2.5143534295465746,25.44411045880965,10.094929695129395,44.99089431762695
319,34,2,False,1.6936609425111175,20.074069868834606,22.428424835205078,56.63536834716797
319,3,2,False,7.087684657435276,30.54585265443634,8.41071891784668,38.04753494262695
319,5,1,False,3.9793276906819024,31.2994783879423,15.860701560974121,40.82883071899414
319,8,2,False,9.624020717931911,10.948731123835103,20.616174697875977,24.977724075317383
319,120,2,False,0.0,0.0,,
319,91,1,False,9.757567369670275,6.583452916949441,2.4954147338867188,36.03678894042969
319,12,1,False,6.378071189784242,24.377064711125666,10.145061492919922,35.787353515625
319,132,1,False,0.0,0.0,15.920863151550293,17.283733367919922
319,22,1,False,0.0,0.0,,
319,134,2,False,0.0,0.0,,
319,13,2,False,0.0,0.0,,
319,19,1,False,0.0,0.0,,
319,7,2,False,6.683041306051163,11.87328107209155,21.148672103881836,33.64324951171875
319,142,1,False,0.0,0.0,,
319,15,1,False,4.785879392866618,21.346380712425756,18.11269187927246,29.64435577392578
320,1,2,False,6.337756242831085,25.063501065666376,20.026681900024414,44.77370071411133
320,4,2,False,0.0,0.0,,
320,6,1,False,3.0748450109880223,24.946164913783488,11.56616497039795,58.96293258666992
320,10,2,False,0.0,0.0,,
320,11,1,False,2.275305786127512,28.299773132850806,5.752931118011475,52.88133239746094
320,14,2,False,3.269445724677702,25.633314493802573,10.094929695129395,44.99089431762695
320,34,2,False,3.4572967748012555,20.274144913672643,22.428424835205078,56.63536834716797
320,3,2,False,0.4165000200258006,30.5699556648545,8.36327838897705,38.038944244384766
320,5,1,False,3.6980650314751373,31.513486780967483,15.813589096069336,40.820247650146484
320,8,2,False,5.576938481012457,11.271470619264065,20.52935791015625,24.96304702758789
320,120,2,False,0.0,0.0,,
320,91,1,False,10.966025599573378,7.218060879887715,2.3986992835998535,35.913509368896484
320,12,1,False,5.138989705083846,24.674459948688387,10.086750030517578,35.88759994506836
320,22,1,False,0.0,0.0,,
320,134,2,False,0.0,0.0,,
320,13,2,False,0.0,0.0,,
320,19,1,False,0.0,0.0,,
320,7,2,False,4.31774744043329,12.123150715635143,21.148672103881836,33.64324951171875
320,142,1,False,0.0,0.0,,
320,15,1,False,9.20269975361055,21.878944355574514,18.080612182617188,29.50497817993164
321,1,2,False,6.337756242831085,25.063501065666376,20.003963470458984,44.769508361816406
321,4,2,False,0.0,0.0,,
321,6,1,False,3.0748450109880223,24.946164913783488,11.583712577819824,58.966392517089844
321,10,2,False,0.0,0.0,,
321,11,1,False,2.275305786127512,28.299773132850806,5.734024524688721,52.877681732177734
321,14,2,False,3.269445724677702,25.633314493802573,10.065132141113281,45.07189178466797
321,34,2,False,3.4572967748012555,20.274144913672643,22.46820640563965,56.57700729370117
321,3,2,False,0.4165000200258006,30.5699556648545,8.36327838897705,38.038944244384766
321,5,1,False,3.6980650314751373,31.513486780967483,15.790034294128418,40.815956115722656
321,120,2,False,0.0,0.0,,
321,91,1,False,10.966025599573378,7.218060879887715,2.301734209060669,35.78990936279297
321,12,1,False,5.138989705083846,24.674459948688387,10.037662506103516,35.878807067871094
321,22,1,False,0.0,0.0,,
321,134,2,False,0.0,0.0,,
321,13,2,False,0.0,0.0,,
321,19,1,False,0.0,0.0,,
321,7,2,False,4.31774744043329,12.123150715635143,21.12238121032715,33.63862609863281
321,142,1,False,0.0,0.0,,
321,15,1,False,9.20269975361055,21.878944355574514,18.003721237182617,29.625497817993164
322,1,2,False,6.337756242831085,25.063501065666376,20.002368927001953,44.67658996582031
322,4,2,False,0.0,0.0,,
322,6,1,False,3.0748450109880223,24.946164913783488,11.591740608215332,58.91162109375
322,10,2,False,0.0,0.0,,
322,11,1,False,2.275305786127512,28.299773132850806,5.69853401184082,52.80449676513672
322,14,2,False,3.269445724677702,25.633314493802573,10.043426513671875,45.067848205566406
322,34,2,False,3.4572967748012555,20.274144913672643,22.508075714111328,56.51851272583008
322,3,2,False,0.4165000200258006,30.5699556648545,8.346047401428223,37.932044982910156
322,5,1,False,3.6980650314751373,31.513486780967483,15.742927551269531,40.807376861572266
322,120,2,False,0.0,0.0,,
322,91,1,False,10.966025599573378,7.218060879887715,2.1806442737579346,35.66168975830078
322,12,1,False,5.138989705083846,24.674459948688387,9.979591369628906,35.97877502441406
322,22,1,False,0.0,0.0,,
322,134,2,False,0.0,0.0,,
322,13,2,False,0.0,0.0,,
322,19,1,False,0.0,0.0,,
322,7,2,False,4.31774744043329,12.123150715635143,21.069799423217773,33.6293830871582
322,142,1,False,0.0,0.0,,
322,15,1,False,9.20269975361055,21.878944355574514,17.899879455566406,29.740924835205078
322,132,1,True,0.0,0.0,15.714386940002441,17.42205238342285
322,8,2,False,5.576938481012457,11.271470619264065,20.41362190246582,24.9434814453125
323,1,2,False,6.337756242831085,25.063501065666376,20.00077247619629,44.583438873291016
323,4,2,False,0.0,0.0,,
323,6,1,False,3.0748450109880223,24.946164913783488,11.609307289123535,58.91508102416992
323,10,2,False,0.0,0.0,,
323,11,1,False,2.275305786127512,28.299773132850806,5.717459678649902,52.80815124511719
323,14,2,False,3.269445724677702,25.633314493802573,10.000018119812012,45.059757232666016
323,34,2,False,3.4572967748012555,20.274144913672643,22.508075714111328,56.51851272583008
323,3,2,False,0.4165000200258006,30.5699556648545,8.339560508728027,38.03465270996094
323,5,1,False,3.6980650314751373,31.513486780967483,15.69582462310791,40.79879379272461
323,120,2,False,0.0,0.0,,
323,91,1,False,10.966025599573378,7.218060879887715,2.063324213027954,35.74696350097656
323,12,1,False,5.138989705083846,24.674459948688387,9.930580139160156,35.969993591308594
323,22,1,False,0.0,0.0,,
323,134,2,False,0.0,0.0,,
323,13,2,False,0.0,0.0,,
323,19,1,False,0.0,0.0,,
323,7,2,False,4.31774744043329,12.123150715635143,21.017223358154297,33.62014389038086
323,142,1,False,0.0,0.0,,
323,15,1,False,9.20269975361055,21.878944355574514,17.82352066040039,29.860689163208008
323,132,1,True,0.0,0.0,15.631673812866211,17.580005645751953
323,8,2,False,5.576938481012457,11.271470619264065,20.35430145263672,24.783349990844727
324,1,2,False,6.337756242831085,25.063501065666376,20.021976470947266,44.494258880615234
324,4,2,False,0.0,0.0,,
324,6,1,False,3.0748450109880223,24.946164913783488,11.617368698120117,58.86020278930664
324,10,2,False,0.0,0.0,,
324,11,1,False,2.275305786127512,28.299773132850806,5.738752365112305,52.74578857421875
324,14,2,False,3.269445724677702,25.633314493802573,9.948702812194824,45.13652420043945
324,34,2,False,3.4572967748012555,20.274144913672643,22.528724670410156,56.45615768432617
324,3,2,False,0.4165000200258006,30.5699556648545,8.322297096252441,37.92774963378906
324,5,1,False,3.6980650314751373,31.513486780967483,15.648724555969238,40.79021453857422
324,120,2,False,0.0,0.0,,
324,91,1,False,10.966025599573378,7.218060879887715,1.944153070449829,35.72549819946289
324,12,1,False,5.138989705083846,24.674459948688387,9.881572723388672,35.961212158203125
324,22,1,False,0.0,0.0,,
324,134,2,False,0.0,0.0,,
324,13,2,False,0.0,0.0,,
324,19,1,False,0.0,0.0,,
324,7,2,False,4.31774744043329,12.123150715635143,20.965084075927734,33.73434066772461
324,142,1,False,0.0,0.0,,
324,15,1,False,9.20269975361055,21.878944355574514,17.742076873779297,29.846576690673828
324,132,1,True,0.0,0.0,15.539434432983398,17.56488609313965
324,8,2,False,5.576938481012457,11.271470619264065,20.29635238647461,24.773561477661133
325,1,2,False,3.496811000892858,25.26586281340323,20.066072463989258,44.409053802490234
325,4,2,False,0.0,0.0,,
325,6,1,False,5.244946894041032,25.249691933114566,11.660652160644531,58.81214904785156
325,10,2,False,0.0,0.0,,
325,11,1,False,7.977217374650752,28.7614176568468,5.795596122741699,52.75676345825195
325,14,2,False,5.19853083842467,25.934155398804002,9.913209915161133,45.043582916259766
325,34,2,False,3.7513169506892154,20.491235014985676,22.509416580200195,56.45241928100586
325,3,2,False,1.8662074615335356,30.677953781841396,8.339560508728027,38.03465270996094
325,5,1,False,1.7431189348739393,31.614361719328244,15.609070777893066,40.883270263671875
325,120,2,False,0.0,0.0,,
325,91,1,False,13.579155032750952,8.003891610949692,1.8011776208877563,35.699745178222656
325,12,1,False,5.6583959135732504,25.001913415909062,9.84827995300293,36.0652961730957
325,22,1,False,0.0,0.0,,
325,134,2,False,0.0,0.0,,
325,13,2,False,0.0,0.0,,
325,19,1,False,0.0,0.0,,
325,7,2,False,5.098392255576043,12.418196563758757,20.9125919342041,33.7251091003418
325,142,1,False,0.0,0.0,,
325,15,1,False,7.013550339086046,22.28482111130866,17.660642623901367,29.832468032836914
325,132,1,False,8.506566691917763,1.8787278536937646,15.477949142456055,17.5548095703125
325,8,2,False,6.884256824299568,11.669865111411031,20.21113395690918,24.90924835205078
326,1,2,False,3.496811000892858,25.26586281340323,20.087417602539062,44.31941604614258
326,4,2,False,0.0,0.0,,
326,6,1,False,5.244946894041032,25.249691933114566,11.6958589553833,58.81908416748047
326,10,2,False,0.0,0.0,,
326,11,1,False,7.977217374650752,28.7614176568468,5.854939937591553,52.701595306396484
326,14,2,False,5.19853083842467,25.934155398804002,9.840336799621582,45.1163215637207
326,34,2,False,3.7513169506892154,20.491235014985676,22.490108489990234,56.44868469238281
326,3,2,False,1.8662074615335356,30.677953781841396,8.36327838897705,38.038944244384766
326,5,1,False,1.7431189348739393,31.614361719328244,15.609070777893066,40.883270263671875
326,91,1,False,13.579155032750952,8.003891610949692,1.6582345962524414,35.67399978637695
326,12,1,False,5.6583959135732504,25.001913415909062,9.808069229125977,35.94804000854492
326,22,1,False,0.0,0.0,,
326,134,2,False,0.0,0.0,,
326,13,2,False,0.0,0.0,,
326,19,1,False,0.0,0.0,,
326,7,2,False,5.098392255576043,12.418196563758757,20.88689422607422,33.84358215332031
326,15,1,True,7.013550339086046,22.28482111130866,17.557693481445312,29.94718360900879
326,132,1,False,8.506566691917763,1.8787278536937646,15.395816802978516,17.712223052978516
326,8,2,False,6.884256824299568,11.669865111411031,20.155075073242188,25.049365997314453
327,1,2,False,3.496811000892858,25.26586281340323,20.085920333862305,44.22532653808594
327,4,2,False,0.0,0.0,,
327,6,1,False,5.244946894041032,25.249691933114566,11.79213809967041,58.781349182128906
327,10,2,False,0.0,0.0,,
327,11,1,False,7.977217374650752,28.7614176568468,5.914417743682861,52.646305084228516
327,14,2,False,5.19853083842467,25.934155398804002,9.796995162963867,45.10824203491211
327,34,2,False,3.7513169506892154,20.491235014985676,22.430931091308594,56.50358581542969
327,3,2,False,1.8662074615335356,30.677953781841396,8.404152870178223,38.14984893798828
327,5,1,False,1.7431189348739393,31.614361719328244,15.593009948730469,40.98035430908203
327,91,1,False,13.579155032750952,8.003891610949692,1.53638756275177,35.54570007324219
327,12,1,False,5.6583959135732504,25.001913415909062,9.759071350097656,35.93926239013672
327,22,1,False,0.0,0.0,,
327,134,2,False,0.0,0.0,,
327,13,2,False,0.0,0.0,,
327,19,1,False,0.0,0.0,,
327,7,2,False,5.098392255576043,12.418196563758757,20.835107803344727,33.95710372924805
327,15,1,True,7.013550339086046,22.28482111130866,17.47640609741211,29.933090209960938
327,132,1,False,8.506566691917763,1.8787278536937646,15.334451675415039,17.702157974243164
327,8,2,False,6.884256824299568,11.669865111411031,20.070375442504883,25.184141159057617
328,1,2,False,3.496811000892858,25.26586281340323,20.063024520874023,44.221107482910156
328,4,2,False,0.0,0.0,,
328,6,1,False,5.244946894041032,25.249691933114566,11.87192153930664,58.853763580322266
328,10,2,False,0.0,0.0,,
328,11,1,False,7.977217374650752,28.7614176568468,5.938594341278076,52.51698684692383
328,14,2,False,5.19853083842467,25.934155398804002,9.731988906860352,45.09612274169922
328,34,2,False,3.7513169506892154,20.491235014985676,22.39114761352539,56.56209182739258
328,3,2,False,1.8662074615335356,30.677953781841396,8.404152870178223,38.14984893798828
328,5,1,False,1.7431189348739393,31.614361719328244,15.593009948730469,40.98035430908203
328,91,1,False,13.579155032750952,8.003891610949692,1.417153239250183,35.52423095703125
328,12,1,False,5.6583959135732504,25.001913415909062,9.743216514587402,35.826072692871094
328,22,1,False,0.0,0.0,,
328,134,2,False,0.0,0.0,,
328,13,2,False,0.0,0.0,,
328,19,1,False,0.0,0.0,23.255908966064453,42.975650787353516
328,7,2,False,5.098392255576043,12.418196563758757,20.808942794799805,33.95249557495117
328,15,1,True,7.013550339086046,22.28482111130866,17.422222137451172,29.923696517944336
328,132,1,False,8.506566691917763,1.8787278536937646,15.273092269897461,17.692092895507812
328,8,2,False,6.884256824299568,11.669865111411031,20.012733459472656,25.17438316345215
328,120,2,False,0.0,0.0,,
328,142,1,False,0.0,0.0,,
329,1,2,False,3.496811000892858,25.26586281340323,20.040130615234375,44.21689224243164
329,4,2,False,0.0,0.0,,
329,6,1,False,5.244946894041032,25.249691933114566,11.933146476745605,58.80911636352539
329,10,2,False,0.0,0.0,,
329,11,1,False,7.977217374650752,28.7614176568468,5.922138214111328,52.44660568237305
329,14,2,False,5.19853083842467,25.934155398804002,9.681087493896484,45.172733306884766
329,34,2,False,3.7513169506892154,20.491235014985676,22.352622985839844,56.55463409423828
329,3,2,False,1.8662074615335356,30.677953781841396,8.380464553833008,38.14555740356445
329,5,1,False,1.7431189348739393,31.614361719328244,15.593009948730469,40.98035430908203
329,91,1,False,13.579155032750952,8.003891610949692,1.2678557634353638,35.283817291259766
329,12,1,False,5.6583959135732504,25.001913415909062,9.6941556930542,35.81728744506836
329,22,1,False,0.0,0.0,,
329,134,2,False,0.0,0.0,,
329,13,2,False,0.0,0.0,,
329,19,1,False,0.0,0.0,23.185165405273438,42.96271896362305
329,7,2,False,5.098392255576043,12.418196563758757,20.756616592407227,33.94328308105469
329,15,1,False,7.013550339086046,22.28482111130866,17.340951919555664,29.90960693359375
329,132,1,False,8.506566691917763,1.8787278536937646,15.160859107971191,17.84393882751465
329,8,2,True,6.884256824299568,11.669865111411031,19.955095291137695,25.16462516784668
329,120,2,False,0.0,0.0,,
329,142,1,False,0.0,0.0,,
330,1,2,False,7.3048509141573295,25.688597241305853,20.017236709594727,44.21267318725586
330,4,2,False,0.0,0.0,,
330,6,1,False,12.18439131535684,25.95480717127179,11.959205627441406,58.75742721557617
330,10,2,False,0.0,0.0,,
330,11,1,False,5.021120116682844,29.05199173767335,5.90821647644043,52.30906677246094
330,14,2,False,7.1110573316316845,26.345674920310465,9.637809753417969,45.1646614074707
330,34,2,False,4.834408655576093,20.77100403440559,22.314098358154297,56.547176361083984
330,3,2,False,2.1478529351406004,30.80225082669907,8.35677719116211,38.14126968383789
330,5,1,False,5.20259742676883,31.915437959303294,15.569524765014648,40.976070404052734
330,91,1,False,18.78315883336209,9.09087996936185,1.1483449935913086,35.26232147216797
330,12,1,False,7.043003641340672,25.409494645153313,9.645098686218262,35.808502197265625
330,22,1,False,0.0,0.0,,
330,134,2,False,0.0,0.0,,
330,13,2,False,0.0,0.0,,
330,19,1,False,8.878641622499716,0.5138102790798447,23.088457107543945,43.04380798339844
330,7,2,False,5.549599400274334,12.739353936459818,20.704296112060547,33.9340705871582
330,15,1,False,9.124364862032758,22.812851485268887,17.259693145751953,29.895519256591797
330,132,1,False,10.41376187742984,2.4813761104894727,15.069005966186523,17.828859329223633
330,8,2,True,9.446712271734947,12.216549849358655,19.897462844848633,25.15486717224121
330,120,2,False,0.0,0.0,,
330,142,1,False,0.0,0.0,,
331,1,2,False,7.3048509141573295,25.688597241305853,19.950231552124023,44.294132232666016
331,4,2,False,0.0,0.0,,
331,6,1,False,12.18439131535684,25.95480717127179,12.002300262451172,58.59476089477539
331,10,2,False,0.0,0.0,,
331,11,1,False,5.021120116682844,29.05199173767335,5.91337251663208,52.17461395263672
331,14,2,False,7.1110573316316845,26.345674920310465,9.57289981842041,45.152557373046875
331,34,2,False,4.834408655576093,20.77100403440559,22.275577545166016,56.53972244262695
331,3,2,False,2.1478529351406004,30.80225082669907,8.339560508728027,38.03465270996094
331,5,1,False,5.20259742676883,31.915437959303294,15.538525581359863,40.87041091918945
331,91,1,False,18.78315883336209,9.09087996936185,0.9810680150985718,35.23223114013672
331,12,1,False,7.043003641340672,25.409494645153313,9.57151985168457,35.795326232910156
331,22,1,False,0.0,0.0,,
331,134,2,False,0.0,0.0,,
331,13,2,False,0.0,0.0,,
331,19,1,False,8.878641622499716,0.5138102790798447,23.017826080322266,43.03089141845703
331,7,2,False,5.549599400274334,12.739353936459818,20.651979446411133,33.92485809326172
331,15,1,False,9.124364862032758,22.812851485268887,17.22650718688965,29.757246017456055
331,132,1,False,10.41376187742984,2.4813761104894727,15.007777214050293,17.81880760192871
331,8,2,True,9.446712271734947,12.216549849358655,19.753402709960938,25.13047981262207
331,120,2,False,0.0,0.0,,
331,142,1,False,0.0,0.0,,
332,1,2,False,7.3048509141573295,25.688597241305853,19.750961303710938,44.32615280151367
332,4,2,False,0.0,0.0,,
332,6,1,False,12.18439131535684,25.95480717127179,11.958346366882324,58.39866256713867
332,10,2,False,0.0,0.0,,
332,11,1,False,5.021120116682844,29.05199173767335,5.798346519470215,52.13444519042969
332,14,2,False,7.1110573316316845,26.345674920310465,9.400781631469727,45.097633361816406
332,34,2,False,4.834408655576093,20.77100403440559,22.126008987426758,56.493221282958984
332,3,2,False,2.1478529351406004,30.80225082669907,8.21528148651123,38.08820343017578
332,5,1,False,5.20259742676883,31.915437959303294,15.384810447692871,40.9158821105957
332,91,1,False,18.78315883336209,9.09087996936185,0.7200747728347778,35.263824462890625
332,12,1,False,7.043003641340672,25.409494645153313,9.409089088439941,35.9573974609375
332,22,1,False,0.0,0.0,,
332,134,2,False,0.0,0.0,,
332,13,2,False,0.0,0.0,,
332,19,1,False,8.878641622499716,0.5138102790798447,22.809677124023438,43.06520462036133
332,7,2,False,5.549599400274334,12.739353936459818,20.449390411376953,33.97902297973633
332,15,1,False,9.124364862032758,22.812851485268887,16.97256851196289,29.94281578063965
332,132,1,False,10.41376187742984,2.4813761104894727,14.777828216552734,17.905719757080078
332,8,2,True,9.446712271734947,12.216549849358655,19.588899612426758,25.21181869506836
332,120,2,False,0.0,0.0,,
332,142,1,False,0.0,0.0,,
333,1,2,False,7.3048509141573295,25.688597241305853,19.6383113861084,44.18305206298828
333,4,2,False,0.0,0.0,,
333,6,1,False,12.18439131535684,25.95480717127179,11.966525077819824,58.20920181274414
333,10,2,False,0.0,0.0,,
333,11,1,False,5.021120116682844,29.05199173767335,5.7608866691589355,52.03839874267578
333,14,2,False,7.1110573316316845,26.345674920310465,9.277558326721191,44.96209716796875
333,34,2,False,4.834408655576093,20.77100403440559,22.05362892150879,56.392669677734375
333,3,2,False,2.1478529351406004,30.80225082669907,8.149441719055176,37.94093704223633
333,5,1,False,5.20259742676883,31.915437959303294,15.261425971984863,40.76262283325195
333,91,1,False,18.78315883336209,9.09087996936185,0.4688783884048462,34.9715690612793
333,12,1,False,7.043003641340672,25.409494645153313,9.269777297973633,35.78855514526367
333,22,1,False,0.0,0.0,,
333,134,2,False,0.0,0.0,,
333,13,2,False,0.0,0.0,,
333,19,1,False,8.878641622499716,0.5138102790798447,22.675365447998047,42.911842346191406
333,7,2,False,5.549599400274334,12.739353936459818,20.346662521362305,33.678260803222656
333,15,1,False,9.124364862032758,22.812851485268887,16.813262939453125,29.874723434448242
333,132,1,False,10.41376187742984,2.4813761104894727,14.566048622131348,17.81897735595703
333,120,2,False,0.0,0.0,,
333,142,1,False,0.0,0.0,,
334,1,2,False,7.3048509141573295,25.688597241305853,19.630596160888672,44.32683181762695
334,4,2,False,0.0,0.0,,
334,6,1,False,12.18439131535684,25.95480717127179,12.114265441894531,58.21218490600586
334,10,2,False,0.0,0.0,,
334,11,1,False,5.021120116682844,29.05199173767335,5.856729984283447,52.094356536865234
334,14,2,False,7.1110573316316845,26.345674920310465,9.318544387817383,45.01726531982422
334,34,2,False,4.834408655576093,20.77100403440559,22.14126205444336,56.379825592041016
334,3,2,False,2.1478529351406004,30.80225082669907,8.259936332702637,38.12158966064453
334,5,1,False,5.20259742676883,31.915437959303294,15.325045585632324,40.82943344116211
334,91,1,False,18.78315883336209,9.09087996936185,0.4208386242389679,34.914669036865234
334,12,1,False,7.043003641340672,25.409494645153313,9.356983184814453,35.97494888305664
334,22,1,False,0.0,0.0,,
334,134,2,False,0.0,0.0,,
334,13,2,False,0.0,0.0,,
334,19,1,False,8.878641622499716,0.5138102790798447,22.663089752197266,42.96398162841797
334,7,2,False,5.549599400274334,12.739353936459818,20.389780044555664,33.99839782714844
334,15,1,False,9.124364862032758,22.812851485268887,16.837738037109375,30.083398818969727
334,132,1,False,10.41376187742984,2.4813761104894727,14.618826866149902,17.921049118041992
334,120,2,False,0.0,0.0,,
334,142,1,False,0.0,0.0,,
334,8,2,True,9.446712271734947,12.216549849358655,19.440256118774414,25.37103271484375
335,1,2,False,7.3478414844180095,26.113819549431895,19.603065490722656,44.29732894897461
335,4,2,False,0.0,0.0,,
335,6,1,False,11.595286289069032,26.62583068337069,12.215373039245605,58.10049057006836
335,10,2,False,0.0,0.0,,
335,11,1,False,10.632474121854832,29.667296953058468,5.908963680267334,52.01849365234375
335,14,2,False,5.8850761485647505,26.68624645668574,9.267476081848145,44.98521423339844
335,34,2,False,5.477391371832148,21.087982701756985,22.177583694458008,56.302974700927734
335,3,2,False,5.960890375384052,31.14720976045972,8.244746208190918,38.19511032104492
335,5,1,False,7.216340791506054,32.33305027362656,15.279560089111328,40.8950309753418
335,91,1,False,0.0,0.0,0.2563667893409729,34.64109802246094
335,12,1,False,8.470624428925671,25.899692818123548,9.315755844116211,36.04861831665039
335,22,1,False,0.0,0.0,,
335,134,2,False,0.0,0.0,,
335,13,2,False,0.0,0.0,,
335,19,1,False,8.281083038812737,0.9930396216037298,22.588668823242188,42.924591064453125
335,7,2,False,4.729452610065465,13.013049110653421,20.384689331054688,33.96559143066406
335,15,1,False,10.023876643952207,23.392936939201306,16.750093460083008,30.033809661865234
335,132,1,False,0.0,0.0,14.499640464782715,18.026363372802734
335,120,2,False,0.0,0.0,,
335,142,1,False,0.0,0.0,,
335,8,2,True,9.696732825975742,12.777703369380399,19.376832962036133,25.321626663208008
336,1,2,False,7.3478414844180095,26.113819549431895,19.587133407592773,44.23160934448242
336,4,2,False,0.0,0.0,,
336,6,1,False,11.595286289069032,26.62583068337069,12.260436058044434,58.01173400878906
336,10,2,False,0.0,0.0,,
336,11,1,False,10.632474121854832,29.667296953058468,5.924018859863281,51.975589752197266
336,14,2,False,5.8850761485647505,26.68624645668574,9.243898391723633,44.92290496826172
336,34,2,False,5.477391371832148,21.087982701756985,22.225017547607422,56.2006721496582
336,3,2,False,5.960890375384052,31.14720976045972,8.229106903076172,38.32911682128906
336,5,1,False,7.216340791506054,32.33305027362656,15.267231941223145,40.92564392089844
336,91,1,False,0.0,0.0,0.08255992829799652,34.64548873901367
336,12,1,False,8.470624428925671,25.899692818123548,9.281229019165039,36.07847595214844
336,22,1,False,0.0,0.0,,
336,134,2,False,0.0,0.0,,
336,13,2,False,0.0,0.0,,
336,19,1,False,8.281083038812737,0.9930396216037298,22.502580642700195,42.9412956237793
336,7,2,False,4.729452610065465,13.013049110653421,20.36981773376465,34.124996185302734
336,15,1,False,10.023876643952207,23.392936939201306,16.681236267089844,30.06512451171875
336,132,1,False,0.0,0.0,14.380899429321289,17.893404006958008
336,120,2,False,0.0,0.0,,
336,142,1,False,0.0,0.0,,
336,8,2,True,9.696732825975742,12.777703369380399,19.24803924560547,25.496000289916992
337,1,2,False,7.3478414844180095,26.113819549431895,19.636669158935547,44.15397644042969
337,4,2,False,0.0,0.0,,
337,6,1,False,11.595286289069032,26.62583068337069,12.292421340942383,57.96381759643555
337,10,2,False,0.0,0.0,,
337,11,1,False,10.632474121854832,29.667296953058468,5.913484573364258,51.91028594970703
337,14,2,False,5.8850761485647505,26.68624645668574,9.207101821899414,44.92249298095703
337,34,2,False,5.477391371832148,21.087982701756985,22.250240325927734,56.14364242553711
337,3,2,False,5.960890375384052,31.14720976045972,8.242667198181152,38.23634338378906
337,5,1,False,7.216340791506054,32.33305027362656,15.27372932434082,40.93428039550781
337,91,1,False,0.0,0.0,,
337,12,1,False,8.470624428925671,25.899692818123548,9.215383529663086,36.0748405456543
337,22,1,False,0.0,0.0,,
337,134,2,False,0.0,0.0,,
337,13,2,False,0.0,0.0,,
337,19,1,False,8.281083038812737,0.9930396216037298,22.414306640625,42.93251037597656
337,7,2,False,4.729452610065465,13.013049110653421,20.37647819519043,34.135250091552734
337,15,1,False,10.023876643952207,23.392936939201306,16.634599685668945,30.06683921813965
337,132,1,False,0.0,0.0,14.29789924621582,17.892398834228516
337,120,2,False,0.0,0.0,,
337,142,1,False,0.0,0.0,,
337,8,2,False,9.696732825975742,12.777703369380399,19.198209762573242,25.49854278564453
338,1,2,False,7.3478414844180095,26.113819549431895,19.673219680786133,44.14267349243164
338,4,2,False,0.0,0.0,,
338,6,1,False,11.595286289069032,26.62583068337069,12.30162239074707,57.83684158325195
338,10,2,False,0.0,0.0,,
338,11,1,False,10.632474121854832,29.667296953058468,5.888797283172607,51.75513458251953
338,14,2,False,5.8850761485647505,26.68624645668574,9.145660400390625,44.980743408203125
338,34,2,False,5.477391371832148,21.087982701756985,22.244037628173828,56.06251525878906
338,3,2,False,5.960890375384052,31.14720976045972,8.206573486328125,38.21000671386719
338,5,1,False,7.216340791506054,32.33305027362656,15.239699363708496,40.908897399902344
338,91,1,False,0.0,0.0,,
338,12,1,False,8.470624428925671,25.899692818123548,9.186232566833496,35.938865661621094
338,22,1,False,0.0,0.0,,
338,134,2,False,0.0,0.0,,
338,13,2,False,0.0,0.0,,
338,19,1,False,8.281083038812737,0.9930396216037298,22.334970474243164,42.89906692504883
338,7,2,False,4.729452610065465,13.013049110653421,20.338775634765625,33.983333587646484
338,15,1,False,10.023876643952207,23.392936939201306,16.541934967041016,30.0255069732666
338,132,1,False,0.0,0.0,14.204330444335938,18.013517379760742
338,120,2,False,0.0,0.0,,
338,8,2,False,9.696732825975742,12.777703369380399,19.125835418701172,25.31036949157715
339,1,2,False,7.3478414844180095,26.113819549431895,19.722301483154297,44.005008697509766
339,4,2,False,0.0,0.0,,
339,6,1,False,11.595286289069032,26.62583068337069,12.382575035095215,57.64239501953125
339,10,2,False,0.0,0.0,,
339,11,1,False,10.632474121854832,29.667296953058468,5.870663642883301,51.575157165527344
339,14,2,False,5.8850761485647505,26.68624645668574,9.07845687866211,44.92001724243164
339,34,2,False,5.477391371832148,21.087982701756985,22.230621337890625,56.022377014160156
339,3,2,False,5.960890375384052,31.14720976045972,8.162338256835938,38.040950775146484
339,5,1,False,7.216340791506054,32.33305027362656,15.22595500946045,40.64997100830078
339,91,1,False,0.0,0.0,,
339,12,1,False,8.470624428925671,25.899692818123548,9.118142127990723,35.755035400390625
339,22,1,False,0.0,0.0,,
339,134,2,False,0.0,0.0,,
339,13,2,False,0.0,0.0,,
339,19,1,False,8.281083038812737,0.9930396216037298,22.248170852661133,42.82805252075195
339,7,2,False,4.729452610065465,13.013049110653421,20.26691436767578,33.90239334106445
339,15,1,False,10.023876643952207,23.392936939201306,16.484272003173828,29.810060501098633
339,132,1,False,0.0,0.0,14.084092140197754,17.899368286132812
339,120,2,False,0.0,0.0,,
339,8,2,False,9.696732825975742,12.777703369380399,19.045774459838867,25.214099884033203
339,142,1,False,0.0,0.0,,
340,1,2,False,7.477248324662171,26.546530679331326,19.627452850341797,43.872806549072266
340,4,2,False,0.0,0.0,,
340,6,1,False,3.9315540965697933,26.85335117507033,12.389330863952637,57.45240783691406
340,10,2,False,0.0,0.0,,
340,11,1,False,2.8319054654978943,29.831180371200706,5.813586711883545,51.41062545776367
340,14,2,False,10.341047174296024,27.284686686679724,8.944710731506348,44.87653350830078
340,34,2,False,5.749752852615283,21.420723028875926,22.133241653442383,55.989112854003906
340,3,2,False,5.127298594276107,31.44392842910996,8.069257736206055,37.89812469482422
340,5,1,False,4.813944758041744,32.61163503971694,15.121309280395508,40.50856399536133
340,91,1,False,0.0,0.0,,
340,12,1,False,8.053045276731282,26.365725530897347,8.96691608428955,35.704227447509766
340,22,1,False,0.0,0.0,,
340,134,2,False,0.0,0.0,,
340,13,2,False,0.0,0.0,,
340,19,1,False,7.499145473090826,1.4270179475927822,22.130146026611328,42.78524398803711
340,7,2,False,7.121843827910034,13.425192850694511,20.1352596282959,33.85292434692383
340,15,1,False,10.710812777783262,24.012775641619317,16.33936882019043,29.624170303344727
340,120,2,False,0.0,0.0,,
340,8,2,False,9.494320729799268,13.327143226428968,18.84323501586914,25.14794158935547
340,142,1,False,0.0,0.0,,
341,1,2,False,7.477248324662171,26.546530679331326,19.550363540649414,44.00688171386719
341,4,2,False,0.0,0.0,,
341,6,1,False,3.9315540965697933,26.85335117507033,12.421295166015625,57.61174774169922
341,10,2,False,0.0,0.0,,
341,11,1,False,2.8319054654978943,29.831180371200706,5.79155969619751,51.5153694152832
341,14,2,False,10.341047174296024,27.284686686679724,8.879267692565918,45.17124938964844
341,34,2,False,5.749752852615283,21.420723028875926,22.023365020751953,56.207061767578125
341,3,2,False,5.127298594276107,31.44392842910996,8.00778579711914,38.153045654296875
341,5,1,False,4.813944758041744,32.61163503971694,15.036126136779785,40.7514533996582
341,12,1,False,8.053045276731282,26.365725530897347,8.8854341506958,36.190948486328125
341,22,1,False,0.0,0.0,,
341,134,2,False,0.0,0.0,,
341,13,2,False,0.0,0.0,,
341,19,1,False,7.499145473090826,1.4270179475927822,22.02151107788086,43.018455505371094
341,7,2,False,7.121843827910034,13.425192850694511,20.02213478088379,34.146278381347656
341,15,1,False,10.710812777783262,24.012775641619317,16.163654327392578,30.064456939697266
341,120,2,False,0.0,0.0,,
341,142,1,False,0.0,0.0,,
341,132,1,False,0.0,0.0,13.72753620147705,18.57131004333496
342,1,2,False,7.477248324662171,26.546530679331326,19.54580307006836,43.3530158996582
342,4,2,False,0.0,0.0,,
342,6,1,False,3.9315540965697933,26.85335117507033,12.440216064453125,57.32468795776367
342,10,2,False,0.0,0.0,,
342,11,1,False,2.8319054654978943,29.831180371200706,5.659616470336914,51.150848388671875
342,14,2,False,10.341047174296024,27.284686686679724,8.707167625427246,44.71981430053711
342,34,2,False,5.749752852615283,21.420723028875926,21.99660873413086,55.942501068115234
342,3,2,False,5.127298594276107,31.44392842910996,7.8846049308776855,37.62506866455078
342,5,1,False,4.813944758041744,32.61163503971694,14.974847793579102,40.14756393432617
342,12,1,False,8.053045276731282,26.365725530897347,8.715605735778809,35.62602233886719
342,22,1,False,0.0,0.0,,
342,134,2,False,0.0,0.0,,
342,13,2,False,0.0,0.0,,
342,19,1,False,7.499145473090826,1.4270179475927822,22.01557159423828,42.33710479736328
342,7,2,False,7.121843827910034,13.425192850694511,19.94668960571289,33.53737258911133
342,15,1,False,10.710812777783262,24.012775641619317,16.076313018798828,29.27259063720703
342,120,2,False,0.0,0.0,,
342,142,1,False,0.0,0.0,,
342,132,1,False,0.0,0.0,13.526301383972168,17.720510482788086
342,91,1,False,0.0,0.0,,
342,8,2,False,9.494320729799268,13.327143226428968,18.549100875854492,24.905031204223633
343,1,2,False,7.477248324662171,26.546530679331326,19.76775360107422,43.194217681884766
343,6,1,False,3.9315540965697933,26.85335117507033,12.698762893676758,57.31068801879883
343,10,2,False,0.0,0.0,,
343,11,1,False,2.8319054654978943,29.831180371200706,5.828814506530762,51.17802810668945
343,14,2,False,10.341047174296024,27.284686686679724,8.7813720703125,44.81361770629883
343,34,2,False,5.749752852615283,21.420723028875926,22.167068481445312,55.97035217285156
343,3,2,False,5.127298594276107,31.44392842910996,8.092103004455566,37.65470504760742
343,5,1,False,4.813944758041744,32.61163503971694,15.15834903717041,40.17324447631836
343,12,1,False,8.053045276731282,26.365725530897347,8.880234718322754,35.647178649902344
343,22,1,False,0.0,0.0,,
343,134,2,False,0.0,0.0,,
343,13,2,False,0.0,0.0,,
343,19,1,False,7.499145473090826,1.4270179475927822,22.224563598632812,42.267642974853516
343,7,2,False,7.121843827910034,13.425192850694511,20.2027530670166,33.573123931884766
343,15,1,False,10.710812777783262,24.012775641619317,16.1935977935791,29.549041748046875
343,120,2,False,0.0,0.0,,
343,142,1,False,0.0,0.0,,
343,132,1,False,0.0,0.0,13.701379776000977,17.73651695251465
343,91,1,False,0.0,0.0,,
343,8,2,False,9.494320729799268,13.327143226428968,18.772369384765625,24.93161392211914
344,1,2,False,7.477248324662171,26.546530679331326,19.638212203979492,42.70327377319336
344,6,1,False,3.9315540965697933,26.85335117507033,12.626729965209961,56.94480514526367
344,10,2,False,0.0,0.0,,
344,11,1,False,2.8319054654978943,29.831180371200706,5.68537712097168,50.81150817871094
344,14,2,False,10.341047174296024,27.284686686679724,8.508288383483887,44.3442268371582
344,34,2,False,5.749752852615283,21.420723028875926,22.051685333251953,55.622283935546875
344,3,2,False,5.127298594276107,31.44392842910996,7.8532915115356445,37.210670471191406
344,5,1,False,4.813944758041744,32.61163503971694,14.95703125,39.746360778808594
344,12,1,False,8.053045276731282,26.365725530897347,8.64579963684082,35.069576263427734
344,22,1,False,0.0,0.0,,
344,134,2,False,0.0,0.0,,
344,13,2,False,0.0,0.0,,
344,19,1,False,7.499145473090826,1.4270179475927822,22.085073471069336,41.655033111572266
344,7,2,False,7.121843827910034,13.425192850694511,20.008256912231445,33.06626510620117
344,15,1,False,10.710812777783262,24.012775641619317,15.961250305175781,28.86509132385254
344,120,2,False,0.0,0.0,,
344,142,1,False,0.0,0.0,,
344,132,1,False,0.0,0.0,13.357202529907227,16.85797691345215
344,91,1,False,0.0,0.0,,
344,8,2,False,9.494320729799268,13.327143226428968,18.54563331604004,24.171052932739258
344,4,2,False,0.0,0.0,,
345,1,2,False,3.057082769921507,26.723445191479563,19.517362594604492,43.4543342590332
345,6,1,False,6.231113759058263,27.213948036126943,12.598285675048828,57.362388610839844
345,10,2,False,0.0,0.0,,
345,11,1,False,6.390293385262418,30.20098901618117,5.689079761505127,51.30406188964844
345,14,2,False,8.512061833639926,27.77728285760796,8.389782905578613,45.100555419921875
345,34,2,False,1.2505325861716443,21.493091812797896,21.870807647705078,56.19367218017578
345,3,2,False,9.375270268006064,31.98647879184179,7.807857990264893,38.03852462768555
345,5,1,False,7.089367035525704,33.021899335754306,14.851180076599121,40.44044876098633
345,12,1,False,9.38832414969253,26.909031326597145,8.565808296203613,35.94150161743164
345,22,1,False,0.0,0.0,,
345,134,2,False,0.0,0.0,,
345,13,2,False,0.0,0.0,,
345,19,1,False,15.607716412204889,2.3302422770027875,21.888328552246094,42.42488098144531
345,7,2,False,6.428578983275368,13.797217097411837,19.84357261657715,34.14409637451172
345,15,1,False,11.703861868455704,24.690082462710503,15.783761978149414,29.898944854736328
345,120,2,False,0.0,0.0,,
345,142,1,False,0.0,0.0,,
345,132,1,False,17.765845406877112,3.5094921641281944,13.179301261901855,18.019702911376953
345,91,1,False,0.0,0.0,,
345,8,2,False,13.794971856666795,14.125463357023111,18.32399559020996,25.327592849731445
345,4,2,False,0.0,0.0,,
346,1,2,False,3.057082769921507,26.723445191479563,19.473669052124023,43.63206100463867
346,6,1,False,6.231113759058263,27.213948036126943,12.57811164855957,57.35531997680664
346,10,2,False,0.0,0.0,,
346,11,1,False,6.390293385262418,30.20098901618117,5.604410171508789,51.42323684692383
346,14,2,False,8.512061833639926,27.77728285760796,8.262015342712402,45.32780456542969
346,34,2,False,1.2505325861716443,21.493091812797896,21.790693283081055,56.30778884887695
346,3,2,False,9.375270268006064,31.98647879184179,7.722592830657959,38.223812103271484
346,5,1,False,7.089367035525704,33.021899335754306,14.818523406982422,40.63052749633789
346,12,1,False,9.38832414969253,26.909031326597145,8.451607704162598,36.133705139160156
346,22,1,False,0.0,0.0,,
346,134,2,False,0.0,0.0,,
346,13,2,False,0.0,0.0,,
346,19,1,False,15.607716412204889,2.3302422770027875,21.719135284423828,42.68641662597656
346,7,2,False,6.428578983275368,13.797217097411837,19.741559982299805,34.36171340942383
346,15,1,False,11.703861868455704,24.690082462710503,15.646284103393555,29.868242263793945
346,120,2,False,0.0,0.0,,
346,142,1,False,0.0,0.0,,
346,132,1,False,17.765845406877112,3.5094921641281944,12.97746753692627,18.145437240600586
346,91,1,False,0.0,0.0,,
346,8,2,False,13.794971856666795,14.125463357023111,18.188037872314453,25.590442657470703
346,4,2,False,0.0,0.0,,
347,1,2,False,3.057082769921507,26.723445191479563,19.39487648010254,43.70354461669922
347,6,1,False,6.231113759058263,27.213948036126943,12.577689170837402,57.16898727416992
347,10,2,False,0.0,0.0,,
347,11,1,False,6.390293385262418,30.20098901618117,5.498234272003174,51.32678985595703
347,14,2,False,8.512061833639926,27.77728285760796,8.157946586608887,45.38507080078125
347,34,2,False,1.2505325861716443,21.493091812797896,21.742202758789062,56.29209518432617
347,3,2,False,9.375270268006064,31.98647879184179,7.585241794586182,38.29179763793945
347,5,1,False,7.089367035525704,33.021899335754306,14.696599006652832,40.69902420043945
347,12,1,False,9.38832414969253,26.909031326597145,8.309203147888184,36.206546783447266
347,22,1,False,0.0,0.0,,
347,134,2,False,0.0,0.0,,
347,13,2,False,0.0,0.0,,
347,19,1,False,15.607716412204889,2.3302422770027875,21.565467834472656,42.74762725830078
347,7,2,False,6.428578983275368,13.797217097411837,19.62421226501465,34.32952880859375
347,15,1,False,11.703861868455704,24.690082462710503,15.45175552368164,29.95319366455078
347,120,2,False,0.0,0.0,,
347,142,1,False,0.0,0.0,,
347,132,1,False,17.765845406877112,3.5094921641281944,12.746923446655273,18.425268173217773
347,91,1,False,0.0,0.0,,
347,8,2,False,13.794971856666795,14.125463357023111,18.030277252197266,25.54973030090332
347,4,2,False,0.0,0.0,,
348,1,2,False,3.057082769921507,26.723445191479563,19.543031692504883,43.5256233215332
348,6,1,False,6.231113759058263,27.213948036126943,12.735307693481445,56.94782257080078
348,10,2,False,0.0,0.0,,
348,11,1,False,6.390293385262418,30.20098901618117,5.5512800216674805,51.18669891357422
348,14,2,False,8.512061833639926,27.77728285760796,8.26091480255127,45.30629348754883
348,34,2,False,1.2505325861716443,21.493091812797896,21.910558700561523,56.1811408996582
348,3,2,False,9.375270268006064,31.98647879184179,7.650374412536621,38.18491744995117
348,5,1,False,7.089367035525704,33.021899335754306,14.77245044708252,40.5969352722168
348,12,1,False,9.38832414969253,26.909031326597145,8.384164810180664,35.98514938354492
348,22,1,False,0.0,0.0,,
348,134,2,False,0.0,0.0,,
348,13,2,False,0.0,0.0,,
348,19,1,False,15.607716412204889,2.3302422770027875,21.62778091430664,42.74365234375
348,7,2,False,6.428578983275368,13.797217097411837,19.766061782836914,34.093650817871094
348,15,1,False,11.703861868455704,24.690082462710503,15.539942741394043,29.81679916381836
348,120,2,False,0.0,0.0,,
348,142,1,False,0.0,0.0,,
348,132,1,False,17.765845406877112,3.5094921641281944,12.780126571655273,18.238147735595703
348,91,1,False,0.0,0.0,,
348,8,2,False,13.794971856666795,14.125463357023111,18.099985122680664,25.392087936401367
348,4,2,False,0.0,0.0,,
349,1,2,False,3.057082769921507,26.723445191479563,19.25933265686035,43.0024299621582
349,6,1,False,6.231113759058263,27.213948036126943,12.54041576385498,56.670982360839844
349,10,2,False,0.0,0.0,,
349,11,1,False,6.390293385262418,30.20098901618117,5.256629943847656,50.78558349609375
349,14,2,False,8.512061833639926,27.77728285760796,7.935002326965332,45.08320999145508
349,34,2,False,1.2505325861716443,21.493091812797896,21.703969955444336,55.946720123291016
349,3,2,False,9.375270268006064,31.98647879184179,7.248023509979248,37.81205368041992
349,5,1,False,7.089367035525704,33.021899335754306,14.41368579864502,40.13737106323242
349,12,1,False,9.38832414969253,26.909031326597145,7.971998691558838,35.592498779296875
349,22,1,False,0.0,0.0,,
349,134,2,False,0.0,0.0,,
349,13,2,False,0.0,0.0,,
349,19,1,False,15.607716412204889,2.3302422770027875,21.257583618164062,42.48759460449219
349,7,2,False,6.428578983275368,13.797217097411837,19.374277114868164,33.67037582397461
349,15,1,False,11.703861868455704,24.690082462710503,15.07918930053711,29.220413208007812
349,120,2,False,0.0,0.0,,
349,132,1,False,17.765845406877112,3.5094921641281944,12.228745460510254,17.659910202026367
349,91,1,False,0.0,0.0,,
349,8,2,False,13.794971856666795,14.125463357023111,17.639060974121094,25.033113479614258
349,4,2,False,0.0,0.0,,
350,1,2,False,11.047526618368616,27.36276964856108,19.352514266967773,43.518550872802734
350,6,1,False,14.05660170546002,28.027408782970696,12.722987174987793,57.02404022216797
350,10,2,False,0.0,0.0,,
350,11,1,False,14.876920631255292,31.061921923082515,5.378044605255127,51.10402297973633
350,14,2,False,19.99519876016272,28.93441241548775,8.055087089538574,45.46198272705078
350,34,2,False,10.754174584894646,22.115439879053373,21.826753616333008,56.2510871887207
350,3,2,False,15.884483716284521,32.90571974764529,7.378921031951904,38.370750427246094
350,5,1,False,15.763304841519787,33.93412762519411,14.518291473388672,40.68024444580078
350,12,1,False,18.118845296050985,27.95757561456306,8.077561378479004,36.1798210144043
350,22,1,False,0.0,0.0,,
350,134,2,False,0.0,0.0,,
350,13,2,False,0.0,0.0,,
350,19,1,False,17.713705500366537,3.355340974940666,21.291780471801758,43.10307312011719
350,7,2,False,13.759448569841053,14.593481482240602,19.47563362121582,34.19907760620117
350,15,1,False,20.849343379624354,25.896641686068396,15.122312545776367,30.044647216796875
350,120,2,False,0.0,0.0,,
350,132,1,False,27.71701770413659,5.1134862442286915,12.291889190673828,18.53885841369629
350,91,1,False,0.0,0.0,,
350,8,2,False,22.480001468837273,15.426389367951195,17.682065963745117,25.802188873291016
350,4,2,False,0.0,0.0,,
350,142,1,False,0.0,0.0,,
351,1,2,False,11.047526618368616,27.36276964856108,19.445009231567383,43.22037887573242
351,6,1,False,14.05660170546002,28.027408782970696,12.765009880065918,56.77047348022461
351,10,2,False,0.0,0.0,,
351,11,1,False,14.876920631255292,31.061921923082515,5.309812068939209,50.78924560546875
351,14,2,False,19.99519876016272,28.93441241548775,7.945525169372559,45.162506103515625
351,34,2,False,10.754174584894646,22.115439879053373,21.8942928314209,55.9772834777832
351,3,2,False,15.884483716284521,32.90571974764529,7.326324462890625,38.02339172363281
351,5,1,False,15.763304841519787,33.93412762519411,14.473583221435547,40.34130859375
351,12,1,False,18.118845296050985,27.95757561456306,7.99593448638916,35.91566848754883
351,22,1,False,0.0,0.0,,
351,134,2,False,0.0,0.0,,
351,13,2,False,0.0,0.0,,
351,19,1,False,17.713705500366537,3.355340974940666,21.27657699584961,42.77804946899414
351,7,2,False,13.759448569841053,14.593481482240602,19.476118087768555,33.799259185791016
351,15,1,False,20.849343379624354,25.896641686068396,15.047235488891602,29.599876403808594
351,120,2,False,0.0,0.0,,
351,132,1,False,27.71701770413659,5.1134862442286915,12.161373138427734,17.969295501708984
351,91,1,False,0.0,0.0,,
351,8,2,False,22.480001468837273,15.426389367951195,17.644628524780273,25.315038681030273
351,4,2,False,0.0,0.0,,
351,156,2,False,0.0,0.0,,
351,142,1,False,0.0,0.0,,
352,1,2,False,11.047526618368616,27.36276964856108,19.456552505493164,44.57900619506836
352,6,1,False,14.05660170546002,28.027408782970696,12.844932556152344,57.594032287597656
352,10,2,False,0.0,0.0,,
352,11,1,False,14.876920631255292,31.061921923082515,5.482213497161865,51.82133102416992
352,14,2,False,19.99519876016272,28.93441241548775,8.010406494140625,46.29410171508789
352,34,2,False,10.754174584894646,22.115439879053373,21.809213638305664,56.910953521728516
352,3,2,False,15.884483716284521,32.90571974764529,7.4677581787109375,39.601409912109375
352,5,1,False,15.763304841519787,33.93412762519411,14.462298393249512,41.76243209838867
352,12,1,False,18.118845296050985,27.95757561456306,8.103754997253418,37.57881546020508
352,22,1,False,0.0,0.0,,
352,134,2,False,0.0,0.0,,
352,13,2,False,0.0,0.0,,
352,19,1,False,17.713705500366537,3.355340974940666,21.116344451904297,44.135284423828125
352,7,2,False,13.759448569841053,14.593481482240602,19.43735694885254,35.51051712036133
352,15,1,False,20.849343379624354,25.896641686068396,15.031327247619629,31.576828002929688
352,120,2,True,0.0,0.0,,
352,132,1,False,27.71701770413659,5.1134862442286915,12.143208503723145,20.314313888549805
352,91,1,False,0.0,0.0,,
352,8,2,False,22.480001468837273,15.426389367951195,17.531747817993164,27.358156204223633
352,156,2,False,0.0,0.0,,
352,142,1,False,0.0,0.0,,
353,1,2,False,11.047526618368616,27.36276964856108,19.490571975708008,43.26927947998047
353,6,1,False,14.05660170546002,28.027408782970696,12.814618110656738,56.62174987792969
353,10,2,False,0.0,0.0,,
353,11,1,False,14.876920631255292,31.061921923082515,5.296274662017822,50.816429138183594
353,14,2,False,19.99519876016272,28.93441241548775,7.7841620445251465,45.0831298828125
353,34,2,False,10.754174584894646,22.115439879053373,21.833786010742188,56.0609245300293
353,3,2,False,15.884483716284521,32.90571974764529,7.251588344573975,38.258689880371094
353,5,1,False,15.763304841519787,33.93412762519411,14.390436172485352,40.46941375732422
353,12,1,False,18.118845296050985,27.95757561456306,7.8499016761779785,36.0444450378418
353,22,1,False,0.0,0.0,,
353,134,2,False,0.0,0.0,,
353,13,2,False,0.0,0.0,,
353,19,1,False,17.713705500366537,3.355340974940666,21.110750198364258,42.78915786743164
353,7,2,False,13.759448569841053,14.593481482240602,19.454479217529297,34.090065002441406
353,15,1,False,20.849343379624354,25.896641686068396,14.924044609069824,29.76551055908203
353,120,2,True,0.0,0.0,,
353,132,1,False,27.71701770413659,5.1134862442286915,11.893356323242188,17.995718002319336
353,91,1,False,0.0,0.0,,
353,8,2,False,22.480001468837273,15.426389367951195,17.451377868652344,25.490510940551758
353,156,2,False,0.0,0.0,,
353,142,1,False,0.0,0.0,,
354,1,2,False,11.047526618368616,27.36276964856108,19.53612518310547,43.46952819824219
354,6,1,False,14.05660170546002,28.027408782970696,12.912230491638184,56.57927703857422
354,10,2,False,0.0,0.0,,
354,11,1,False,14.876920631255292,31.061921923082515,5.328974723815918,50.89337158203125
354,14,2,False,19.99519876016272,28.93441241548775,7.769045352935791,45.25054168701172
354,34,2,False,10.754174584894646,22.115439879053373,21.827613830566406,56.260101318359375
354,3,2,False,15.884483716284521,32.90571974764529,7.259940147399902,38.46475601196289
354,5,1,False,15.763304841519787,33.93412762519411,14.426728248596191,40.67686462402344
354,12,1,False,18.118845296050985,27.95757561456306,7.850921154022217,36.36992263793945
354,134,2,False,0.0,0.0,,
354,13,2,False,0.0,0.0,,
354,19,1,False,17.713705500366537,3.355340974940666,21.082529067993164,42.980140686035156
354,7,2,False,13.759448569841053,14.593481482240602,19.5057373046875,34.34117126464844
354,15,1,False,20.849343379624354,25.896641686068396,14.927579879760742,29.89750862121582
354,132,1,False,27.71701770413659,5.1134862442286915,11.813725471496582,18.4819278717041
354,91,1,False,0.0,0.0,,
354,8,2,False,22.480001468837273,15.426389367951195,17.406463623046875,25.919618606567383
354,156,2,False,0.0,0.0,,
354,142,1,False,0.0,0.0,,
355,1,2,False,18.58447646716303,28.43826018485524,18.84036636352539,43.1358757019043
355,6,1,False,11.94342126557193,28.7185789950987,12.389030456542969,56.282291412353516
355,10,2,False,0.0,0.0,,
355,11,1,False,11.483680341585767,31.726486757665025,4.669259071350098,50.61532211303711
355,14,2,False,2.612812548048786,29.085616845351684,7.027780532836914,44.92945098876953
355,34,2,False,5.790042253371202,22.45051176871606,21.23182487487793,56.06839370727539
355,3,2,False,6.059851691259124,33.25640560940797,6.462052345275879,38.304752349853516
355,5,1,False,9.707355595089389,34.49589588879882,13.644204139709473,40.41922378540039
355,12,1,False,8.20542455670066,28.43242657270546,7.029347896575928,36.20615768432617
355,134,2,False,0.0,0.0,,
355,13,2,False,0.0,0.0,,
355,19,1,False,15.528251125984468,4.253966618805508,20.336511611938477,42.731201171875
355,7,2,False,12.083166012202815,15.29273877461345,18.679664611816406,34.177391052246094
355,15,1,False,5.537125031476366,26.217077162426982,14.005936622619629,29.586946487426758
355,132,1,False,10.746794607223206,5.735407228442997,10.744867324829102,18.11515998840332
355,91,1,False,0.0,0.0,,
355,8,2,False,1.1077692807917692,15.490496386515535,16.480243682861328,25.304161071777344
355,156,2,False,0.0,0.0,,
355,142,1,False,0.0,0.0,,
355,120,2,False,0.0,0.0,,
355,22,1,False,0.0,0.0,,
356,1,2,False,18.58447646716303,28.43826018485524,19.656558990478516,42.7625846862793
356,6,1,False,11.94342126557193,28.7185789950987,13.050230979919434,56.01042556762695
356,10,2,False,0.0,0.0,,
356,11,1,False,11.483680341585767,31.726486757665025,5.215090274810791,50.263519287109375
356,14,2,False,2.612812548048786,29.085616845351684,7.6159820556640625,44.66179656982422
356,34,2,False,5.790042253371202,22.45051176871606,21.8872127532959,55.89999008178711
356,3,2,False,6.059851691259124,33.25640560940797,7.125358581542969,37.97366714477539
356,5,1,False,9.707355595089389,34.49589588879882,14.350326538085938,40.10336685180664
356,12,1,False,8.20542455670066,28.43242657270546,7.721816539764404,35.742984771728516
356,134,2,False,0.0,0.0,,
356,13,2,False,0.0,0.0,,
356,19,1,False,15.528251125984468,4.253966618805508,21.125635147094727,42.34227752685547
356,7,2,False,12.083166012202815,15.29273877461345,19.541004180908203,33.6725959777832
356,15,1,False,5.537125031476366,26.217077162426982,14.772881507873535,29.270763397216797
356,132,1,False,10.746794607223206,5.735407228442997,11.599592208862305,17.51913833618164
356,91,1,False,0.0,0.0,,
356,156,2,False,0.0,0.0,,
356,142,1,False,0.0,0.0,,
356,120,2,False,0.0,0.0,,
357,1,2,False,18.58447646716303,28.43826018485524,19.167322158813477,42.555870056152344
357,6,1,False,11.94342126557193,28.7185789950987,12.697955131530762,55.92928695678711
357,10,2,False,0.0,0.0,,
357,11,1,False,11.483680341585767,31.726486757665025,4.74385404586792,50.08720397949219
357,14,2,False,2.612812548048786,29.085616845351684,7.092928886413574,44.63312530517578
357,34,2,False,5.790042253371202,22.45051176871606,21.423871994018555,55.864295959472656
357,3,2,False,6.059851691259124,33.25640560940797,6.558151721954346,37.850276947021484
357,5,1,False,9.707355595089389,34.49589588879882,13.822057723999023,39.88535690307617
357,12,1,False,8.20542455670066,28.43242657270546,7.1319499015808105,35.72470474243164
357,134,2,False,0.0,0.0,,
357,13,2,False,0.0,0.0,,
357,19,1,False,15.528251125984468,4.253966618805508,20.586767196655273,42.22399139404297
357,7,2,False,12.083166012202815,15.29273877461345,18.94003677368164,33.419620513916016
357,15,1,False,5.537125031476366,26.217077162426982,14.1260347366333,29.132183074951172
357,132,1,False,10.746794607223206,5.735407228442997,10.781003952026367,17.350862503051758
357,91,1,False,0.0,0.0,,
357,156,2,False,0.0,0.0,,
357,142,1,False,0.0,0.0,,
357,120,2,False,0.0,0.0,,
357,8,2,False,1.1077692807917692,15.490496386515535,16.59312629699707,24.79354476928711
358,1,2,False,18.58447646716303,28.43826018485524,19.642131805419922,42.38675308227539
358,6,1,False,11.94342126557193,28.7185789950987,13.094006538391113,55.96788787841797
358,10,2,False,0.0,0.0,,
358,11,1,False,11.483680341585767,31.726486757665025,5.041175365447998,50.02800369262695
358,14,2,False,2.612812548048786,29.085616845351684,7.409289836883545,44.81144332885742
358,34,2,False,5.790042253371202,22.45051176871606,21.706501007080078,55.94510269165039
358,3,2,False,6.059851691259124,33.25640560940797,6.914447784423828,37.85187911987305
358,5,1,False,9.707355595089389,34.49589588879882,14.185049057006836,39.889190673828125
358,12,1,False,8.20542455670066,28.43242657270546,7.4805474281311035,35.61092758178711
358,134,2,False,0.0,0.0,,
358,13,2,False,0.0,0.0,,
358,19,1,False,15.528251125984468,4.253966618805508,21.04790687561035,42.147796630859375
358,7,2,False,12.083166012202815,15.29273877461345,19.322528839111328,33.534847259521484
358,15,1,False,5.537125031476366,26.217077162426982,14.540937423706055,29.12305450439453
358,132,1,False,10.746794607223206,5.735407228442997,11.13916301727295,17.475502014160156
358,156,2,False,0.0,0.0,,
358,120,2,False,0.0,0.0,,
358,8,2,False,1.1077692807917692,15.490496386515535,16.984363555908203,24.91751480102539
359,1,2,False,18.58447646716303,28.43826018485524,19.688194274902344,42.4140625
359,6,1,False,11.94342126557193,28.7185789950987,13.103202819824219,56.0447883605957
359,10,2,False,0.0,0.0,,
359,11,1,False,11.483680341585767,31.726486757665025,4.964776039123535,50.027259826660156
359,14,2,False,2.612812548048786,29.085616845351684,7.380467891693115,44.99337387084961
359,34,2,False,5.790042253371202,22.45051176871606,21.64684295654297,56.01349639892578
359,3,2,False,6.059851691259124,33.25640560940797,6.8179707527160645,37.95734405517578
359,5,1,False,9.707355595089389,34.49589588879882,14.100409507751465,39.99516677856445
359,12,1,False,8.20542455670066,28.43242657270546,7.404446125030518,35.727901458740234
359,134,2,False,0.0,0.0,,
359,13,2,False,0.0,0.0,,
359,19,1,False,15.528251125984468,4.253966618805508,21.023136138916016,42.16243362426758
359,7,2,False,12.083166012202815,15.29273877461345,19.272357940673828,33.672080993652344
359,15,1,False,5.537125031476366,26.217077162426982,14.416625022888184,29.25969696044922
359,132,1,False,10.746794607223206,5.735407228442997,10.963730812072754,17.814388275146484
359,156,2,True,0.0,0.0,,
359,120,2,False,0.0,0.0,,
359,8,2,False,1.1077692807917692,15.490496386515535,16.855337142944336,25.218183517456055
359,142,1,False,0.0,0.0,,
360,1,2,False,32.52677642443921,30.320596783491766,19.577238082885742,42.35248565673828
360,6,1,False,32.79825519214837,30.61662617057025,12.985060691833496,55.932342529296875
360,10,2,False,0.0,0.0,,
360,11,1,False,27.083110923634468,33.29379641759758,4.7462053298950195,49.95522689819336
360,14,2,False,24.547291474936824,30.506177694595713,7.1605730056762695,45.00176239013672
360,34,2,False,24.089253309816122,23.844565779700787,21.51752471923828,55.89332580566406
360,3,2,False,31.455528858165398,35.07674871462588,6.576872825622559,37.97339630126953
360,5,1,False,32.541564523789376,36.379088280221815,13.890632629394531,39.914390563964844
360,12,1,False,31.511886492123644,30.256031115073725,7.130993843078613,35.742313385009766
360,134,2,False,0.0,0.0,,
360,13,2,False,0.0,0.0,,
360,19,1,False,24.981796155504885,5.699672414841671,20.840499877929688,41.98720932006836
360,7,2,False,35.33553595955672,17.337619327828538,19.043991088867188,33.580543518066406
360,15,1,False,47.479177994614844,28.96471477785608,14.107039451599121,29.282878875732422
360,132,1,False,58.439218692836654,9.117306458352527,10.584685325622559,17.51422119140625
360,156,2,True,0.0,0.0,,
360,120,2,False,0.0,0.0,,
360,8,2,False,49.81753390822139,18.373455524722793,16.497970581054688,25.2425537109375
360,142,1,False,0.0,0.0,,
360,22,1,False,0.0,0.0,,
361,1,2,False,32.52677642443921,30.320596783491766,19.299970626831055,42.448631286621094
361,6,1,False,32.79825519214837,30.61662617057025,12.785674095153809,55.798370361328125
361,10,2,False,0.0,0.0,,
361,11,1,False,27.083110923634468,33.29379641759758,4.459775924682617,49.9361686706543
361,14,2,False,24.547291474936824,30.506177694595713,6.825927734375,44.98127365112305
361,34,2,False,24.089253309816122,23.844565779700787,21.30423355102539,55.88528060913086
361,3,2,False,31.455528858165398,35.07674871462588,6.23326301574707,37.961856842041016
361,5,1,False,32.541564523789376,36.379088280221815,13.55117130279541,40.00437545776367
361,12,1,False,31.511886492123644,30.256031115073725,6.771772861480713,35.840641021728516
361,134,2,False,0.0,0.0,,
361,13,2,False,0.0,0.0,,
361,19,1,False,24.981796155504885,5.699672414841671,20.50980567932129,41.97633743286133
361,7,2,False,35.33553595955672,17.337619327828538,18.732589721679688,33.5861701965332
361,15,1,False,47.479177994614844,28.96471477785608,13.681333541870117,29.274330139160156
361,132,1,False,58.439218692836654,9.117306458352527,10.049511909484863,17.50902557373047
361,156,2,True,0.0,0.0,,
361,120,2,False,0.0,0.0,,
361,8,2,False,49.81753390822139,18.373455524722793,16.075380325317383,25.242996215820312
361,142,1,False,0.0,0.0,,
361,22,1,False,0.0,0.0,,
362,1,2,False,32.52677642443921,30.320596783491766,19.69087791442871,42.5413818359375
362,6,1,False,32.79825519214837,30.61662617057025,13.110528945922852,55.68474197387695
362,10,2,False,0.0,0.0,,
362,11,1,False,27.083110923634468,33.29379641759758,4.77303409576416,50.01163101196289
362,14,2,False,24.547291474936824,30.506177694595713,7.076151371002197,45.13123321533203
362,34,2,False,24.089253309816122,23.844565779700787,21.62778663635254,55.962310791015625
362,3,2,False,31.455528858165398,35.07674871462588,6.528535842895508,38.242252349853516
362,5,1,False,32.541564523789376,36.379088280221815,13.9002103805542,40.08978271484375
362,12,1,False,31.511886492123644,30.256031115073725,7.054853916168213,36.02354049682617
362,134,2,False,0.0,0.0,,
362,13,2,False,0.0,0.0,,
362,19,1,False,24.981796155504885,5.699672414841671,20.810745239257812,42.15271759033203
362,7,2,False,35.33553595955672,17.337619327828538,19.09377098083496,33.79826736450195
362,132,1,False,58.439218692836654,9.117306458352527,10.376891136169434,17.599180221557617
362,156,2,True,0.0,0.0,,
362,120,2,False,0.0,0.0,,
362,8,2,False,49.81753390822139,18.373455524722793,16.43796730041504,25.336214065551758
362,142,1,False,0.0,0.0,,
362,22,1,False,0.0,0.0,,
363,1,2,False,32.52677642443921,30.320596783491766,19.690006256103516,42.42654037475586
363,6,1,False,32.79825519214837,30.61662617057025,13.151127815246582,55.42597579956055
363,10,2,False,0.0,0.0,,
363,11,1,False,27.083110923634468,33.29379641759758,4.713438510894775,49.91592788696289
363,14,2,False,24.547291474936824,30.506177694595713,6.967596054077148,45.09674072265625
363,34,2,False,24.089253309816122,23.844565779700787,21.64891815185547,55.88798141479492
363,3,2,False,31.455528858165398,35.07674871462588,6.436710834503174,38.10625076293945
363,5,1,False,32.541564523789376,36.379088280221815,13.84309196472168,39.96094512939453
363,12,1,False,31.511886492123644,30.256031115073725,6.95629358291626,35.9876594543457
363,134,2,False,0.0,0.0,,
363,13,2,False,0.0,0.0,,
363,19,1,False,24.981796155504885,5.699672414841671,20.717729568481445,42.119022369384766
363,7,2,False,35.33553595955672,17.337619327828538,19.09493637084961,33.778038024902344
363,132,1,False,58.439218692836654,9.117306458352527,10.205852508544922,17.375118255615234
363,156,2,False,0.0,0.0,,
363,120,2,False,0.0,0.0,,
363,8,2,False,49.81753390822139,18.373455524722793,16.345441818237305,25.149728775024414
363,142,1,False,0.0,0.0,,
363,22,1,True,0.0,0.0,,
364,1,2,False,32.52677642443921,30.320596783491766,19.705080032348633,42.30510330200195
364,6,1,False,32.79825519214837,30.61662617057025,13.183621406555176,55.286659240722656
364,10,2,False,0.0,0.0,,
364,11,1,False,27.083110923634468,33.29379641759758,4.645809650421143,49.811744689941406
364,14,2,False,24.547291474936824,30.506177694595713,6.893555164337158,45.060821533203125
364,34,2,False,24.089253309816122,23.844565779700787,21.624820709228516,55.86581039428711
364,3,2,False,31.455528858165398,35.07674871462588,6.358977794647217,37.962913513183594
364,5,1,False,32.541564523789376,36.379088280221815,13.750064849853516,40.01908874511719
364,12,1,False,31.511886492123644,30.256031115073725,6.848318099975586,35.94001007080078
364,134,2,False,0.0,0.0,,
364,13,2,False,0.0,0.0,,
364,19,1,False,24.981796155504885,5.699672414841671,20.618085861206055,42.174522399902344
364,7,2,False,35.33553595955672,17.337619327828538,19.01276206970215,33.85361099243164
364,132,1,False,58.439218692836654,9.117306458352527,10.053265571594238,17.137680053710938
364,156,2,False,0.0,0.0,,
364,8,2,False,49.81753390822139,18.373455524722793,16.222454071044922,25.090665817260742
364,142,1,False,0.0,0.0,,
364,22,1,True,0.0,0.0,,
364,15,1,False,47.479177994614844,28.96471477785608,13.762347221374512,29.128192901611328
365,1,2,False,37.34659315217193,32.481857961279495,20.368467330932617,40.6445198059082
365,6,1,False,17.13039166671136,31.607968280912342,13.620011329650879,54.14365005493164
365,10,2,False,0.0,0.0,,
365,11,1,False,21.880995385990747,34.56005772465723,4.822401523590088,48.3897705078125
365,14,2,False,35.044565982986704,32.534219707500036,7.1535868644714355,43.58121871948242
365,34,2,False,29.71154977016208,25.563984169177758,22.249509811401367,54.7069091796875
365,3,2,False,40.97215762347798,37.447822651169744,6.608498573303223,36.15332794189453
365,5,1,False,37.81196023751398,38.567280423596465,14.232292175292969,38.06245040893555
365,12,1,False,41.60217536706835,32.66356441177907,7.147247791290283,33.91878128051758
365,134,2,False,0.0,0.0,,
365,13,2,False,0.0,0.0,,
365,19,1,False,0.0,0.0,21.2101993560791,40.58957290649414
365,7,2,False,38.77763114762606,19.58169520442727,19.70334815979004,31.644882202148438
365,132,1,False,65.98932134961507,12.93613292534414,10.461366653442383,14.134571075439453
365,156,2,False,0.0,0.0,,
365,8,2,False,59.97096326247355,21.843997380190014,16.865367889404297,22.383100509643555
365,142,1,False,0.0,0.0,,
365,22,1,True,0.0,0.0,,
365,15,1,False,49.91701537673161,31.853430945491013,14.31603717803955,26.543201446533203
365,120,2,False,0.0,0.0,,
366,1,2,False,37.34659315217193,32.481857961279495,19.939485549926758,42.14375305175781
366,6,1,False,17.13039166671136,31.607968280912342,13.307156562805176,55.37106704711914
366,10,2,False,0.0,0.0,,
366,11,1,False,21.880995385990747,34.56005772465723,4.588200092315674,49.79617691040039
366,14,2,False,35.044565982986704,32.534219707500036,6.861945152282715,45.30309295654297
366,34,2,False,29.71154977016208,25.563984169177758,21.70478630065918,55.9442253112793
366,3,2,False,40.97215762347798,37.447822651169744,6.306557655334473,38.15182113647461
366,5,1,False,37.81196023751398,38.567280423596465,13.729190826416016,40.0088996887207
366,12,1,False,41.60217536706835,32.66356441177907,6.821779251098633,36.03676223754883
366,134,2,False,0.0,0.0,,
366,13,2,False,0.0,0.0,,
366,19,1,False,0.0,0.0,20.484983444213867,42.63844299316406
366,7,2,False,38.77763114762606,19.58169520442727,19.04228973388672,33.85114288330078
366,132,1,False,65.98932134961507,12.93613292534414,9.841779708862305,17.596193313598633
366,156,2,False,0.0,0.0,,
366,8,2,False,59.97096326247355,21.843997380190014,16.128440856933594,25.357816696166992
366,142,1,False,0.0,0.0,,
366,22,1,True,0.0,0.0,,
366,15,1,False,49.91701537673161,31.853430945491013,13.711503028869629,29.111032485961914
366,120,2,False,0.0,0.0,,
367,1,2,False,37.34659315217193,32.481857961279495,19.95474624633789,42.0565185546875
367,6,1,False,17.13039166671136,31.607968280912342,13.246139526367188,55.365291595458984
367,10,2,False,0.0,0.0,,
367,11,1,False,21.880995385990747,34.56005772465723,4.447092533111572,49.7034797668457
367,14,2,False,35.044565982986704,32.534219707500036,6.725597381591797,45.36957931518555
367,34,2,False,29.71154977016208,25.563984169177758,21.562824249267578,56.05706024169922
367,3,2,False,40.97215762347798,37.447822651169744,6.160792827606201,38.13498306274414
367,5,1,False,37.81196023751398,38.567280423596465,13.534547805786133,39.9830436706543
367,12,1,False,41.60217536706835,32.66356441177907,6.6190056800842285,36.118526458740234
367,134,2,False,0.0,0.0,,
367,13,2,True,0.0,0.0,,
367,19,1,False,0.0,0.0,20.36128044128418,42.62505340576172
367,7,2,False,38.77763114762606,19.58169520442727,18.901641845703125,33.71600341796875
367,132,1,False,65.98932134961507,12.93613292534414,9.563555717468262,17.56609535217285
367,156,2,False,0.0,0.0,,
367,8,2,False,59.97096326247355,21.843997380190014,15.922480583190918,25.336519241333008
367,22,1,False,0.0,0.0,,
367,15,1,False,49.91701537673161,31.853430945491013,13.446918487548828,29.209857940673828
367,120,2,False,0.0,0.0,,
368,1,2,False,37.34659315217193,32.481857961279495,20.010995864868164,42.38984680175781
368,6,1,False,17.13039166671136,31.607968280912342,13.309829711914062,55.26538848876953
368,10,2,False,0.0,0.0,,
368,11,1,False,21.880995385990747,34.56005772465723,4.478062152862549,49.50978088378906
368,14,2,False,35.044565982986704,32.534219707500036,6.776170253753662,45.400962829589844
368,34,2,False,29.71154977016208,25.563984169177758,21.66254997253418,56.093788146972656
368,3,2,False,40.97215762347798,37.447822651169744,6.169773101806641,38.16327667236328
368,5,1,False,37.81196023751398,38.567280423596465,13.564590454101562,40.01496887207031
368,12,1,False,41.60217536706835,32.66356441177907,6.656497001647949,36.04548645019531
368,134,2,False,0.0,0.0,,
368,13,2,True,0.0,0.0,,
368,19,1,False,0.0,0.0,20.457950592041016,42.57009506225586
368,7,2,False,38.77763114762606,19.58169520442727,19.03371238708496,33.64904022216797
368,132,1,False,65.98932134961507,12.93613292534414,9.553731918334961,17.440929412841797
368,156,2,False,0.0,0.0,,
368,8,2,False,59.97096326247355,21.843997380190014,15.900877952575684,25.370868682861328
368,22,1,False,0.0,0.0,,
368,15,1,False,49.91701537673161,31.853430945491013,13.469480514526367,29.116130828857422
368,120,2,False,0.0,0.0,,
368,142,1,False,0.0,0.0,,
369,1,2,False,37.34659315217193,32.481857961279495,19.962139129638672,42.699405670166016
369,6,1,False,17.13039166671136,31.607968280912342,13.307939529418945,55.15114974975586
369,10,2,False,0.0,0.0,,
369,11,1,False,21.880995385990747,34.56005772465723,4.416861057281494,49.51584243774414
369,14,2,False,35.044565982986704,32.534219707500036,6.752335071563721,45.41686248779297
369,34,2,False,29.71154977016208,25.563984169177758,21.63616371154785,56.238128662109375
369,3,2,False,40.97215762347798,37.447822651169744,6.066559791564941,38.37273025512695
369,5,1,False,37.81196023751398,38.567280423596465,13.512405395507812,40.030052185058594
369,12,1,False,41.60217536706835,32.66356441177907,6.60111665725708,36.169620513916016
369,134,2,False,0.0,0.0,,
369,13,2,True,0.0,0.0,,
369,19,1,False,0.0,0.0,20.405010223388672,42.68251037597656
369,7,2,False,38.77763114762606,19.58169520442727,19.026227951049805,33.6773796081543
369,132,1,False,65.98932134961507,12.93613292534414,9.357953071594238,17.616300582885742
369,156,2,False,0.0,0.0,,
369,8,2,False,59.97096326247355,21.843997380190014,15.789244651794434,25.532352447509766
369,22,1,False,0.0,0.0,,
369,15,1,False,49.91701537673161,31.853430945491013,13.35599136352539,29.128557205200195
369,120,2,False,0.0,0.0,,
369,142,1,False,0.0,0.0,,
370,1,2,False,2.9095849652653425,32.65023672084346,19.848413467407227,42.742279052734375
370,6,1,False,4.05199289053694,31.842458610225822,13.203546524047852,55.043270111083984
370,10,2,False,0.0,0.0,,
370,11,1,False,4.645186738868318,34.82887640167507,4.292073726654053,49.53962707519531
370,14,2,False,6.270534185352429,32.89709784322645,6.5489678382873535,45.51703643798828
370,34,2,False,2.333832099439198,25.699043897154564,21.502473831176758,56.25556564331055
370,3,2,False,9.437822845739786,37.99399295474265,5.847696781158447,38.39902877807617
370,5,1,False,5.086168238530555,38.86161886332624,13.356021881103516,40.067527770996094
370,12,1,False,11.336411317059213,33.31960673336815,6.374969959259033,36.19908905029297
370,134,2,False,0.0,0.0,,
370,13,2,False,0.0,0.0,,
370,7,2,False,4.734129200402744,19.85566101463576,18.87411880493164,33.73012924194336
370,132,1,False,15.045218878742313,13.806805314160245,9.012566566467285,17.66790008544922
370,156,2,False,0.0,0.0,,
370,8,2,False,10.017510949304805,22.423714449015524,15.514525413513184,25.5799560546875
370,22,1,True,0.0,0.0,,
370,15,1,False,9.914736556797852,32.427200422157554,13.123676300048828,29.174352645874023
370,120,2,False,0.0,0.0,,
370,142,1,False,0.0,0.0,,
371,1,2,False,2.9095849652653425,32.65023672084346,20.011032104492188,42.718711853027344
371,6,1,False,4.05199289053694,31.842458610225822,13.363080978393555,54.842430114746094
371,10,2,False,0.0,0.0,,
371,11,1,False,4.645186738868318,34.82887640167507,4.380915641784668,49.5167236328125
371,14,2,False,6.270534185352429,32.89709784322645,6.581995010375977,45.477596282958984
371,34,2,False,2.333832099439198,25.699043897154564,21.57954978942871,56.300601959228516
371,3,2,False,9.437822845739786,37.99399295474265,5.903770446777344,38.45516586303711
371,5,1,False,5.086168238530555,38.86161886332624,13.468348503112793,40.03275680541992
371,12,1,False,11.336411317059213,33.31960673336815,6.384283542633057,36.24955368041992
371,134,2,False,0.0,0.0,,
371,13,2,False,0.0,0.0,,
371,7,2,False,4.734129200402744,19.85566101463576,19.006011962890625,33.80869674682617
371,132,1,False,15.045218878742313,13.806805314160245,9.010796546936035,17.40987205505371
371,156,2,False,0.0,0.0,,
371,8,2,False,10.017510949304805,22.423714449015524,15.566289901733398,25.50975799560547
371,22,1,True,0.0,0.0,,
371,15,1,False,9.914736556797852,32.427200422157554,13.14163875579834,29.36884880065918
371,120,2,False,0.0,0.0,,
371,142,1,False,0.0,0.0,,
371,19,1,False,0.0,0.0,20.496768951416016,42.31533432006836
372,1,2,False,2.9095849652653425,32.65023672084346,19.985353469848633,42.620765686035156
372,6,1,False,4.05199289053694,31.842458610225822,13.316465377807617,54.77085876464844
372,10,2,False,0.0,0.0,,
372,11,1,False,4.645186738868318,34.82887640167507,4.242476940155029,49.49379348754883
372,14,2,False,6.270534185352429,32.89709784322645,6.436855316162109,45.37069320678711
372,34,2,False,2.333832099439198,25.699043897154564,21.44404411315918,56.27753829956055
372,3,2,False,9.437822845739786,37.99399295474265,5.717136859893799,38.42605972290039
372,5,1,False,5.086168238530555,38.86161886332624,13.290018081665039,40.106170654296875
372,12,1,False,11.336411317059213,33.31960673336815,6.208600997924805,36.43714904785156
372,134,2,False,0.0,0.0,,
372,13,2,False,0.0,0.0,,
372,7,2,False,4.734129200402744,19.85566101463576,18.904634475708008,33.918190002441406
372,132,1,False,15.045218878742313,13.806805314160245,8.739588737487793,17.373170852661133
372,156,2,True,0.0,0.0,,
372,8,2,False,10.017510949304805,22.423714449015524,15.320747375488281,25.619443893432617
372,22,1,False,0.0,0.0,,
372,15,1,False,9.914736556797852,32.427200422157554,12.980290412902832,29.347095489501953
372,120,2,False,0.0,0.0,,
372,142,1,False,0.0,0.0,,
373,1,2,False,2.9095849652653425,32.65023672084346,19.820396423339844,42.43641662597656
373,6,1,False,4.05199289053694,31.842458610225822,13.188523292541504,54.77436447143555
373,10,2,False,0.0,0.0,,
373,11,1,False,4.645186738868318,34.82887640167507,4.015527248382568,49.3356819152832
373,14,2,False,6.270534185352429,32.89709784322645,6.169565200805664,45.35670852661133
373,34,2,False,2.333832099439198,25.699043897154564,21.25278091430664,56.20273971557617
373,3,2,False,9.437822845739786,37.99399295474265,5.426756381988525,38.31565475463867
373,5,1,False,5.086168238530555,38.86161886332624,13.026619911193848,40.00071716308594
373,12,1,False,11.336411317059213,33.31960673336815,5.910416126251221,36.322593688964844
373,134,2,False,0.0,0.0,,
373,13,2,False,0.0,0.0,,
373,7,2,False,4.734129200402744,19.85566101463576,18.670467376708984,33.80769729614258
373,132,1,False,15.045218878742313,13.806805314160245,8.337685585021973,17.211734771728516
373,156,2,True,0.0,0.0,,
373,8,2,False,10.017510949304805,22.423714449015524,14.996853828430176,25.337190628051758
373,22,1,False,0.0,0.0,,
373,15,1,False,9.914736556797852,32.427200422157554,12.679654121398926,29.220075607299805
373,120,2,False,0.0,0.0,,
373,142,1,False,0.0,0.0,,
374,1,2,False,2.9095849652653425,32.65023672084346,19.920246124267578,42.60236358642578
374,6,1,False,4.05199289053694,31.842458610225822,13.33697509765625,54.90168762207031
374,10,2,False,0.0,0.0,,
374,11,1,False,4.645186738868318,34.82887640167507,4.047476768493652,49.45176315307617
374,14,2,False,6.270534185352429,32.89709784322645,6.181837558746338,45.40113067626953
374,34,2,False,2.333832099439198,25.699043897154564,21.332714080810547,56.251609802246094
374,3,2,False,9.437822845739786,37.99399295474265,5.433202743530273,38.66984939575195
374,5,1,False,5.086168238530555,38.86161886332624,13.059136390686035,40.05747604370117
374,12,1,False,11.336411317059213,33.31960673336815,5.917964458465576,36.59066390991211
374,134,2,False,0.0,0.0,,
374,13,2,False,0.0,0.0,,
374,7,2,False,4.734129200402744,19.85566101463576,18.702224731445312,33.87446594238281
374,132,1,False,15.045218878742313,13.806805314160245,8.276742935180664,17.61892318725586
374,156,2,True,0.0,0.0,,
374,8,2,False,10.017510949304805,22.423714449015524,14.987722396850586,25.55318260192871
374,22,1,False,0.0,0.0,,
374,15,1,False,9.914736556797852,32.427200422157554,12.663329124450684,29.283401489257812
374,120,2,False,0.0,0.0,,
374,142,1,False,0.0,0.0,,
375,1,2,False,15.349177493495603,33.5384993072726,20.015975952148438,42.75883865356445
375,6,1,False,8.674599051820993,32.344460870169165,13.416229248046875,54.94451904296875
375,10,2,False,0.0,0.0,,
375,11,1,False,5.733440354116009,35.16067271846419,4.0560221672058105,49.411006927490234
375,14,2,False,8.33652492662512,33.379535628332064,6.186105728149414,45.52044677734375
375,34,2,False,3.615509815845268,25.90827478927524,21.371091842651367,56.286869049072266
375,3,2,False,10.633979681304831,38.60938529741075,5.3953118324279785,38.70505142211914
375,5,1,False,6.109938360045425,39.2152032591622,13.06355094909668,40.10063171386719
375,12,1,False,12.168834186305393,34.02382167470527,5.8786797523498535,36.628143310546875
375,134,2,False,0.0,0.0,,
375,13,2,False,0.0,0.0,,
375,7,2,False,5.249502976655889,20.159451696155198,18.677671432495117,33.92108917236328
375,132,1,False,18.57704753162428,14.881865935203317,8.157958030700684,17.83437728881836
375,156,2,True,0.0,0.0,,
375,8,2,False,14.770481397095773,23.278487678014123,14.935342788696289,25.604843139648438
375,22,1,False,0.0,0.0,,
375,15,1,False,11.798711822131114,33.10999624519755,12.627962112426758,29.463279724121094
375,120,2,False,0.0,0.0,,
375,142,1,False,0.0,0.0,,
376,1,2,False,15.349177493495603,33.5384993072726,19.97998809814453,42.62986373901367
376,6,1,False,8.674599051820993,32.344460870169165,13.388837814331055,54.7916259765625
376,10,2,False,0.0,0.0,,
376,11,1,False,5.733440354116009,35.16067271846419,3.9638564586639404,49.228424072265625
376,14,2,False,8.33652492662512,33.379535628332064,6.108335971832275,45.48497009277344
376,34,2,False,3.615509815845268,25.90827478927524,21.362520217895508,56.20222854614258
376,3,2,False,10.633979681304831,38.60938529741075,5.244629859924316,38.45148468017578
376,5,1,False,6.109938360045425,39.2152032591622,12.945128440856934,39.95280456542969
376,12,1,False,12.168834186305393,34.02382167470527,5.695168495178223,36.56844711303711
376,134,2,False,0.0,0.0,,
376,13,2,False,0.0,0.0,,
376,7,2,False,5.249502976655889,20.159451696155198,18.60918617248535,33.757080078125
376,156,2,True,0.0,0.0,,
376,8,2,False,14.770481397095773,23.278487678014123,14.750897407531738,25.53725242614746
376,22,1,False,0.0,0.0,,
376,15,1,False,11.798711822131114,33.10999624519755,12.438679695129395,29.2666072845459
376,120,2,False,0.0,0.0,,
377,1,2,False,15.349177493495603,33.5384993072726,19.701953887939453,42.95285415649414
377,6,1,False,8.674599051820993,32.344460870169165,13.220696449279785,54.81391525268555
377,10,2,False,0.0,0.0,,
377,11,1,False,5.733440354116009,35.16067271846419,3.736961841583252,49.392845153808594
377,14,2,False,8.33652492662512,33.379535628332064,5.937559604644775,45.853668212890625
377,34,2,False,3.615509815845268,25.90827478927524,21.18478775024414,56.28948974609375
377,3,2,False,10.633979681304831,38.60938529741075,4.97199821472168,38.78632354736328
377,5,1,False,6.109938360045425,39.2152032591622,12.689270973205566,40.19179916381836
377,12,1,False,12.168834186305393,34.02382167470527,5.415492534637451,36.81761169433594
377,134,2,False,0.0,0.0,,
377,13,2,False,0.0,0.0,,
377,7,2,False,5.249502976655889,20.159451696155198,18.307649612426758,34.16789245605469
377,156,2,True,0.0,0.0,,
377,8,2,False,14.770481397095773,23.278487678014123,14.36347770690918,26.020933151245117
377,22,1,False,0.0,0.0,,
377,15,1,False,11.798711822131114,33.10999624519755,12.09636402130127,29.57745361328125
377,132,1,False,18.57704753162428,14.881865935203317,7.516168117523193,17.989177703857422
377,142,1,False,0.0,0.0,,
378,1,2,False,15.349177493495603,33.5384993072726,19.781213760375977,42.612525939941406
378,6,1,False,8.674599051820993,32.344460870169165,13.338459968566895,54.464393615722656
378,10,2,False,0.0,0.0,,
378,11,1,False,5.733440354116009,35.16067271846419,3.758713960647583,49.20360565185547
378,14,2,False,8.33652492662512,33.379535628332064,5.925447940826416,45.633140563964844
378,34,2,False,3.615509815845268,25.90827478927524,21.31412696838379,56.005950927734375
378,3,2,False,10.633979681304831,38.60938529741075,4.955299377441406,38.519012451171875
378,5,1,False,6.109938360045425,39.2152032591622,12.782588958740234,39.841697692871094
378,12,1,False,12.168834186305393,34.02382167470527,5.378516674041748,36.425811767578125
378,134,2,False,0.0,0.0,,
378,13,2,False,0.0,0.0,,
378,7,2,False,5.249502976655889,20.159451696155198,18.466442108154297,33.755558013916016
378,156,2,False,0.0,0.0,,
378,8,2,False,14.770481397095773,23.278487678014123,14.382837295532227,25.646467208862305
378,22,1,False,0.0,0.0,,
378,15,1,False,11.798711822131114,33.10999624519755,12.132555961608887,29.238962173461914
378,132,1,False,18.57704753162428,14.881865935203317,7.452896595001221,17.377395629882812
378,142,1,False,0.0,0.0,,
378,120,2,False,0.0,0.0,,
379,1,2,False,15.349177493495603,33.5384993072726,19.949596405029297,42.981605529785156
379,6,1,False,8.674599051820993,32.344460870169165,13.469222068786621,54.321136474609375
379,10,2,False,0.0,0.0,,
379,11,1,False,5.733440354116009,35.16067271846419,3.827115774154663,49.10401153564453
379,14,2,False,8.33652492662512,33.379535628332064,5.935863971710205,45.591064453125
379,34,2,False,3.615509815845268,25.90827478927524,21.429500579833984,55.925785064697266
379,3,2,False,10.633979681304831,38.60938529741075,4.966066360473633,38.46763610839844
379,5,1,False,6.109938360045425,39.2152032591622,12.858736991882324,39.700130462646484
379,12,1,False,12.168834186305393,34.02382167470527,5.3899078369140625,36.37140655517578
379,134,2,False,0.0,0.0,,
379,13,2,False,0.0,0.0,,
379,7,2,False,5.249502976655889,20.159451696155198,18.56709861755371,33.70871353149414
379,156,2,False,0.0,0.0,,
379,8,2,False,14.770481397095773,23.278487678014123,14.403846740722656,25.57375144958496
379,22,1,False,0.0,0.0,,
379,15,1,False,11.798711822131114,33.10999624519755,12.150765419006348,29.172502517700195
379,132,1,False,18.57704753162428,14.881865935203317,7.415626049041748,17.1162109375
379,142,1,False,0.0,0.0,,
379,120,2,False,0.0,0.0,,
379,19,1,False,0.0,0.0,19.798614501953125,42.36705780029297
380,1,2,False,4.87784052027267,33.820781744788384,19.774280548095703,43.61358642578125
380,6,1,False,6.2506423832883,32.706187859942794,13.444838523864746,54.44333267211914
380,10,2,False,0.0,0.0,,
380,11,1,False,5.7272559707251185,35.49211114269597,3.7428770065307617,49.30133056640625
380,14,2,False,2.9623158331347312,33.550965942749585,5.796697616577148,45.805240631103516
380,34,2,False,5.680436430196325,26.237003749356045,21.29172134399414,56.09327697753906
380,3,2,False,4.5519612517412815,38.8728089809606,4.7920355796813965,38.82656478881836
380,5,1,False,7.9773914304873355,39.67685785583392,12.711430549621582,40.06848907470703
380,12,1,False,5.374246953266682,34.33483133635264,5.184713363647461,36.74784851074219
380,134,2,False,0.0,0.0,,
380,13,2,False,0.0,0.0,,
380,7,2,False,3.130621517562719,20.340621922866003,18.394254684448242,34.03046798706055
380,156,2,False,0.0,0.0,,
380,8,2,False,8.794489203813844,23.787428025457054,14.151939392089844,25.946773529052734
380,22,1,False,0.0,0.0,,
380,15,1,False,6.613153000924218,33.49270185867696,11.947267532348633,29.51680564880371
380,132,1,False,11.639880966953402,15.555470157827935,7.121075630187988,17.55042266845703
380,142,1,False,0.0,0.0,,
380,120,2,False,0.0,0.0,,
380,19,1,False,2.291353560371908,5.83227389402986,19.61907386779785,42.81456756591797
381,1,2,False,4.87784052027267,33.820781744788384,20.036500930786133,43.4801025390625
381,6,1,False,6.2506423832883,32.706187859942794,13.714775085449219,54.43553161621094
381,10,2,False,0.0,0.0,,
381,11,1,False,5.7272559707251185,35.49211114269597,3.913767099380493,49.267887115478516
381,14,2,False,2.9623158331347312,33.550965942749585,5.938472270965576,45.75749969482422
381,34,2,False,5.680436430196325,26.237003749356045,21.49448013305664,56.13909912109375
381,3,2,False,4.5519612517412815,38.8728089809606,4.923270225524902,38.760719299316406
381,5,1,False,7.9773914304873355,39.67685785583392,12.94834041595459,40.020809173583984
381,12,1,False,5.374246953266682,34.33483133635264,5.341681480407715,36.7866325378418
381,134,2,False,0.0,0.0,,
381,13,2,False,0.0,0.0,,
381,7,2,False,3.130621517562719,20.340621922866003,18.63701057434082,33.964378356933594
381,156,2,False,0.0,0.0,,
381,8,2,False,8.794489203813844,23.787428025457054,14.32421875,25.847583770751953
381,22,1,False,0.0,0.0,,
381,15,1,False,6.613153000924218,33.49270185867696,12.108433723449707,29.42743682861328
381,132,1,False,11.639880966953402,15.555470157827935,7.2643961906433105,17.42487335205078
381,142,1,False,0.0,0.0,,
381,120,2,False,0.0,0.0,,
381,19,1,False,2.291353560371908,5.83227389402986,19.772607803344727,42.949527740478516
382,1,2,False,4.87784052027267,33.820781744788384,20.056386947631836,43.60084533691406
382,6,1,False,6.2506423832883,32.706187859942794,13.731470108032227,54.45367431640625
382,10,2,False,0.0,0.0,,
382,11,1,False,5.7272559707251185,35.49211114269597,3.854511022567749,49.19959259033203
382,14,2,False,2.9623158331347312,33.550965942749585,5.853425025939941,45.760040283203125
382,34,2,False,5.680436430196325,26.237003749356045,21.4708251953125,56.149436950683594
382,3,2,False,4.5519612517412815,38.8728089809606,4.830230236053467,38.7661018371582
382,5,1,False,7.9773914304873355,39.67685785583392,12.886029243469238,40.13279724121094
382,12,1,False,5.374246953266682,34.33483133635264,5.243616104125977,36.897586822509766
382,134,2,False,0.0,0.0,,
382,13,2,False,0.0,0.0,,
382,7,2,False,3.130621517562719,20.340621922866003,18.580211639404297,33.9814567565918
382,156,2,False,0.0,0.0,,
382,8,2,False,8.794489203813844,23.787428025457054,14.180208206176758,25.85500717163086
382,22,1,False,0.0,0.0,,
382,15,1,False,6.613153000924218,33.49270185867696,12.011533737182617,29.309206008911133
382,132,1,False,11.639880966953402,15.555470157827935,7.077268600463867,17.59660530090332
382,142,1,False,0.0,0.0,,
382,120,2,False,0.0,0.0,,
382,19,1,False,2.291353560371908,5.83227389402986,19.698104858398438,42.95759582519531
383,1,2,False,4.87784052027267,33.820781744788384,19.92525863647461,43.62281036376953
383,6,1,False,6.2506423832883,32.706187859942794,13.683415412902832,54.47651290893555
383,10,2,False,0.0,0.0,,
383,11,1,False,5.7272559707251185,35.49211114269597,3.691026449203491,49.1303825378418
383,14,2,False,2.9623158331347312,33.550965942749585,5.6995086669921875,45.77099609375
383,34,2,False,5.680436430196325,26.237003749356045,21.360198974609375,56.29290008544922
383,3,2,False,4.5519612517412815,38.8728089809606,4.615682125091553,38.77510070800781
383,5,1,False,7.9773914304873355,39.67685785583392,12.721440315246582,40.251670837402344
383,12,1,False,5.374246953266682,34.33483133635264,5.046877384185791,36.91265869140625
383,13,2,False,0.0,0.0,,
383,7,2,False,3.130621517562719,20.340621922866003,18.429826736450195,33.892276763916016
383,156,2,False,0.0,0.0,,
383,8,2,False,8.794489203813844,23.787428025457054,13.92490005493164,26.022714614868164
383,22,1,False,0.0,0.0,,
383,15,1,False,6.613153000924218,33.49270185867696,11.758455276489258,29.328323364257812
383,132,1,False,11.639880966953402,15.555470157827935,6.738865852355957,17.620386123657227
383,142,1,False,0.0,0.0,,
383,120,2,False,0.0,0.0,,
383,19,1,False,2.291353560371908,5.83227389402986,19.519786834716797,42.971675872802734
384,1,2,False,4.87784052027267,33.820781744788384,20.059282302856445,43.33479690551758
384,6,1,False,6.2506423832883,32.706187859942794,13.810919761657715,54.2832145690918
384,10,2,False,0.0,0.0,,
384,11,1,False,5.7272559707251185,35.49211114269597,3.7466959953308105,48.89995193481445
384,14,2,False,2.9623158331347312,33.550965942749585,5.740055084228516,45.67425537109375
384,34,2,False,5.680436430196325,26.237003749356045,21.515127182006836,56.23908233642578
384,3,2,False,4.5519612517412815,38.8728089809606,4.635185241699219,38.65266418457031
384,5,1,False,7.9773914304873355,39.67685785583392,12.8018217086792,40.13950729370117
384,12,1,False,5.374246953266682,34.33483133635264,5.069705486297607,36.67886734008789
384,13,2,False,0.0,0.0,,
384,7,2,False,3.130621517562719,20.340621922866003,18.551450729370117,33.63852310180664
384,156,2,False,0.0,0.0,,
384,8,2,False,8.794489203813844,23.787428025457054,13.955709457397461,25.70504379272461
384,22,1,False,0.0,0.0,,
384,15,1,False,6.613153000924218,33.49270185867696,11.78048038482666,29.035581588745117
384,132,1,False,11.639880966953402,15.555470157827935,6.708775997161865,17.406686782836914
384,142,1,False,0.0,0.0,,
384,120,2,False,0.0,0.0,,
384,19,1,False,2.291353560371908,5.83227389402986,19.6763858795166,42.68294143676758
384,134,2,False,0.0,0.0,,
385,1,2,False,8.160865443972607,34.293054050573836,19.985132217407227,43.4259033203125
385,6,1,False,3.9061275469744583,32.93223690780011,13.79513931274414,54.35313415527344
385,10,2,False,0.0,0.0,,
385,11,1,False,7.17054077512069,35.907072993108045,3.7028603553771973,48.97231674194336
385,14,2,False,6.5732326800910235,33.931361352477076,5.664834499359131,45.91478729248047
385,34,2,False,5.815856137536071,26.57356949805605,21.47072982788086,56.36899185180664
385,3,2,False,9.52417335959863,39.42397642075218,4.557165622711182,38.94584655761719
385,5,1,False,8.614822083885134,40.175400800503205,12.700490951538086,40.53001403808594
385,12,1,False,10.210748704785649,34.925731145657366,4.98769474029541,36.988494873046875
385,13,2,False,0.0,0.0,,
385,7,2,False,2.4996242108447992,20.485276101734335,18.50050926208496,33.88372802734375
385,156,2,False,0.0,0.0,,
385,8,2,False,11.147877935697132,24.432559850439528,13.743694305419922,26.250675201416016
385,22,1,False,0.0,0.0,,
385,15,1,False,8.020159901103847,33.95683148258343,11.642354965209961,29.2855224609375
385,132,1,False,18.624697529115117,16.63328830187395,6.537801742553711,17.887371063232422
385,142,1,False,0.0,0.0,,
385,120,2,False,0.0,0.0,,
385,19,1,False,8.799701886190281,6.341515901332538,19.62342071533203,42.682037353515625
385,134,2,False,0.0,0.0,,
386,1,2,False,8.160865443972607,34.293054050573836,19.796096801757812,43.3807258605957
386,6,1,False,3.9061275469744583,32.93223690780011,13.70632266998291,54.261741638183594
386,10,2,False,0.0,0.0,,
386,11,1,False,7.17054077512069,35.907072993108045,3.4981539249420166,48.85123062133789
386,14,2,False,6.5732326800910235,33.931361352477076,5.509724140167236,45.95873260498047
386,34,2,False,5.815856137536071,26.57356949805605,21.332855224609375,56.401145935058594
386,3,2,False,9.52417335959863,39.42397642075218,4.320180892944336,38.89183044433594
386,5,1,False,8.614822083885134,40.175400800503205,12.496748924255371,40.58133316040039
386,12,1,False,10.210748704785649,34.925731145657366,4.766255855560303,37.04149627685547
386,13,2,False,0.0,0.0,,
386,7,2,False,2.4996242108447992,20.485276101734335,18.34004783630371,33.842201232910156
386,156,2,False,0.0,0.0,,
386,8,2,False,11.147877935697132,24.432559850439528,13.4869966506958,26.191360473632812
386,22,1,False,0.0,0.0,,
386,15,1,False,8.020159901103847,33.95683148258343,11.39582633972168,29.22845458984375
386,132,1,False,18.624697529115117,16.63328830187395,6.173219203948975,17.809221267700195
386,142,1,False,0.0,0.0,,
386,120,2,False,0.0,0.0,,
386,19,1,False,8.799701886190281,6.341515901332538,19.453699111938477,42.542503356933594
386,134,2,False,0.0,0.0,,
387,1,2,False,8.160865443972607,34.293054050573836,19.625062942504883,43.57208251953125
387,6,1,False,3.9061275469744583,32.93223690780011,13.658970832824707,54.27464294433594
387,10,2,False,0.0,0.0,,
387,11,1,False,7.17054077512069,35.907072993108045,3.373227596282959,48.925811767578125
387,14,2,False,6.5732326800910235,33.931361352477076,5.35175085067749,46.119300842285156
387,34,2,False,5.815856137536071,26.57356949805605,21.167695999145508,56.5224494934082
387,3,2,False,9.52417335959863,39.42397642075218,4.127376556396484,39.08670425415039
387,5,1,False,8.614822083885134,40.175400800503205,12.311615943908691,40.67914581298828
387,12,1,False,10.210748704785649,34.925731145657366,4.614184856414795,37.2560920715332
387,13,2,False,0.0,0.0,,
387,7,2,False,2.4996242108447992,20.485276101734335,18.204803466796875,34.09981918334961
387,156,2,False,0.0,0.0,,
387,8,2,False,11.147877935697132,24.432559850439528,13.220685958862305,26.473777770996094
387,22,1,False,0.0,0.0,,
387,15,1,False,8.020159901103847,33.95683148258343,11.185901641845703,29.365272521972656
387,132,1,False,18.624697529115117,16.63328830187395,5.862354755401611,17.97503662109375
387,142,1,False,0.0,0.0,,
387,120,2,False,0.0,0.0,,
387,19,1,False,8.799701886190281,6.341515901332538,19.32355308532715,42.5508918762207
387,134,2,False,0.0,0.0,,
388,1,2,False,8.160865443972607,34.293054050573836,19.849014282226562,43.670597076416016
388,6,1,False,3.9061275469744583,32.93223690780011,13.94858455657959,54.23677062988281
388,10,2,False,0.0,0.0,,
388,11,1,False,7.17054077512069,35.907072993108045,3.577662467956543,48.935298919677734
388,14,2,False,6.5732326800910235,33.931361352477076,5.586369037628174,46.21237564086914
388,34,2,False,5.815856137536071,26.57356949805605,21.31456184387207,56.590389251708984
388,3,2,False,9.52417335959863,39.42397642075218,4.339928150177002,39.18471145629883
388,5,1,False,8.614822083885134,40.175400800503205,12.520143508911133,40.77666473388672
388,12,1,False,10.210748704785649,34.925731145657366,4.810057163238525,37.2502555847168
388,13,2,False,0.0,0.0,,
388,7,2,False,2.4996242108447992,20.485276101734335,18.530921936035156,34.10940170288086
388,156,2,False,0.0,0.0,,
388,8,2,False,11.147877935697132,24.432559850439528,13.456375122070312,26.458232879638672
388,22,1,False,0.0,0.0,,
388,15,1,False,8.020159901103847,33.95683148258343,11.411100387573242,29.352567672729492
388,132,1,False,18.624697529115117,16.63328830187395,6.054184436798096,17.778226852416992
388,142,1,False,0.0,0.0,,
388,120,2,False,0.0,0.0,,
388,19,1,False,8.799701886190281,6.341515901332538,19.569486618041992,42.458839416503906
388,134,2,False,0.0,0.0,,
389,1,2,False,8.160865443972607,34.293054050573836,19.686372756958008,43.730934143066406
389,6,1,False,3.9061275469744583,32.93223690780011,13.887795448303223,54.22160339355469
389,10,2,False,0.0,0.0,,
389,11,1,False,7.17054077512069,35.907072993108045,3.454287528991699,48.90802764892578
389,14,2,False,6.5732326800910235,33.931361352477076,5.475442886352539,46.26862335205078
389,34,2,False,5.815856137536071,26.57356949805605,21.19692039489746,56.56424331665039
389,3,2,False,9.52417335959863,39.42397642075218,4.17462682723999,39.149513244628906
389,5,1,False,8.614822083885134,40.175400800503205,12.353460311889648,40.74117660522461
389,12,1,False,10.210748704785649,34.925731145657366,4.615133762359619,37.31328201293945
389,13,2,False,0.0,0.0,,
389,7,2,False,2.4996242108447992,20.485276101734335,18.449373245239258,34.088836669921875
389,156,2,False,0.0,0.0,,
389,8,2,False,11.147877935697132,24.432559850439528,13.272708892822266,26.278886795043945
389,22,1,False,0.0,0.0,,
389,15,1,False,8.020159901103847,33.95683148258343,11.261421203613281,29.449989318847656
389,132,1,False,18.624697529115117,16.63328830187395,5.781036376953125,17.72469139099121
389,142,1,False,0.0,0.0,,
389,120,2,False,0.0,0.0,,
389,19,1,False,8.799701886190281,6.341515901332538,19.446718215942383,42.333011627197266
389,134,2,False,0.0,0.0,,
390,1,2,False,13.879409480919348,35.09626061775667,19.542360305786133,43.59020233154297
390,6,1,False,5.507966694629913,33.25098498040601,13.836989402770996,54.1309928894043
390,10,2,False,0.0,0.0,,
390,11,1,False,6.1219500134717615,36.26135250777655,3.3672735691070557,48.72823715209961
390,14,2,False,6.598855110054406,34.313239541716335,5.366262912750244,46.150489807128906
390,34,2,False,8.502866292124695,27.065633519591042,21.136415481567383,56.40785598754883
390,3,2,False,15.866011378025455,40.34214837549903,4.028919696807861,39.10314178466797
390,5,1,False,16.92494158316728,41.15485343841798,12.23147964477539,40.69905090332031
390,12,1,False,20.05696715107985,36.08643526319671,4.465706825256348,37.26542663574219
390,13,2,False,0.0,0.0,,
390,7,2,False,16.098205133925234,21.416885195132785,18.362943649291992,33.9284553527832
390,156,2,False,0.0,0.0,,
390,8,2,False,20.42836022203893,25.614756622548263,13.099251747131348,26.220861434936523
390,22,1,False,0.0,0.0,,
390,15,1,False,16.455703133247276,34.90912911760932,11.19782543182373,29.152069091796875
390,132,1,False,29.426857087447534,18.336231420360498,5.5370306968688965,17.487184524536133
390,142,1,False,0.0,0.0,,
390,19,1,False,0.0,0.0,19.302305221557617,42.286800384521484
390,134,2,False,0.0,0.0,,
391,1,2,False,13.879409480919348,35.09626061775667,19.4677734375,43.55278778076172
391,6,1,False,5.507966694629913,33.25098498040601,13.800456047058105,54.174503326416016
391,11,1,False,6.1219500134717615,36.26135250777655,3.3183321952819824,48.774723052978516
391,14,2,False,6.598855110054406,34.313239541716335,5.313139915466309,46.20158767700195
391,34,2,False,8.502866292124695,27.065633519591042,21.1324462890625,56.456539154052734
391,3,2,False,15.866011378025455,40.34214837549903,3.9489710330963135,39.16236114501953
391,5,1,False,16.92494158316728,41.15485343841798,12.23538875579834,40.773868560791016
391,12,1,False,20.05696715107985,36.08643526319671,4.359645843505859,37.32389831542969
391,13,2,False,0.0,0.0,,
391,7,2,True,16.098205133925234,21.416885195132785,18.334684371948242,34.01429748535156
391,156,2,False,0.0,0.0,,
391,8,2,False,20.42836022203893,25.614756622548263,13.00668716430664,26.16994285583496
391,22,1,False,0.0,0.0,,
391,15,1,False,16.455703133247276,34.90912911760932,11.138557434082031,29.37015724182129
391,132,1,False,29.426857087447534,18.336231420360498,5.398684978485107,17.751514434814453
391,142,1,False,0.0,0.0,,
391,19,1,False,0.0,0.0,19.213666915893555,42.6383171081543
391,134,2,False,0.0,0.0,,
391,120,2,False,0.0,0.0,,
392,1,2,False,13.879409480919348,35.09626061775667,19.26089859008789,43.60574722290039
392,6,1,False,5.507966694629913,33.25098498040601,13.658184051513672,54.41190719604492
392,11,1,False,6.1219500134717615,36.26135250777655,3.237039089202881,48.97785568237305
392,14,2,False,6.598855110054406,34.313239541716335,5.220869541168213,46.42348861694336
392,34,2,False,8.502866292124695,27.065633519591042,21.016780853271484,56.693199157714844
392,3,2,False,15.866011378025455,40.34214837549903,3.8290531635284424,39.72050094604492
392,5,1,False,16.92494158316728,41.15485343841798,12.083605766296387,41.231319427490234
392,12,1,False,20.05696715107985,36.08643526319671,4.211724281311035,37.70348358154297
392,13,2,False,0.0,0.0,,
392,7,2,True,16.098205133925234,21.416885195132785,18.16886329650879,34.459983825683594
392,156,2,False,0.0,0.0,,
392,8,2,False,20.42836022203893,25.614756622548263,12.77844524383545,26.685558319091797
392,22,1,False,0.0,0.0,,
392,15,1,False,16.455703133247276,34.90912911760932,10.968597412109375,29.723308563232422
392,132,1,False,29.426857087447534,18.336231420360498,5.144042015075684,18.51275634765625
392,142,1,False,0.0,0.0,,
392,19,1,False,0.0,0.0,18.82694435119629,43.62087631225586
392,120,2,False,0.0,0.0,,
392,10,2,False,0.0,0.0,,
393,1,2,False,13.879409480919348,35.09626061775667,19.271251678466797,43.069313049316406
393,6,1,False,5.507966694629913,33.25098498040601,13.729056358337402,54.04851150512695
393,11,1,False,6.1219500134717615,36.26135250777655,3.2444097995758057,48.636810302734375
393,14,2,False,6.598855110054406,34.313239541716335,5.218631267547607,46.048255920410156
393,34,2,False,8.502866292124695,27.065633519591042,21.09394073486328,56.4710578918457
393,3,2,False,15.866011378025455,40.34214837549903,3.7949411869049072,39.362648010253906
393,5,1,False,16.92494158316728,41.15485343841798,12.111654281616211,40.88251876831055
393,12,1,False,20.05696715107985,36.08643526319671,4.154133319854736,37.42423629760742
393,13,2,False,0.0,0.0,,
393,7,2,True,16.098205133925234,21.416885195132785,18.284040451049805,34.04570770263672
393,156,2,False,0.0,0.0,,
393,8,2,False,20.42836022203893,25.614756622548263,12.773645401000977,26.31793785095215
393,22,1,False,0.0,0.0,,
393,15,1,False,16.455703133247276,34.90912911760932,10.968095779418945,29.253870010375977
393,132,1,False,29.426857087447534,18.336231420360498,5.075791835784912,18.078166961669922
393,142,1,False,0.0,0.0,,
393,120,2,False,0.0,0.0,,
393,10,2,False,0.0,0.0,,
394,1,2,False,13.879409480919348,35.09626061775667,19.23978614807129,42.83760452270508
394,6,1,False,5.507966694629913,33.25098498040601,13.754950523376465,53.96326446533203
394,11,1,False,6.1219500134717615,36.26135250777655,3.255357027053833,48.53927993774414
394,14,2,False,6.598855110054406,34.313239541716335,5.254274845123291,45.94588851928711
394,34,2,False,8.502866292124695,27.065633519591042,21.11125373840332,56.45237350463867
394,3,2,False,15.866011378025455,40.34214837549903,3.7620391845703125,39.42142868041992
394,5,1,False,16.92494158316728,41.15485343841798,12.09420108795166,40.944549560546875
394,12,1,False,20.05696715107985,36.08643526319671,4.096513271331787,37.482139587402344
394,13,2,False,0.0,0.0,,
394,7,2,True,16.098205133925234,21.416885195132785,18.413808822631836,34.148746490478516
394,156,2,False,0.0,0.0,,
394,8,2,False,20.42836022203893,25.614756622548263,12.779797554016113,26.41229248046875
394,22,1,False,0.0,0.0,,
394,15,1,False,16.455703133247276,34.90912911760932,10.98709774017334,29.213468551635742
394,132,1,False,29.426857087447534,18.336231420360498,5.0048136711120605,18.012020111083984
394,142,1,False,0.0,0.0,,
394,120,2,False,0.0,0.0,,
394,10,2,False,0.0,0.0,,
394,134,2,False,0.0,0.0,,
395,1,2,False,17.415018007094478,36.1040741598339,18.863718032836914,43.16056823730469
395,6,1,False,12.354698890570079,33.96595598101771,13.524205207824707,54.19236373901367
395,11,1,False,14.243948937823705,37.08565510834505,3.0448920726776123,48.875152587890625
395,14,2,False,7.11560271668202,34.72502210633914,5.082270622253418,46.405792236328125
395,34,2,False,11.230514926984771,27.715547577865625,20.831668853759766,56.794193267822266
395,3,2,False,12.84222426564247,41.085332650131114,3.518496036529541,39.866363525390625
395,5,1,False,10.445717355631082,41.759350970572555,11.793684005737305,41.57521438598633
395,12,1,False,20.223474507420793,37.2567752231169,3.866140604019165,38.25928497314453
395,13,2,False,0.0,0.0,,
395,7,2,True,13.582420763023435,22.20290491521516,18.06096839904785,34.80976486206055
395,156,2,False,0.0,0.0,,
395,8,2,False,19.14321195544978,26.722581388488646,12.427104949951172,27.193387985229492
395,22,1,False,10.869909102475043,8.098981336546679,23.139497756958008,44.51896286010742
395,15,1,False,17.131909454548147,35.90055906289567,10.663740158081055,29.940500259399414
395,132,1,False,30.840737578284426,20.120996326511218,4.619576454162598,18.921859741210938
395,120,2,False,0.0,0.0,,
395,10,2,False,0.0,0.0,,
395,134,2,False,0.0,0.0,,
396,1,2,False,17.415018007094478,36.1040741598339,18.931180953979492,42.77849197387695
396,6,1,False,12.354698890570079,33.96595598101771,13.595145225524902,53.9306640625
396,11,1,False,14.243948937823705,37.08565510834505,3.029783248901367,48.56904983520508
396,14,2,False,7.11560271668202,34.72502210633914,5.158262729644775,46.17026138305664
396,34,2,False,11.230514926984771,27.715547577865625,20.87748908996582,56.667301177978516
396,3,2,False,12.84222426564247,41.085332650131114,3.52663254737854,39.57005310058594
396,5,1,False,10.445717355631082,41.759350970572555,11.824546813964844,41.3795280456543
396,12,1,False,20.223474507420793,37.2567752231169,3.8533778190612793,37.74222946166992
396,13,2,False,0.0,0.0,,
396,7,2,True,13.582420763023435,22.20290491521516,18.161354064941406,34.460670471191406
396,156,2,False,0.0,0.0,,
396,8,2,False,19.14321195544978,26.722581388488646,12.521760940551758,26.64389991760254
396,22,1,False,10.869909102475043,8.098981336546679,23.25013542175293,44.24533462524414
396,15,1,False,17.131909454548147,35.90055906289567,10.717418670654297,29.42325210571289
396,132,1,False,30.840737578284426,20.120996326511218,4.578713893890381,18.26068115234375
396,120,2,False,0.0,0.0,,
396,10,2,False,0.0,0.0,,
396,134,2,False,0.0,0.0,,
396,142,1,False,0.0,0.0,,
397,1,2,False,17.415018007094478,36.1040741598339,18.793344497680664,43.1501350402832
397,6,1,False,12.354698890570079,33.96595598101771,13.627837181091309,53.80897903442383
397,11,1,False,14.243948937823705,37.08565510834505,3.0615625381469727,48.5088996887207
397,14,2,False,7.11560271668202,34.72502210633914,5.231645107269287,46.27433776855469
397,34,2,False,11.230514926984771,27.715547577865625,20.848934173583984,56.669124603271484
397,3,2,False,12.84222426564247,41.085332650131114,3.5178990364074707,39.676090240478516
397,5,1,False,10.445717355631082,41.759350970572555,11.826638221740723,41.4874153137207
397,12,1,False,20.223474507420793,37.2567752231169,3.797882080078125,37.641685485839844
397,13,2,False,0.0,0.0,,
397,7,2,True,13.582420763023435,22.20290491521516,18.097537994384766,34.462860107421875
397,156,2,False,0.0,0.0,,
397,8,2,False,19.14321195544978,26.722581388488646,12.523621559143066,26.520469665527344
397,22,1,False,10.869909102475043,8.098981336546679,23.189449310302734,44.340431213378906
397,15,1,False,17.131909454548147,35.90055906289567,10.679351806640625,29.4312686920166
397,132,1,False,30.840737578284426,20.120996326511218,4.513152599334717,17.782123565673828
397,120,2,False,0.0,0.0,,
397,10,2,False,0.0,0.0,,
397,134,2,False,0.0,0.0,,
397,142,1,False,0.0,0.0,,
398,1,2,False,17.415018007094478,36.1040741598339,18.60881805419922,42.658851623535156
398,6,1,False,12.354698890570079,33.96595598101771,13.442170143127441,53.72309494018555
398,11,1,False,14.243948937823705,37.08565510834505,2.879729747772217,48.344364166259766
398,14,2,False,7.11560271668202,34.72502210633914,5.042710304260254,46.260128021240234
398,34,2,False,11.230514926984771,27.715547577865625,20.61393928527832,56.57551193237305
398,3,2,False,12.84222426564247,41.085332650131114,3.2216415405273438,39.647274017333984
398,5,1,False,10.445717355631082,41.759350970572555,11.616606712341309,41.474300384521484
398,12,1,False,20.223474507420793,37.2567752231169,3.469660520553589,37.60901641845703
398,13,2,False,0.0,0.0,,
398,7,2,True,13.582420763023435,22.20290491521516,17.906457901000977,34.34107208251953
398,156,2,False,0.0,0.0,,
398,8,2,False,19.14321195544978,26.722581388488646,12.201045989990234,26.36217498779297
398,22,1,False,10.869909102475043,8.098981336546679,22.95081901550293,44.32163619995117
398,15,1,False,17.131909454548147,35.90055906289567,10.393916130065918,29.286062240600586
398,132,1,False,30.840737578284426,20.120996326511218,4.099062919616699,17.593544006347656
398,120,2,False,0.0,0.0,,
398,10,2,False,0.0,0.0,,
398,134,2,False,0.0,0.0,,
398,142,1,False,0.0,0.0,22.928922653198242,4.940918445587158
398,19,1,False,0.0,0.0,18.229833602905273,43.54827117919922
399,1,2,False,17.415018007094478,36.1040741598339,18.768028259277344,42.636714935302734
399,6,1,False,12.354698890570079,33.96595598101771,13.590986251831055,53.7158317565918
399,11,1,False,14.243948937823705,37.08565510834505,3.008819103240967,48.47911834716797
399,14,2,False,7.11560271668202,34.72502210633914,5.192273139953613,46.48783493041992
399,34,2,False,11.230514926984771,27.715547577865625,20.764972686767578,56.57032012939453
399,3,2,False,12.84222426564247,41.085332650131114,3.389739751815796,39.62709045410156
399,5,1,False,10.445717355631082,41.759350970572555,11.770590782165527,41.64417266845703
399,12,1,False,20.223474507420793,37.2567752231169,3.6193182468414307,37.58229064941406
399,13,2,False,0.0,0.0,,
399,7,2,True,13.582420763023435,22.20290491521516,18.18558120727539,34.3272705078125
399,156,2,False,0.0,0.0,,
399,8,2,False,19.14321195544978,26.722581388488646,12.343888282775879,26.452728271484375
399,22,1,False,10.869909102475043,8.098981336546679,23.107463836669922,44.49043655395508
399,15,1,False,17.131909454548147,35.90055906289567,10.559086799621582,29.376081466674805
399,132,1,False,30.840737578284426,20.120996326511218,4.199041843414307,17.687091827392578
399,120,2,False,0.0,0.0,,
399,10,2,False,0.0,0.0,,
399,134,2,False,0.0,0.0,,
399,142,1,False,0.0,0.0,23.066158294677734,5.067329406738281
399,19,1,False,0.0,0.0,18.19188117980957,43.77456283569336
400,1,2,False,2.5903741667284734,36.25398007226032,18.188634872436523,42.412269592285156
400,6,1,False,2.400292504975097,34.10486179727784,13.111162185668945,53.60877227783203
400,11,1,False,6.011264065480803,37.433529186208524,2.468787431716919,48.28559494018555
400,14,2,False,12.019610281412016,35.42060140503197,4.691956996917725,46.537017822265625
400,34,2,False,3.3303428488389564,27.90827575198825,20.27362060546875,56.4610710144043
400,3,2,False,9.43776147646651,41.631499402241445,2.779940128326416,39.78355026245117
400,5,1,False,10.373340524611473,42.35966002870979,11.204717636108398,41.711360931396484
400,12,1,False,1.6539767605933287,37.35249147083642,2.943100929260254,37.53977584838867
400,13,2,False,0.0,0.0,,
400,7,2,True,13.75166586138177,22.998718911822902,17.5732479095459,34.193359375
400,156,2,False,0.0,0.0,,
400,8,2,False,13.158783826979356,27.48408508217958,11.616957664489746,26.43778419494629
400,22,1,False,15.881724234315149,9.018062600106584,22.51120376586914,44.549705505371094
400,15,1,False,6.430349888368221,36.2726857925466,9.862468719482422,29.35663604736328
400,132,1,False,13.072504110809053,20.877506981071928,3.344217300415039,17.673322677612305
400,120,2,False,0.0,0.0,,
400,10,2,False,0.0,0.0,,
400,134,2,False,0.0,0.0,,
400,142,1,False,9.346867341460667,0.5409066748530479,22.049755096435547,5.0863356590271
400,19,1,False,6.96740584770272,6.744722258259778,17.458206176757812,43.900360107421875
401,1,2,False,2.5903741667284734,36.25398007226032,18.40810203552246,42.399688720703125
401,6,1,False,2.400292504975097,34.10486179727784,13.309840202331543,53.610198974609375
401,11,1,False,6.011264065480803,37.433529186208524,2.667919635772705,48.28293228149414
401,14,2,False,12.019610281412016,35.42060140503197,4.939786911010742,46.620506286621094
401,34,2,False,3.3303428488389564,27.90827575198825,20.47398567199707,56.464561462402344
401,3,2,False,9.43776147646651,41.631499402241445,3.028247594833374,39.77719497680664
401,5,1,False,10.373340524611473,42.35966002870979,11.50890064239502,41.90641403198242
401,12,1,False,1.6539767605933287,37.35249147083642,3.1524627208709717,37.52265548706055
401,13,2,False,0.0,0.0,,
401,7,2,True,13.75166586138177,22.998718911822902,17.898067474365234,34.305809020996094
401,156,2,False,0.0,0.0,,
401,8,2,False,13.158783826979356,27.48408508217958,11.8862886428833,26.54799461364746
401,22,1,False,15.881724234315149,9.018062600106584,22.72744369506836,44.72711944580078
401,15,1,False,6.430349888368221,36.2726857925466,10.159092903137207,29.33830451965332
401,132,1,False,13.072504110809053,20.877506981071928,3.579387903213501,17.94870376586914
401,120,2,False,0.0,0.0,,
401,10,2,False,0.0,0.0,,
401,134,2,False,0.0,0.0,,
401,142,1,False,9.346867341460667,0.5409066748530479,22.313858032226562,5.228835105895996
401,19,1,False,6.96740584770272,6.744722258259778,17.58574104309082,43.966758728027344
402,1,2,False,2.5903741667284734,36.25398007226032,18.760726928710938,41.836177825927734
402,6,1,False,2.400292504975097,34.10486179727784,13.597391128540039,53.1583137512207
402,11,1,False,6.011264065480803,37.433529186208524,2.9159772396087646,47.77223587036133
402,14,2,False,12.019610281412016,35.42060140503197,5.258778095245361,46.085182189941406
402,34,2,False,3.3303428488389564,27.90827575198825,20.795732498168945,56.040496826171875
402,3,2,False,9.43776147646651,41.631499402241445,3.290281295776367,39.208011627197266
402,5,1,False,10.373340524611473,42.35966002870979,11.912272453308105,41.36869430541992
402,12,1,False,1.6539767605933287,37.35249147083642,3.376089096069336,36.69891357421875
402,13,2,False,0.0,0.0,,
402,7,2,False,13.75166586138177,22.998718911822902,18.40968132019043,33.50430679321289
402,156,2,False,0.0,0.0,,
402,8,2,False,13.158783826979356,27.48408508217958,12.323139190673828,25.726757049560547
402,22,1,False,15.881724234315149,9.018062600106584,23.1802978515625,44.20591735839844
402,15,1,False,6.430349888368221,36.2726857925466,10.557364463806152,28.308855056762695
402,132,1,False,13.072504110809053,20.877506981071928,3.866776943206787,16.95541000366211
402,120,2,False,0.0,0.0,,
402,10,2,False,0.0,0.0,,
402,134,2,False,0.0,0.0,,
402,142,1,False,9.346867341460667,0.5409066748530479,22.977684020996094,3.4427475929260254
402,19,1,False,6.96740584770272,6.744722258259778,17.831279754638672,43.413002014160156
403,1,2,False,2.5903741667284734,36.25398007226032,18.59857177734375,42.32234573364258
403,6,1,False,2.400292504975097,34.10486179727784,13.481038093566895,53.56483459472656
403,11,1,False,6.011264065480803,37.433529186208524,2.9115476608276367,48.24310302734375
403,14,2,False,12.019610281412016,35.42060140503197,5.259664058685303,46.50847244262695
403,34,2,False,3.3303428488389564,27.90827575198825,20.614269256591797,56.4821662902832
403,3,2,False,9.43776147646651,41.631499402241445,3.2595396041870117,39.805511474609375
403,5,1,False,10.373340524611473,42.35966002870979,11.834447860717773,41.95226287841797
403,12,1,False,1.6539767605933287,37.35249147083642,3.297001361846924,37.43168258666992
403,13,2,False,0.0,0.0,,
403,7,2,False,13.75166586138177,22.998718911822902,18.314542770385742,34.24197769165039
403,156,2,False,0.0,0.0,,
403,8,2,False,13.158783826979356,27.48408508217958,12.183806419372559,26.71770668029785
403,22,1,False,15.881724234315149,9.018062600106584,22.938222885131836,44.93998718261719
403,15,1,False,6.430349888368221,36.2726857925466,10.452503204345703,29.110315322875977
403,132,1,False,13.072504110809053,20.877506981071928,3.8208181858062744,17.965068817138672
403,120,2,False,0.0,0.0,,
403,10,2,False,0.0,0.0,,
403,134,2,False,0.0,0.0,,
403,142,1,False,9.346867341460667,0.5409066748530479,22.68747329711914,4.584079742431641
403,19,1,False,6.96740584770272,6.744722258259778,17.552034378051758,44.0400505065918
404,1,2,False,2.5903741667284734,36.25398007226032,18.42403793334961,42.22052001953125
404,6,1,False,2.400292504975097,34.10486179727784,13.323519706726074,53.41712951660156
404,11,1,False,6.011264065480803,37.433529186208524,2.788951873779297,48.16618347167969
404,14,2,False,12.019610281412016,35.42060140503197,5.174245357513428,46.515533447265625
404,34,2,False,3.3303428488389564,27.90827575198825,20.454566955566406,56.47004318237305
404,3,2,False,9.43776147646651,41.631499402241445,3.1217918395996094,39.807899475097656
404,5,1,False,10.373340524611473,42.35966002870979,11.713889122009277,41.766658782958984
404,12,1,False,1.6539767605933287,37.35249147083642,3.1067638397216797,37.22148132324219
404,13,2,False,0.0,0.0,,
404,7,2,False,13.75166586138177,22.998718911822902,18.20309829711914,34.256813049316406
404,156,2,False,0.0,0.0,,
404,8,2,False,13.158783826979356,27.48408508217958,12.025732040405273,26.59156608581543
404,22,1,False,15.881724234315149,9.018062600106584,22.766860961914062,45.02877426147461
404,15,1,False,6.430349888368221,36.2726857925466,10.234216690063477,29.109888076782227
404,132,1,False,13.072504110809053,20.877506981071928,3.5240118503570557,17.962343215942383
404,120,2,False,0.0,0.0,,
404,10,2,False,0.0,0.0,,
404,134,2,False,0.0,0.0,,
404,142,1,False,9.346867341460667,0.5409066748530479,22.356647491455078,4.3733906745910645
404,19,1,False,6.96740584770272,6.744722258259778,17.33082389831543,43.839622497558594
405,1,2,False,17.185403409874624,37.24850573255399,18.31589126586914,42.49150085449219
405,6,1,False,15.975163954620882,35.02935045205914,13.250048637390137,53.60645294189453
405,11,1,False,16.259577240747934,38.37447694319625,2.7695260047912598,48.460445404052734
405,14,2,False,9.424989949487976,35.96602906414586,5.308629512786865,46.858802795410156
405,34,2,False,13.317359727112885,28.678956291751728,20.34054183959961,56.641807556152344
405,3,2,False,15.913452781141421,42.5524168085575,3.143298625946045,40.19131088256836
405,5,1,False,7.90862796591962,42.817335258219025,11.701913833618164,42.04776382446289
405,12,1,False,14.745582823120616,38.20582381013738,3.034986972808838,37.512969970703125
405,13,2,False,0.0,0.0,,
405,7,2,False,13.68229433092196,23.790518352269775,18.166141510009766,34.724205017089844
405,156,2,False,0.0,0.0,,
405,8,2,False,24.02826914881019,28.87460991718017,11.94179630279541,27.126527786254883
405,22,1,False,11.271961569690273,9.67037519094514,22.618213653564453,45.4625358581543
405,15,1,False,20.991596994326855,37.487477285273854,10.137332916259766,29.60749053955078
405,132,1,False,34.830714717981394,22.893173342066223,3.4320361614227295,18.424718856811523
405,120,2,False,0.0,0.0,,
405,10,2,False,0.0,0.0,,
405,134,2,False,0.0,0.0,,
405,142,1,False,41.33329508214826,2.9328797698847757,22.208511352539062,4.56925106048584
405,19,1,False,28.151818079641526,8.373878397127923,17.093589782714844,44.07249450683594
406,1,2,False,17.185403409874624,37.24850573255399,18.199892044067383,42.251380920410156
406,6,1,False,15.975163954620882,35.02935045205914,13.14123821258545,53.43230438232422
406,11,1,False,16.259577240747934,38.37447694319625,2.670427083969116,48.27394485473633
406,14,2,False,9.424989949487976,35.96602906414586,5.291662216186523,46.83647537231445
406,34,2,False,13.317359727112885,28.678956291751728,20.232444763183594,56.540130615234375
406,3,2,False,15.913452781141421,42.5524168085575,3.0105626583099365,40.04893493652344
406,5,1,False,7.90862796591962,42.817335258219025,11.685237884521484,42.02190017700195
406,12,1,False,14.745582823120616,38.20582381013738,2.8747739791870117,37.45941162109375
406,13,2,False,0.0,0.0,,
406,7,2,False,13.68229433092196,23.790518352269775,18.145132064819336,34.57313919067383
406,156,2,False,0.0,0.0,,
406,8,2,False,24.02826914881019,28.87460991718017,11.837932586669922,26.799768447875977
406,22,1,False,11.271961569690273,9.67037519094514,22.513904571533203,45.42112731933594
406,15,1,False,20.991596994326855,37.487477285273854,9.977816581726074,29.290435791015625
406,132,1,False,34.830714717981394,22.893173342066223,3.2598471641540527,18.036684036254883
406,120,2,False,0.0,0.0,,
406,10,2,False,0.0,0.0,,
406,134,2,False,0.0,0.0,,
406,142,1,False,41.33329508214826,2.9328797698847757,22.013187408447266,4.0350165367126465
406,19,1,False,28.151818079641526,8.373878397127923,16.863513946533203,43.82183074951172
407,1,2,False,17.185403409874624,37.24850573255399,17.997106552124023,42.10528564453125
407,6,1,False,15.975163954620882,35.02935045205914,12.917372703552246,53.381614685058594
407,11,1,False,16.259577240747934,38.37447694319625,2.4979116916656494,48.23284912109375
407,14,2,False,9.424989949487976,35.96602906414586,5.155092239379883,46.801902770996094
407,34,2,False,13.317359727112885,28.678956291751728,20.051313400268555,56.4977912902832
407,3,2,False,15.913452781141421,42.5524168085575,2.7759134769439697,40.46894836425781
407,5,1,False,7.90862796591962,42.817335258219025,11.515266418457031,42.169681549072266
407,12,1,False,14.745582823120616,38.20582381013738,2.6758921146392822,37.615665435791016
407,13,2,False,0.0,0.0,,
407,7,2,False,13.68229433092196,23.790518352269775,17.97303009033203,34.41025924682617
407,156,2,False,0.0,0.0,,
407,8,2,False,24.02826914881019,28.87460991718017,11.587750434875488,26.60285758972168
407,22,1,False,11.271961569690273,9.67037519094514,22.296890258789062,45.4629020690918
407,15,1,False,20.991596994326855,37.487477285273854,9.740996360778809,29.364290237426758
407,132,1,False,34.830714717981394,22.893173342066223,2.9472572803497314,17.805625915527344
407,120,2,False,0.0,0.0,,
407,10,2,False,0.0,0.0,,
407,134,2,False,0.0,0.0,,
407,142,1,False,41.33329508214826,2.9328797698847757,21.640623092651367,3.7264909744262695
407,19,1,False,28.151818079641526,8.373878397127923,16.533710479736328,43.750694274902344
408,1,2,False,17.185403409874624,37.24850573255399,17.472055435180664,42.053585052490234
408,6,1,False,15.975163954620882,35.02935045205914,12.445113182067871,53.32162857055664
408,11,1,False,16.259577240747934,38.37447694319625,2.093663215637207,48.114864349365234
408,14,2,False,9.424989949487976,35.96602906414586,4.756711006164551,46.84230041503906
408,34,2,False,13.317359727112885,28.678956291751728,19.602535247802734,56.440189361572266
408,3,2,False,15.913452781141421,42.5524168085575,2.2750589847564697,40.1363525390625
408,5,1,False,7.90862796591962,42.817335258219025,11.069637298583984,42.412437438964844
408,12,1,False,14.745582823120616,38.20582381013738,2.0949220657348633,37.758209228515625
408,13,2,False,0.0,0.0,,
408,7,2,False,13.68229433092196,23.790518352269775,17.44576644897461,34.370872497558594
408,156,2,False,0.0,0.0,,
408,8,2,False,24.02826914881019,28.87460991718017,10.945446014404297,26.555269241333008
408,22,1,False,11.271961569690273,9.67037519094514,21.8065242767334,45.41373062133789
408,15,1,False,20.991596994326855,37.487477285273854,9.150426864624023,29.319801330566406
408,132,1,False,34.830714717981394,22.893173342066223,2.2657430171966553,17.60397720336914
408,120,2,False,0.0,0.0,,
408,10,2,False,0.0,0.0,,
408,134,2,False,0.0,0.0,,
408,142,1,False,41.33329508214826,2.9328797698847757,20.730443954467773,3.9163246154785156
408,19,1,False,28.151818079641526,8.373878397127923,15.865290641784668,43.669490814208984
409,1,2,False,17.185403409874624,37.24850573255399,18.048416137695312,42.160797119140625
409,6,1,False,15.975163954620882,35.02935045205914,12.88503360748291,53.40757369995117
409,11,1,False,16.259577240747934,38.37447694319625,2.629284143447876,48.217987060546875
409,14,2,False,9.424989949487976,35.96602906414586,5.331972122192383,46.8726692199707
409,34,2,False,13.317359727112885,28.678956291751728,20.110021591186523,56.474586486816406
409,3,2,False,15.913452781141421,42.5524168085575,2.8757259845733643,40.15350341796875
409,5,1,False,7.90862796591962,42.817335258219025,11.69824504852295,42.71680450439453
409,12,1,False,14.745582823120616,38.20582381013738,2.671396493911743,38.06603240966797
409,13,2,False,0.0,0.0,,
409,7,2,False,13.68229433092196,23.790518352269775,18.137035369873047,34.61439895629883
409,156,2,False,0.0,0.0,,
409,8,2,False,24.02826914881019,28.87460991718017,11.652935981750488,26.679210662841797
409,22,1,False,11.271961569690273,9.67037519094514,22.389638900756836,45.52323532104492
409,15,1,False,20.991596994326855,37.487477285273854,9.8676118850708,29.3177433013916
409,132,1,False,34.830714717981394,22.893173342066223,2.9933114051818848,17.72747230529785
409,120,2,False,0.0,0.0,,
409,10,2,False,0.0,0.0,,
409,134,2,False,0.0,0.0,,
409,142,1,False,41.33329508214826,2.9328797698847757,21.608633041381836,3.828191041946411
409,19,1,False,28.151818079641526,8.373878397127923,16.2894287109375,43.74940490722656
410,1,2,False,12.974412055403674,37.999339763537996,17.657487869262695,41.746124267578125
410,6,1,False,9.214174462650474,35.56257814086993,12.482701301574707,53.09083938598633
410,11,1,False,13.658861180763976,39.16492029856454,2.188969373703003,47.719947814941406
410,14,2,False,23.66405907716747,37.33547692740786,4.955642223358154,46.44300079345703
410,34,2,False,4.1656133423462895,28.920021878693063,19.83365821838379,56.061275482177734
410,3,2,False,16.90791871769979,43.53088432694291,2.4061365127563477,39.63933181762695
410,5,1,False,22.58111648324823,44.124112832481075,11.337289810180664,42.324378967285156
410,12,1,False,21.426336331940867,39.44577382934692,2.189377784729004,37.62751770019531
410,13,2,False,0.0,0.0,,
410,7,2,False,26.55226108823057,25.327107535616452,17.80523681640625,34.019439697265625
410,156,2,False,0.0,0.0,,
410,8,2,False,27.487487335503843,30.46532098983664,11.168777465820312,25.970672607421875
410,22,1,False,23.894997124035307,11.053187524511998,22.051517486572266,45.13947677612305
410,15,1,False,23.259176612677074,38.83349445035933,9.388809204101562,28.65070915222168
410,132,1,False,26.313120928329127,24.415923395788973,2.348276138305664,16.725196838378906
410,120,2,False,0.0,0.0,,
410,10,2,False,0.0,0.0,,
410,134,2,False,0.0,0.0,,
410,142,1,False,20.867462501161338,4.140487553516797,21.034629821777344,2.485135555267334
410,19,1,False,18.943610670215115,9.470152162765372,15.612883567810059,43.39303970336914
411,1,2,False,12.974412055403674,37.999339763537996,17.96161651611328,42.18109130859375
411,6,1,False,9.214174462650474,35.56257814086993,12.698022842407227,53.53335189819336
411,11,1,False,13.658861180763976,39.16492029856454,2.5399529933929443,48.15354537963867
411,14,2,False,23.66405907716747,37.33547692740786,5.366127014160156,46.82878875732422
411,34,2,False,4.1656133423462895,28.920021878693063,20.05605125427246,56.42290496826172
411,3,2,False,16.90791871769979,43.53088432694291,2.752885341644287,40.070953369140625
411,5,1,False,22.58111648324823,44.124112832481075,11.686649322509766,42.934818267822266
411,12,1,False,21.426336331940867,39.44577382934692,2.506934881210327,38.570945739746094
411,13,2,False,0.0,0.0,,
411,7,2,False,26.55226108823057,25.327107535616452,18.123001098632812,34.77435302734375
411,156,2,False,0.0,0.0,,
411,8,2,False,27.487487335503843,30.46532098983664,11.569178581237793,26.854175567626953
411,22,1,False,23.894997124035307,11.053187524511998,22.25530242919922,45.71537399291992
411,15,1,False,23.259176612677074,38.83349445035933,9.746880531311035,29.344430923461914
411,132,1,False,26.313120928329127,24.415923395788973,2.834203004837036,17.760766983032227
411,120,2,False,0.0,0.0,,
411,10,2,False,0.0,0.0,,
411,134,2,False,0.0,0.0,,
411,142,1,False,20.867462501161338,4.140487553516797,21.295642852783203,3.8639914989471436
411,19,1,False,18.943610670215115,9.470152162765372,15.811655044555664,43.881046295166016
412,1,2,False,12.974412055403674,37.999339763537996,18.120357513427734,42.23341751098633
412,6,1,False,9.214174462650474,35.56257814086993,12.762781143188477,53.63002395629883
412,11,1,False,13.658861180763976,39.16492029856454,2.680669069290161,48.198143005371094
412,14,2,False,23.66405907716747,37.33547692740786,5.635108947753906,46.8984260559082
412,34,2,False,4.1656133423462895,28.920021878693063,20.16517448425293,56.39418411254883
412,3,2,False,16.90791871769979,43.53088432694291,2.956214666366577,40.13085174560547
412,5,1,False,22.58111648324823,44.124112832481075,11.831111907958984,43.075965881347656
412,12,1,False,21.426336331940867,39.44577382934692,2.625908613204956,38.911537170410156
412,13,2,False,0.0,0.0,,
412,7,2,False,26.55226108823057,25.327107535616452,18.305910110473633,35.07096481323242
412,156,2,False,0.0,0.0,,
412,8,2,False,27.487487335503843,30.46532098983664,11.787660598754883,27.199560165405273
412,22,1,False,23.894997124035307,11.053187524511998,22.313495635986328,46.02063751220703
412,15,1,False,23.259176612677074,38.83349445035933,9.884624481201172,29.656705856323242
412,132,1,False,26.313120928329127,24.415923395788973,3.041274309158325,17.994810104370117
412,120,2,False,0.0,0.0,,
412,10,2,False,0.0,0.0,,
412,134,2,False,0.0,0.0,,
412,142,1,False,20.867462501161338,4.140487553516797,21.358060836791992,4.152875900268555
412,19,1,False,18.943610670215115,9.470152162765372,15.783451080322266,44.174049377441406
413,1,2,False,12.974412055403674,37.999339763537996,17.90943145751953,42.16896057128906
413,6,1,False,9.214174462650474,35.56257814086993,12.490216255187988,53.55956268310547
413,11,1,False,13.658861180763976,39.16492029856454,2.4745306968688965,48.139137268066406
413,14,2,False,23.66405907716747,37.33547692740786,5.586547374725342,46.947914123535156
413,34,2,False,4.1656133423462895,28.920021878693063,19.934206008911133,56.266605377197266
413,3,2,False,16.90791871769979,43.53088432694291,2.7470335960388184,40.0673713684082
413,5,1,False,22.58111648324823,44.124112832481075,11.627561569213867,43.198402404785156
413,12,1,False,21.426336331940867,39.44577382934692,2.3233749866485596,38.92841720581055
413,13,2,False,0.0,0.0,,
413,7,2,False,26.55226108823057,25.327107535616452,18.05376434326172,35.11279296875
413,156,2,False,0.0,0.0,,
413,8,2,False,27.487487335503843,30.46532098983664,11.525017738342285,27.255176544189453
413,22,1,False,23.894997124035307,11.053187524511998,22.019962310791016,46.03285217285156
413,15,1,False,23.259176612677074,38.83349445035933,9.589367866516113,29.57137680053711
413,132,1,False,26.313120928329127,24.415923395788973,2.7703468799591064,18.068246841430664
413,120,2,False,0.0,0.0,,
413,10,2,False,0.0,0.0,,
413,134,2,False,0.0,0.0,,
413,142,1,False,20.867462501161338,4.140487553516797,20.896047592163086,3.797125816345215
413,19,1,False,18.943610670215115,9.470152162765372,15.391366958618164,44.26044464111328
414,1,2,False,12.974412055403674,37.999339763537996,18.167024612426758,42.2419548034668
414,6,1,False,9.214174462650474,35.56257814086993,12.646963119506836,53.607704162597656
414,11,1,False,13.658861180763976,39.16492029856454,2.720811128616333,48.20576858520508
414,14,2,False,23.66405907716747,37.33547692740786,5.9791107177734375,47.201690673828125
414,34,2,False,4.1656133423462895,28.920021878693063,20.086219787597656,56.247703552246094
414,3,2,False,16.90791871769979,43.53088432694291,3.0922625064849854,40.25078582763672
414,5,1,False,22.58111648324823,44.124112832481075,11.91146469116211,43.36689376831055
414,12,1,False,21.426336331940867,39.44577382934692,2.580075979232788,38.90317153930664
414,13,2,False,0.0,0.0,,
414,7,2,False,26.55226108823057,25.327107535616452,18.343976974487305,35.4293327331543
414,156,2,False,0.0,0.0,,
414,8,2,False,27.487487335503843,30.46532098983664,11.884252548217773,27.35308265686035
414,22,1,False,23.894997124035307,11.053187524511998,22.174802780151367,46.26566696166992
414,15,1,False,23.259176612677074,38.83349445035933,9.875094413757324,29.78326988220215
414,132,1,False,26.313120928329127,24.415923395788973,3.1301321983337402,18.17034149169922
414,120,2,False,0.0,0.0,,
414,10,2,False,0.0,0.0,,
414,134,2,False,0.0,0.0,,
414,142,1,False,20.867462501161338,4.140487553516797,21.251523971557617,3.6844899654388428
414,19,1,False,18.943610670215115,9.470152162765372,15.474991798400879,44.48203659057617
415,1,2,False,0.4099438807795245,38.02306336774978,18.213693618774414,42.250492095947266
415,6,1,False,1.5716029282565303,35.6535273844033,12.62766170501709,53.60398483276367
415,11,1,False,6.78259561109274,39.557431618650924,2.741814374923706,48.28489303588867
415,14,2,False,9.72640330924088,37.89834748928523,6.082496643066406,47.221195220947266
415,34,2,False,1.1415890049233117,28.986086057218717,20.046619415283203,56.17423629760742
415,3,2,False,5.114702136754639,43.82687403393103,3.1599130630493164,40.263206481933594
415,5,1,False,6.0131729633864595,44.472097378973345,11.967950820922852,43.468902587890625
415,12,1,False,2.5574835273090786,39.593776348288415,2.578798532485962,38.80472946166992
415,13,2,False,0.0,0.0,,
415,7,2,False,8.730264520699345,25.832331176860627,18.394916534423828,35.438377380371094
415,156,2,False,0.0,0.0,,
415,8,2,False,9.345331839329543,31.006138804612657,11.938962936401367,27.362497329711914
415,22,1,False,9.163432729918819,11.583478770456374,22.104278564453125,46.52128219604492
415,15,1,False,4.072142886978314,39.06915086742983,9.865592956542969,29.909454345703125
415,132,1,False,4.633570461404268,24.684069834527644,3.158808469772339,18.014307022094727
415,120,2,False,0.0,0.0,,
415,10,2,False,0.0,0.0,,
415,134,2,False,0.0,0.0,,
415,142,1,False,11.723611760138855,4.818937308154462,21.21588706970215,3.679062843322754
415,19,1,False,1.9666816471609936,9.583964758087188,15.38544750213623,44.46546173095703
416,1,2,False,0.4099438807795245,38.02306336774978,18.213693618774414,42.250492095947266
416,6,1,False,1.5716029282565303,35.6535273844033,12.589061737060547,53.5965461730957
416,11,1,False,6.78259561109274,39.557431618650924,2.8211774826049805,48.224830627441406
416,14,2,False,9.72640330924088,37.89834748928523,6.203448295593262,47.3231315612793
416,34,2,False,1.1415890049233117,28.986086057218717,20.008275985717773,56.166812896728516
416,3,2,False,5.114702136754639,43.82687403393103,3.2054643630981445,40.366302490234375
416,5,1,False,6.0131729633864595,44.472097378973345,12.03508472442627,43.48130798339844
416,12,1,False,2.5574835273090786,39.593776348288415,2.580075979232788,38.90317153930664
416,13,2,False,0.0,0.0,,
416,7,2,True,8.730264520699345,25.832331176860627,18.471332550048828,35.45194625854492
416,156,2,False,0.0,0.0,,
416,8,2,False,9.345331839329543,31.006138804612657,11.938962936401367,27.362497329711914
416,22,1,False,9.163432729918819,11.583478770456374,22.057559967041016,46.690616607666016
416,15,1,False,4.072142886978314,39.06915086742983,9.882451057434082,30.039854049682617
416,132,1,False,4.633570461404268,24.684069834527644,3.158808469772339,18.014307022094727
416,120,2,False,0.0,0.0,,
416,10,2,False,0.0,0.0,,
416,134,2,False,0.0,0.0,,
416,142,1,False,11.723611760138855,4.818937308154462,21.144845962524414,3.8947348594665527
416,19,1,False,1.9666816471609936,9.583964758087188,15.325729370117188,44.54507064819336
417,1,2,False,0.4099438807795245,38.02306336774978,18.213693618774414,42.250492095947266
417,6,1,False,1.5716029282565303,35.6535273844033,12.569762229919434,53.59282684326172
417,11,1,False,6.78259561109274,39.557431618650924,2.921560049057007,48.243896484375
417,14,2,False,9.72640330924088,37.89834748928523,6.327411651611328,47.34652328491211
417,34,2,False,1.1415890049233117,28.986086057218717,20.008275985717773,56.166812896728516
417,3,2,False,5.114702136754639,43.82687403393103,3.2726798057556152,40.283905029296875
417,5,1,False,6.0131729633864595,44.472097378973345,12.102225303649902,43.493717193603516
417,12,1,False,2.5574835273090786,39.593776348288415,2.6017446517944336,38.80891799926758
417,13,2,False,0.0,0.0,,
417,7,2,True,8.730264520699345,25.832331176860627,18.543895721435547,35.34794235229492
417,156,2,False,0.0,0.0,,
417,8,2,False,9.345331839329543,31.006138804612657,11.99367904663086,27.37191390991211
417,22,1,False,9.163432729918819,11.583478770456374,22.055583953857422,46.86738204956055
417,15,1,False,4.072142886978314,39.06915086742983,9.899259567260742,30.16986846923828
417,132,1,False,4.633570461404268,24.684069834527644,3.1875827312469482,17.857736587524414
417,120,2,False,0.0,0.0,,
417,10,2,False,0.0,0.0,,
417,134,2,False,0.0,0.0,,
417,142,1,False,11.723611760138855,4.818937308154462,21.109285354614258,3.889313220977783
417,19,1,False,1.9666816471609936,9.583964758087188,15.281022071838379,44.53679275512695
418,1,2,False,0.4099438807795245,38.02306336774978,18.190357208251953,42.24622344970703
418,6,1,False,1.5716029282565303,35.6535273844033,12.550463676452637,53.589107513427734
418,11,1,False,6.78259561109274,39.557431618650924,3.0018773078918457,48.259151458740234
418,14,2,False,9.72640330924088,37.89834748928523,6.434136390686035,47.287532806396484
418,34,2,False,1.1415890049233117,28.986086057218717,20.009613037109375,56.23286819458008
418,3,2,False,5.114702136754639,43.82687403393103,3.2952356338500977,40.28804397583008
418,5,1,False,6.0131729633864595,44.472097378973345,12.169373512268066,43.506126403808594
418,12,1,False,2.5574835273090786,39.593776348288415,2.602991819381714,38.907352447509766
418,13,2,False,0.0,0.0,,
418,7,2,True,8.730264520699345,25.832331176860627,18.616674423217773,35.243629455566406
418,156,2,False,0.0,0.0,,
418,8,2,False,9.345331839329543,31.006138804612657,12.035196304321289,27.515562057495117
418,22,1,False,9.163432729918819,11.583478770456374,22.055583953857422,46.86738204956055
418,15,1,False,4.072142886978314,39.06915086742983,9.961451530456543,30.053638458251953
418,132,1,False,4.633570461404268,24.684069834527644,3.27636456489563,18.03380584716797
418,120,2,False,0.0,0.0,,
418,10,2,False,0.0,0.0,,
418,134,2,False,0.0,0.0,,
418,142,1,False,11.723611760138855,4.818937308154462,21.03860855102539,4.104114055633545
418,19,1,False,1.9666816471609936,9.583964758087188,15.25866985321045,44.53265380859375
419,1,2,False,0.4099438807795245,38.02306336774978,18.190357208251953,42.24622344970703
419,6,1,False,1.5716029282565303,35.6535273844033,12.550463676452637,53.589107513427734
419,11,1,False,6.78259561109274,39.557431618650924,3.061558723449707,48.195159912109375
419,14,2,False,9.72640330924088,37.89834748928523,6.516903877258301,47.30314636230469
419,34,2,False,1.1415890049233117,28.986086057218717,20.028762817382812,56.236576080322266
419,3,2,False,5.114702136754639,43.82687403393103,3.3854668140411377,40.30460739135742
419,5,1,False,6.0131729633864595,44.472097378973345,12.258914947509766,43.522674560546875
419,12,1,False,2.5574835273090786,39.593776348288415,2.6488261222839355,38.91572189331055
419,13,2,False,0.0,0.0,,
419,7,2,True,8.730264520699345,25.832331176860627,18.693336486816406,35.257225036621094
419,156,2,False,0.0,0.0,,
419,8,2,False,9.345331839329543,31.006138804612657,12.103866577148438,27.663476943969727
419,22,1,False,9.163432729918819,11.583478770456374,22.07682991027832,46.959571838378906
419,15,1,False,4.072142886978314,39.06915086742983,10.01412296295166,30.062829971313477
419,132,1,False,4.633570461404268,24.684069834527644,3.364546060562134,18.048431396484375
419,120,2,False,0.0,0.0,,
419,10,2,False,0.0,0.0,,
419,134,2,False,0.0,0.0,,
419,142,1,False,11.723611760138855,4.818937308154462,21.003631591796875,4.323455333709717
419,19,1,False,1.9666816471609936,9.583964758087188,15.27353572845459,44.44474792480469
420,1,2,False,3.2798341373086295,38.21286858402921,18.190357208251953,42.24622344970703
420,6,1,False,5.101078298461019,35.94872867482349,12.579668045043945,53.526729583740234
420,11,1,False,6.049808017870163,39.90753624931471,3.101252794265747,48.127193450927734
420,14,2,False,15.661897332336153,38.80470728861024,6.6447319984436035,47.247928619384766
420,34,2,False,7.447304054655421,29.417064301122387,20.047914505004883,56.24028778076172
420,3,2,False,8.04337103382546,44.29234689468481,3.45302152633667,40.222007751464844
420,5,1,False,8.6697424050968,44.973818582972,12.314847946166992,43.44141387939453
420,12,1,False,3.553469085718202,39.79941692037859,2.6717445850372314,38.91990661621094
420,13,2,False,0.0,0.0,,
420,7,2,True,15.846027117568923,26.749346635053275,18.817642211914062,35.16169357299805
420,156,2,False,0.0,0.0,,
420,8,2,False,6.321693105039271,31.371977525969097,12.226816177368164,27.820344924926758
420,22,1,False,14.97417688957808,12.450039933047698,22.098024368286133,47.051536560058594
420,15,1,False,8.033854673372971,39.53407301287966,10.040460586547852,30.067426681518555
420,132,1,False,6.18113095195766,25.041774172025193,3.4233407974243164,18.058183670043945
420,120,2,False,0.0,0.0,,
420,10,2,False,0.0,0.0,,
420,134,2,False,0.0,0.0,,
420,142,1,False,1.2381739526038287,4.890590893374591,21.003631591796875,4.323455333709717
420,19,1,False,3.2036784193834236,9.769362814764468,15.27353572845459,44.44474792480469
421,1,2,False,3.2798341373086295,38.21286858402921,18.077245712280273,42.213260650634766
421,6,1,False,5.101078298461019,35.94872867482349,12.5045747756958,53.50373840332031
421,11,1,False,6.049808017870163,39.90753624931471,3.041194438934326,48.030635833740234
421,14,2,False,15.661897332336153,38.80470728861024,6.64621114730835,47.23826217651367
421,34,2,False,7.447304054655421,29.417064301122387,19.973108291625977,56.151756286621094
421,3,2,False,8.04337103382546,44.29234689468481,3.363745927810669,40.19371795654297
421,5,1,False,8.6697424050968,44.973818582972,12.239015579223633,43.50754165649414
421,12,1,False,3.553469085718202,39.79941692037859,2.581045150756836,38.89106750488281
421,13,2,False,0.0,0.0,,
421,7,2,True,15.846027117568923,26.749346635053275,18.796070098876953,35.143123626708984
421,156,2,False,0.0,0.0,,
421,8,2,False,6.321693105039271,31.371977525969097,12.161443710327148,27.656383514404297
421,22,1,False,14.97417688957808,12.450039933047698,21.96792984008789,47.1041374206543
421,15,1,False,8.033854673372971,39.53407301287966,9.911274909973145,30.028947830200195
421,132,1,False,6.18113095195766,25.041774172025193,3.277754545211792,18.013866424560547
421,120,2,False,0.0,0.0,,
421,10,2,False,0.0,0.0,,
421,134,2,False,0.0,0.0,,
421,142,1,False,1.2381739526038287,4.890590893374591,20.797245025634766,4.263842582702637
421,19,1,False,3.2036784193834236,9.769362814764468,15.142210960388184,44.40907287597656
422,1,2,False,3.2798341373086295,38.21286858402921,18.237030029296875,42.2547607421875
422,6,1,False,5.101078298461019,35.94872867482349,12.646963119506836,53.607704162597656
422,11,1,False,6.049808017870163,39.90753624931471,3.2216649055480957,48.074363708496094
422,14,2,False,15.661897332336153,38.80470728861024,6.893442630767822,47.29483413696289
422,34,2,False,7.447304054655421,29.417064301122387,20.140092849731445,56.060302734375
422,3,2,False,8.04337103382546,44.29234689468481,3.5885345935821533,40.341880798339844
422,5,1,False,8.6697424050968,44.973818582972,12.460430145263672,43.55991744995117
422,12,1,False,3.553469085718202,39.79941692037859,2.7405049800872803,38.932456970214844
422,13,2,False,0.0,0.0,,
422,7,2,True,15.846027117568923,26.749346635053275,19.057497024536133,35.556034088134766
422,156,2,False,0.0,0.0,,
422,8,2,False,6.321693105039271,31.371977525969097,12.390294075012207,27.84853172302246
422,22,1,False,14.97417688957808,12.450039933047698,22.07280921936035,47.30960464477539
422,15,1,False,8.033854673372971,39.53407301287966,10.11948013305664,30.081214904785156
422,132,1,False,6.18113095195766,25.041774172025193,3.5703511238098145,18.082569122314453
422,120,2,False,0.0,0.0,,
422,10,2,False,0.0,0.0,,
422,134,2,False,0.0,0.0,,
422,142,1,False,1.2381739526038287,4.890590893374591,21.039047241210938,4.328867435455322
422,19,1,False,3.2036784193834236,9.769362814764468,15.28843879699707,44.35661315917969
423,1,2,False,3.2798341373086295,38.21286858402921,18.283702850341797,42.26329803466797
423,6,1,False,5.101078298461019,35.94872867482349,12.724172592163086,53.622581481933594
423,11,1,False,6.049808017870163,39.90753624931471,3.262314558029175,48.15776824951172
423,14,2,False,15.661897332336153,38.80470728861024,7.051016807556152,47.48307800292969
423,34,2,False,7.447304054655421,29.417064301122387,20.214723587036133,55.942134857177734
423,3,2,False,8.04337103382546,44.29234689468481,3.656238317489624,40.35430908203125
423,5,1,False,8.6697424050968,44.973818582972,12.617208480834961,43.588890075683594
423,12,1,False,3.553469085718202,39.79941692037859,2.7634265422821045,38.936641693115234
423,13,2,False,0.0,0.0,,
423,7,2,True,15.846027117568923,26.749346635053275,19.213409423828125,35.70033645629883
423,156,2,False,0.0,0.0,,
423,8,2,False,6.321693105039271,31.371977525969097,12.458246231079102,27.995540618896484
423,22,1,False,14.97417688957808,12.450039933047698,22.048749923706055,47.479217529296875
423,15,1,False,8.033854673372971,39.53407301287966,10.135942459106445,30.211193084716797
423,132,1,False,6.18113095195766,25.041774172025193,3.6879844665527344,18.102081298828125
423,120,2,False,0.0,0.0,,
423,10,2,False,0.0,0.0,,
423,134,2,False,0.0,0.0,,
423,142,1,False,1.2381739526038287,4.890590893374591,21.0740966796875,4.109530925750732
423,19,1,False,3.2036784193834236,9.769362814764468,15.30337905883789,44.26825714111328
424,1,2,False,3.2798341373086295,38.21286858402921,18.330381393432617,42.2718391418457
424,6,1,False,5.101078298461019,35.94872867482349,12.801392555236816,53.6374626159668
424,11,1,False,6.049808017870163,39.90753624931471,3.3428609371185303,48.173057556152344
424,14,2,False,15.661897332336153,38.80470728861024,7.187247276306152,47.666587829589844
424,34,2,False,7.447304054655421,29.417064301122387,20.291767120361328,55.957035064697266
424,3,2,False,8.04337103382546,44.29234689468481,3.7011847496032715,40.457332611083984
424,5,1,False,8.6697424050968,44.973818582972,12.729216575622559,43.60959243774414
424,12,1,False,3.553469085718202,39.79941692037859,2.786349296569824,38.940826416015625
424,13,2,False,0.0,0.0,,
424,7,2,False,15.846027117568923,26.749346635053275,19.318044662475586,35.83522415161133
424,156,2,False,0.0,0.0,,
424,8,2,False,6.321693105039271,31.371977525969097,12.512670516967773,28.00493049621582
424,22,1,False,14.97417688957808,12.450039933047698,22.068828582763672,47.65620803833008
424,15,1,False,8.033854673372971,39.53407301287966,10.178619384765625,30.345375061035156
424,132,1,False,6.18113095195766,25.041774172025193,3.746809244155884,18.11183738708496
424,120,2,False,0.0,0.0,,
424,10,2,False,0.0,0.0,,
424,134,2,False,0.0,0.0,,
424,142,1,False,1.2381739526038287,4.890590893374591,21.074462890625,4.334279537200928
424,19,1,False,3.2036784193834236,9.769362814764468,15.295891761779785,44.17552185058594
425,1,2,False,3.072556427169961,38.390678562453395,18.377063751220703,42.28038024902344
425,6,1,False,1.5162634969183901,36.03647540496923,12.869539260864258,53.58257293701172
425,11,1,False,3.973044211505962,40.137457789332416,3.42356538772583,48.26389694213867
425,14,2,False,6.396314911169881,39.17486440152516,7.322867393493652,47.84927749633789
425,34,2,False,7.499117067106078,29.85104098324658,20.388084411621094,55.97566223144531
425,3,2,False,2.5598199804212385,44.440484625033264,3.768533229827881,40.564231872558594
425,5,1,False,7.446513765921935,45.40475109257397,12.808220863342285,43.53255844116211
425,12,1,False,5.7612990845913,40.13282543221836,2.8331406116485596,39.047340393066406
425,13,2,False,0.0,0.0,,
425,7,2,False,5.955893255036698,27.09401638360864,19.41979217529297,35.853309631347656
425,156,2,False,0.0,0.0,,
425,8,2,False,4.63600699127384,31.64026496759374,12.539883613586426,28.009624481201172
425,22,1,False,13.278649920565414,13.218480321969308,22.087800979614258,47.91803741455078
425,15,1,False,2.8494611187413987,39.69897238317719,10.24740219116211,30.483753204345703
425,132,1,False,3.3096467410915955,25.233304654727252,3.776223659515381,18.116716384887695
425,120,2,False,0.0,0.0,,
425,10,2,False,0.0,0.0,,
425,134,2,False,0.0,0.0,,
425,142,1,False,12.546655847063334,5.616670514153719,21.074462890625,4.334279537200928
425,19,1,False,15.196220491724757,10.648773722850391,15.258504867553711,44.25996017456055
426,1,2,False,3.072556427169961,38.390678562453395,18.400405883789062,42.28464889526367
426,6,1,False,1.5162634969183901,36.03647540496923,12.899139404296875,53.520103454589844
426,11,1,False,3.973044211505962,40.137457789332416,3.564387083053589,48.36599349975586
426,14,2,False,6.396314911169881,39.17486440152516,7.425866603851318,47.86874008178711
426,34,2,False,7.499117067106078,29.85104098324658,20.484416961669922,55.994293212890625
426,3,2,False,2.5598199804212385,44.440484625033264,3.8582041263580322,40.67500305175781
426,5,1,False,7.446513765921935,45.40475109257397,12.897966384887695,43.549137115478516
426,12,1,False,5.7612990845913,40.13282543221836,2.8569467067718506,39.1494026184082
426,13,2,False,0.0,0.0,,
426,7,2,False,5.955893255036698,27.09401638360864,19.447803497314453,35.974266052246094
426,156,2,False,0.0,0.0,,
426,8,2,False,4.63600699127384,31.64026496759374,12.553170204162598,28.14680290222168
426,22,1,False,13.278649920565414,13.218480321969308,22.107664108276367,48.0928955078125
426,15,1,False,2.8494611187413987,39.69897238317719,10.299863815307617,30.492923736572266
426,132,1,False,3.3096467410915955,25.233304654727252,3.8644752502441406,18.13135528564453
426,120,2,False,0.0,0.0,,
426,10,2,False,0.0,0.0,,
426,134,2,False,0.0,0.0,,
426,142,1,False,12.546655847063334,5.616670514153719,21.074462890625,4.334279537200928
426,19,1,False,15.196220491724757,10.648773722850391,15.184020042419434,44.42817687988281
427,1,2,False,3.072556427169961,38.390678562453395,18.400405883789062,42.28464889526367
427,6,1,False,1.5162634969183901,36.03647540496923,12.937843322753906,53.52756118774414
427,11,1,False,3.973044211505962,40.137457789332416,3.624685764312744,48.37744903564453
427,14,2,False,6.396314911169881,39.17486440152516,7.570093631744385,47.895992279052734
427,34,2,False,7.499117067106078,29.85104098324658,20.560741424560547,55.94252014160156
427,3,2,False,2.5598199804212385,44.440484625033264,3.925194263458252,40.781375885009766
427,5,1,False,7.446513765921935,45.40475109257397,12.96528434753418,43.56157302856445
427,12,1,False,5.7612990845913,40.13282543221836,2.8806915283203125,39.25120162963867
427,13,2,False,0.0,0.0,,
427,7,2,False,5.955893255036698,27.09401638360864,19.547000885009766,35.87592315673828
427,156,2,False,0.0,0.0,,
427,8,2,False,4.63600699127384,31.64026496759374,12.62153148651123,28.023712158203125
427,22,1,False,13.278649920565414,13.218480321969308,22.08378028869629,48.25874710083008
427,15,1,False,2.8494611187413987,39.69897238317719,10.342182159423828,30.62631607055664
427,132,1,False,3.3096467410915955,25.233304654727252,3.9239439964294434,17.97978401184082
427,120,2,False,0.0,0.0,,
427,10,2,False,0.0,0.0,,
427,134,2,False,0.0,0.0,,
427,142,1,False,12.546655847063334,5.616670514153719,21.0748291015625,4.558143615722656
427,19,1,False,15.196220491724757,10.648773722850391,15.146921157836914,44.511962890625
428,1,2,False,3.072556427169961,38.390678562453395,18.423748016357422,42.28892135620117
428,6,1,False,1.5162634969183901,36.03647540496923,12.98692798614502,53.46868896484375
428,11,1,False,3.973044211505962,40.137457789332416,3.684990406036377,48.38890075683594
428,14,2,False,6.396314911169881,39.17486440152516,7.677987575531006,47.837913513183594
428,34,2,False,7.499117067106078,29.85104098324658,20.6179256439209,55.88689422607422
428,3,2,False,2.5598199804212385,44.440484625033264,3.970121383666992,40.789634704589844
428,5,1,False,7.446513765921935,45.40475109257397,13.020530700683594,43.663429260253906
428,12,1,False,5.7612990845913,40.13282543221836,2.88156795501709,39.348567962646484
428,13,2,False,0.0,0.0,,
428,7,2,False,5.955893255036698,27.09401638360864,19.697467803955078,35.78633499145508
428,156,2,False,0.0,0.0,,
428,8,2,False,4.63600699127384,31.64026496759374,12.730412483215332,28.042495727539062
428,22,1,False,13.278649920565414,13.218480321969308,22.081785202026367,48.427860260009766
428,15,1,False,2.8494611187413987,39.69897238317719,10.394573211669922,30.635478973388672
428,132,1,False,3.3096467410915955,25.233304654727252,4.012365341186523,17.99443817138672
428,120,2,False,0.0,0.0,,
428,10,2,False,0.0,0.0,,
428,134,2,False,0.0,0.0,,
428,142,1,False,12.546655847063334,5.616670514153719,21.0748291015625,4.558143615722656
428,19,1,False,15.196220491724757,10.648773722850391,15.117588996887207,44.68714904785156
429,1,2,False,3.072556427169961,38.390678562453395,18.423748016357422,42.28892135620117
429,6,1,False,1.5162634969183901,36.03647540496923,13.034612655639648,53.54619598388672
429,11,1,False,3.973044211505962,40.137457789332416,3.7050931453704834,48.39271926879883
429,14,2,False,6.396314911169881,39.17486440152516,7.765491962432861,47.77578353881836
429,34,2,False,7.499117067106078,29.85104098324658,20.71332359313965,55.77152633666992
429,3,2,False,2.5598199804212385,44.440484625033264,4.015648365020752,40.703941345214844
429,5,1,False,7.446513765921935,45.40475109257397,13.063539505004883,43.85398864746094
429,12,1,False,5.7612990845913,40.13282543221836,2.88156795501709,39.348567962646484
429,13,2,False,0.0,0.0,,
429,7,2,False,5.955893255036698,27.09401638360864,19.77814483642578,36.033016204833984
429,156,2,False,0.0,0.0,,
429,8,2,False,4.63600699127384,31.64026496759374,12.852144241333008,28.19841766357422
429,22,1,False,13.278649920565414,13.218480321969308,22.144962310791016,48.608367919921875
429,15,1,False,2.8494611187413987,39.69897238317719,10.394573211669922,30.635478973388672
429,132,1,False,3.3096467410915955,25.233304654727252,4.041015625,18.1606388092041
429,120,2,False,0.0,0.0,,
429,10,2,False,0.0,0.0,,
429,134,2,False,0.0,0.0,,
429,142,1,False,12.546655847063334,5.616670514153719,21.1104736328125,4.786531448364258
429,19,1,False,15.196220491724757,10.648773722850391,15.029457092285156,44.940032958984375
430,1,2,False,2.257282791051628,38.521308353602215,18.199947357177734,42.26469039916992
430,6,1,False,7.011950445393253,36.44225957426282,12.946769714355469,53.54092025756836
430,11,1,False,7.403547614806302,40.56590383185593,3.555385112762451,48.45227813720703
430,14,2,False,14.746689323279117,40.02826077440011,7.656962871551514,47.68991470336914
430,34,2,False,10.96338821217001,30.48549631959901,20.661460876464844,55.638614654541016
430,3,2,False,6.16665516907624,44.79735124361407,3.8480722904205322,40.689205169677734
430,5,1,False,8.930311313876645,45.921551515830714,12.95012378692627,43.939456939697266
430,12,1,False,2.802012771120566,40.294978949065616,2.643540620803833,39.321590423583984
430,13,2,False,0.0,0.0,,
430,7,2,False,8.68048224266275,27.596359105984956,19.612682342529297,36.13895034790039
430,156,2,False,0.0,0.0,,
430,8,2,False,7.865015641373113,32.09541633572876,12.728824615478516,28.200096130371094
430,22,1,False,8.150007482379714,13.690124273495911,22.021860122680664,48.68364334106445
430,15,1,False,10.119324777054693,40.284581455923416,10.145448684692383,30.613357543945312
430,132,1,False,5.319769945545611,25.54116171176114,3.7919976711273193,18.30759620666504
430,120,2,False,0.0,0.0,,
430,10,2,False,0.0,0.0,,
430,134,2,False,0.0,0.0,,
430,142,1,False,2.2203119418123936,5.745160788564158,20.772350311279297,4.994521617889404
430,19,1,False,4.640747746716905,10.91733551374836,14.78095817565918,44.9984130859375
431,1,2,False,2.257282791051628,38.521308353602215,18.113859176635742,42.221553802490234
431,6,1,False,7.011950445393253,36.44225957426282,12.979533195495605,53.59634780883789
431,11,1,False,7.403547614806302,40.56590383185593,3.51682448387146,48.42396545410156
431,14,2,False,14.746689323279117,40.02826077440011,7.680643558502197,47.672325134277344
431,34,2,False,10.96338821217001,30.48549631959901,20.725868225097656,55.56480407714844
431,3,2,False,6.16665516907624,44.79735124361407,3.7824904918670654,40.65083312988281
431,5,1,False,8.930311313876645,45.921551515830714,12.96561050415039,44.007686614990234
431,12,1,False,2.802012771120566,40.294978949065616,2.532352924346924,39.371089935302734
431,13,2,False,0.0,0.0,,
431,7,2,False,8.68048224266275,27.596359105984956,19.572769165039062,36.214942932128906
431,156,2,False,0.0,0.0,,
431,8,2,False,7.865015641373113,32.09541633572876,12.693632125854492,28.290910720825195
431,22,1,False,8.150007482379714,13.690124273495911,22.007305145263672,48.74130630493164
431,15,1,False,10.119324777054693,40.284581455923416,10.061996459960938,30.689247131347656
431,132,1,False,5.319769945545611,25.54116171176114,3.73569917678833,18.25337028503418
431,120,2,False,0.0,0.0,,
431,10,2,False,0.0,0.0,,
431,134,2,False,0.0,0.0,,
431,142,1,False,2.2203119418123936,5.745160788564158,20.6439266204834,4.912915229797363
431,19,1,False,4.640747746716905,10.91733551374836,14.683979988098145,45.0445671081543
432,1,2,False,2.257282791051628,38.521308353602215,18.377063751220703,42.28038024902344
432,6,1,False,7.011950445393253,36.44225957426282,13.236900329589844,53.653350830078125
432,11,1,False,7.403547614806302,40.56590383185593,3.7651593685150146,48.47932434082031
432,14,2,False,14.746689323279117,40.02826077440011,8.018741607666016,47.744747161865234
432,34,2,False,10.96338821217001,30.48549631959901,21.06121826171875,55.63688659667969
432,3,2,False,6.16665516907624,44.79735124361407,4.0599846839904785,40.806156158447266
432,5,1,False,8.930311313876645,45.921551515830714,13.307104110717773,44.08076095581055
432,12,1,False,2.802012771120566,40.294978949065616,2.791341543197632,39.429012298583984
432,13,2,False,0.0,0.0,,
432,7,2,False,8.68048224266275,27.596359105984956,19.909072875976562,36.287357330322266
432,156,2,False,0.0,0.0,,
432,8,2,False,7.865015641373113,32.09541633572876,13.000677108764648,28.358579635620117
432,22,1,False,8.150007482379714,13.690124273495911,22.271636962890625,48.88362121582031
432,15,1,False,10.119324777054693,40.284581455923416,10.374214172363281,30.88279914855957
432,132,1,False,5.319769945545611,25.54116171176114,4.098032474517822,18.49138641357422
432,120,2,False,0.0,0.0,,
432,10,2,False,0.0,0.0,,
432,134,2,False,0.0,0.0,,
432,142,1,False,2.2203119418123936,5.745160788564158,21.005142211914062,4.992440223693848
432,19,1,False,4.640747746716905,10.91733551374836,14.875643730163574,45.178672790527344
433,1,2,False,2.257282791051628,38.521308353602215,18.18291664123535,42.19446563720703
433,6,1,False,7.011950445393253,36.44225957426282,13.111870765686035,53.594242095947266
433,11,1,False,7.403547614806302,40.56590383185593,3.6296870708465576,48.49007797241211
433,14,2,False,14.746689323279117,40.02826077440011,7.93356990814209,47.84579086303711
433,34,2,False,10.96338821217001,30.48549631959901,21.01774024963379,55.59379196166992
433,3,2,False,6.16665516907624,44.79735124361407,3.8857996463775635,40.81977081298828
433,5,1,False,8.930311313876645,45.921551515830714,13.197461128234863,43.923011779785156
433,12,1,False,2.802012771120566,40.294978949065616,2.591585159301758,39.342689514160156
433,13,2,False,0.0,0.0,,
433,7,2,False,8.68048224266275,27.596359105984956,19.847509384155273,35.98577880859375
433,156,2,False,0.0,0.0,,
433,8,2,False,7.865015641373113,32.09541633572876,12.82493782043457,28.259159088134766
433,22,1,False,8.150007482379714,13.690124273495911,22.181739807128906,48.740074157714844
433,15,1,False,10.119324777054693,40.284581455923416,10.167190551757812,30.907299041748047
433,132,1,False,5.319769945545611,25.54116171176114,3.9005374908447266,18.376249313354492
433,120,2,False,0.0,0.0,,
433,10,2,False,0.0,0.0,,
433,134,2,False,0.0,0.0,,
433,142,1,False,2.2203119418123936,5.745160788564158,20.714895248413086,4.833970069885254
433,19,1,False,4.640747746716905,10.91733551374836,14.689462661743164,45.09847640991211
434,1,2,False,2.257282791051628,38.521308353602215,18.09002113342285,42.244422912597656
434,6,1,False,7.011950445393253,36.44225957426282,13.06685733795166,53.700103759765625
434,11,1,False,7.403547614806302,40.56590383185593,3.6211929321289062,48.614463806152344
434,14,2,False,14.746689323279117,40.02826077440011,8.014132499694824,48.0714225769043
434,34,2,False,10.96338821217001,30.48549631959901,21.0159854888916,55.63956069946289
434,3,2,False,6.16665516907624,44.79735124361407,3.8761632442474365,40.88200759887695
434,5,1,False,8.930311313876645,45.921551515830714,13.192032814025879,43.89314270019531
434,12,1,False,2.802012771120566,40.294978949065616,2.5361132621765137,39.30179214477539
434,13,2,False,0.0,0.0,,
434,7,2,False,8.68048224266275,27.596359105984956,19.86979103088379,35.95293045043945
434,156,2,False,0.0,0.0,,
434,8,2,False,7.865015641373113,32.09541633572876,12.74959659576416,28.3378963470459
434,22,1,False,8.150007482379714,13.690124273495911,22.157161712646484,48.792667388916016
434,15,1,False,10.119324777054693,40.284581455923416,10.113818168640137,31.10755729675293
434,132,1,False,5.319769945545611,25.54116171176114,3.829768657684326,18.313615798950195
434,120,2,False,0.0,0.0,,
434,10,2,False,0.0,0.0,,
434,134,2,False,0.0,0.0,,
434,142,1,False,2.2203119418123936,5.745160788564158,20.605316162109375,4.746733665466309
434,19,1,False,4.640747746716905,10.91733551374836,14.626502990722656,45.14738845825195
435,1,2,False,6.108593892462646,38.87481494460121,18.330381393432617,42.2718391418457
435,6,1,False,4.457427493814696,36.70021255422895,13.303547859191895,53.73423385620117
435,11,1,False,1.2001295549246436,40.63535577369184,3.8845138549804688,48.72657775878906
435,14,2,False,2.9450659473778353,40.19869283154003,8.342339515686035,48.198387145996094
435,34,2,False,5.62692385290358,30.811128487012414,21.294437408447266,55.681907653808594
435,3,2,False,3.899355452869069,45.023008387877326,4.126651287078857,40.91224670410156
435,5,1,False,4.888491266052577,46.2044503159495,13.456344604492188,43.83542251586914
435,12,1,False,5.57862988489237,40.61781632666355,2.768568277359009,39.42484664916992
435,13,2,False,0.0,0.0,,
435,7,2,False,9.60901789190173,28.152436530284824,20.11028480529785,36.20779800415039
435,156,2,False,0.0,0.0,,
435,8,2,False,8.88395168369152,32.60953391001646,13.067448616027832,28.504228591918945
435,22,1,False,9.369370389486434,14.232333208072673,22.467947006225586,48.8367919921875
435,15,1,False,5.317415363327207,40.59230225241226,10.406059265136719,31.137781143188477
435,132,1,False,8.72033906754448,26.04581096335515,4.09895133972168,18.33116340637207
435,120,2,False,0.0,0.0,,
435,10,2,False,0.0,0.0,,
435,134,2,False,0.0,0.0,,
435,142,1,False,7.920081296339792,6.203498826546785,20.899534225463867,4.976245880126953
435,19,1,False,6.858475629611084,11.314238038610114,14.839361190795898,45.26054763793945
436,1,2,False,6.108593892462646,38.87481494460121,18.15930938720703,42.18317794799805
436,6,1,False,4.457427493814696,36.70021255422895,13.17626667022705,53.80573272705078
436,11,1,False,1.2001295549246436,40.63535577369184,3.808046579360962,48.74298858642578
436,14,2,False,2.9450659473778353,40.19869283154003,8.256017684936523,48.292327880859375
436,34,2,False,5.62692385290358,30.811128487012414,21.231647491455078,55.63027572631836
436,3,2,False,3.899355452869069,45.023008387877326,3.9729838371276855,41.01633834838867
436,5,1,False,4.888491266052577,46.2044503159495,13.320952415466309,43.8482780456543
436,12,1,False,5.57862988489237,40.61781632666355,2.613914966583252,39.43671417236328
436,13,2,False,0.0,0.0,,
436,7,2,False,9.60901789190173,28.152436530284824,19.904054641723633,36.334259033203125
436,156,2,False,0.0,0.0,,
436,8,2,False,8.88395168369152,32.60953391001646,12.876763343811035,28.526811599731445
436,22,1,False,9.369370389486434,14.232333208072673,22.35140609741211,49.0166015625
436,15,1,False,5.317415363327207,40.59230225241226,10.198497772216797,31.152969360351562
436,132,1,False,8.72033906754448,26.04581096335515,3.898531675338745,18.364521026611328
436,120,2,False,0.0,0.0,,
436,10,2,False,0.0,0.0,,
436,134,2,False,0.0,0.0,,
436,142,1,False,7.920081296339792,6.203498826546785,20.57530403137207,5.018410682678223
436,19,1,False,6.858475629611084,11.314238038610114,14.683077812194824,45.26822280883789
437,1,2,False,6.108593892462646,38.87481494460121,18.303190231323242,42.168724060058594
437,6,1,False,4.457427493814696,36.70021255422895,13.378582000732422,53.88434982299805
437,11,1,False,1.2001295549246436,40.63535577369184,3.984109401702881,48.82004165649414
437,14,2,False,2.9450659473778353,40.19869283154003,8.439523696899414,48.29473114013672
437,34,2,False,5.62692385290358,30.811128487012414,21.469635009765625,55.648128509521484
437,3,2,False,3.899355452869069,45.023008387877326,4.1483259201049805,41.009830474853516
437,5,1,False,4.888491266052577,46.2044503159495,13.510875701904297,43.93672561645508
437,12,1,False,5.57862988489237,40.61781632666355,2.7468459606170654,39.51755905151367
437,13,2,False,0.0,0.0,,
437,7,2,False,9.60901789190173,28.152436530284824,20.08820915222168,36.434303283691406
437,156,2,False,0.0,0.0,,
437,8,2,False,8.88395168369152,32.60953391001646,13.065241813659668,28.770851135253906
437,22,1,False,9.369370389486434,14.232333208072673,22.65804100036621,49.12281799316406
437,15,1,False,5.317415363327207,40.59230225241226,10.364080429077148,31.00590705871582
437,132,1,False,8.72033906754448,26.04581096335515,4.06870174407959,18.486515045166016
437,120,2,False,0.0,0.0,,
437,10,2,False,0.0,0.0,,
437,134,2,False,0.0,0.0,,
437,142,1,False,7.920081296339792,6.203498826546785,20.793943405151367,4.960054397583008
437,19,1,False,6.858475629611084,11.314238038610114,14.861448287963867,45.2646484375
438,1,2,False,6.108593892462646,38.87481494460121,17.622356414794922,42.09114074707031
438,6,1,False,4.457427493814696,36.70021255422895,12.934813499450684,53.83110809326172
438,11,1,False,1.2001295549246436,40.63535577369184,3.42900013923645,48.67558288574219
438,14,2,False,2.9450659473778353,40.19869283154003,7.907450199127197,48.23128128051758
438,34,2,False,5.62692385290358,30.811128487012414,20.97885513305664,55.65324020385742
438,3,2,False,3.899355452869069,45.023008387877326,3.5039620399475098,41.02908706665039
438,5,1,False,4.888491266052577,46.2044503159495,12.90654468536377,43.86845397949219
438,12,1,False,5.57862988489237,40.61781632666355,2.118408679962158,39.544918060302734
438,13,2,False,0.0,0.0,,
438,7,2,False,9.60901789190173,28.152436530284824,19.37728500366211,36.47704315185547
438,156,2,False,0.0,0.0,,
438,8,2,False,8.88395168369152,32.60953391001646,12.33568286895752,28.7081356048584
438,22,1,False,9.369370389486434,14.232333208072673,22.198566436767578,49.0762939453125
438,15,1,False,5.317415363327207,40.59230225241226,9.5750093460083,31.05145835876465
438,132,1,False,8.72033906754448,26.04581096335515,3.225752592086792,18.422901153564453
438,120,2,False,0.0,0.0,,
438,10,2,False,0.0,0.0,,
438,134,2,False,0.0,0.0,,
438,142,1,False,7.920081296339792,6.203498826546785,19.731781005859375,4.9029083251953125
438,19,1,False,6.858475629611084,11.314238038610114,14.206599235534668,45.27347946166992
439,1,2,False,6.108593892462646,38.87481494460121,18.088111877441406,42.16804122924805
439,6,1,False,4.457427493814696,36.70021255422895,13.415185928344727,53.918033599853516
439,11,1,False,1.2001295549246436,40.63535577369184,3.8467276096343994,48.74873733520508
439,14,2,False,2.9450659473778353,40.19869283154003,8.383721351623535,48.23691940307617
439,34,2,False,5.62692385290358,30.811128487012414,21.522573471069336,55.684967041015625
439,3,2,False,3.899355452869069,45.023008387877326,3.971498727798462,41.01405715942383
439,5,1,False,4.888491266052577,46.2044503159495,13.463829040527344,43.96385955810547
439,12,1,False,5.57862988489237,40.61781632666355,2.5908656120300293,39.5269889831543
439,13,2,False,0.0,0.0,,
439,7,2,False,9.60901789190173,28.152436530284824,19.98248863220215,36.57525634765625
439,156,2,False,0.0,0.0,,
439,8,2,False,8.88395168369152,32.60953391001646,12.954662322998047,28.804059982299805
439,22,1,False,9.369370389486434,14.232333208072673,22.75944709777832,49.17456817626953
439,15,1,False,5.317415363327207,40.59230225241226,10.138442993164062,30.890701293945312
439,132,1,False,8.72033906754448,26.04581096335515,3.8374009132385254,18.511045455932617
439,120,2,False,0.0,0.0,,
439,10,2,False,0.0,0.0,,
439,134,2,False,0.0,0.0,,
439,142,1,False,7.920081296339792,6.203498826546785,20.50337791442871,5.002610683441162
439,19,1,False,6.858475629611084,11.314238038610114,14.654085159301758,45.43729782104492
440,1,2,False,11.009276553914185,39.51192585628606,18.000118255615234,42.39790725708008
440,6,1,False,3.4386300111987764,36.89920734654369,13.434443473815918,53.95650863647461
440,11,1,False,7.724117296857677,41.08235330244518,3.8523108959198,48.78811264038086
440,14,2,False,9.51057256890567,40.74907318853688,8.401599884033203,48.358184814453125
440,34,2,False,10.704270055733659,31.430588559682185,21.61526870727539,55.73761749267578
440,3,2,False,9.126463645252418,45.5511602191998,3.9552857875823975,41.05906295776367
440,5,1,False,2.3409216313868373,46.339920317765866,13.518179893493652,44.111480712890625
440,12,1,False,5.522677349712405,40.937415710327464,2.553927421569824,39.66599655151367
440,13,2,False,0.0,0.0,,
440,7,2,False,4.236802561931757,28.39762186372995,20.055147171020508,36.76113510131836
440,156,2,False,0.0,0.0,,
440,8,2,False,3.831990009502412,32.83129259112192,12.940611839294434,29.00245475769043
440,22,1,False,9.303641144177378,14.770738366879234,22.75184440612793,49.298736572265625
440,15,1,False,7.9573146444411735,41.052794998039644,10.105111122131348,31.073575973510742
440,132,1,False,10.625672394367234,26.660722560251404,3.815866231918335,18.74893569946289
440,120,2,False,0.0,0.0,,
440,10,2,False,0.0,0.0,,
440,134,2,False,0.0,0.0,,
440,142,1,False,6.946515821778779,6.605496269936761,20.461074829101562,5.109764099121094
440,19,1,False,5.147851271125876,11.61214609828175,14.57352352142334,45.55527114868164
441,1,2,False,11.009276553914185,39.51192585628606,17.94338607788086,41.901451110839844
441,6,1,False,3.4386300111987764,36.89920734654369,13.451288223266602,53.554996490478516
441,11,1,False,7.724117296857677,41.08235330244518,3.7841694355010986,48.404327392578125
441,14,2,False,9.51057256890567,40.74907318853688,8.38449478149414,47.88909912109375
441,34,2,False,10.704270055733659,31.430588559682185,21.842967987060547,55.30826950073242
441,3,2,False,9.126463645252418,45.5511602191998,3.8796212673187256,40.580360412597656
441,5,1,False,2.3409216313868373,46.339920317765866,13.59616756439209,43.48986053466797
441,12,1,False,5.522677349712405,40.937415710327464,2.422525644302368,39.16303634643555
441,13,2,False,0.0,0.0,,
441,7,2,False,4.236802561931757,28.39762186372995,20.18584632873535,36.21600341796875
441,156,2,False,0.0,0.0,,
441,8,2,False,3.831990009502412,32.83129259112192,12.919822692871094,28.06905174255371
441,22,1,False,9.303641144177378,14.770738366879234,22.883533477783203,48.7429313659668
441,15,1,False,7.9573146444411735,41.052794998039644,10.0197172164917,30.31188201904297
441,132,1,False,10.625672394367234,26.660722560251404,3.6860146522521973,18.094451904296875
441,120,2,False,0.0,0.0,,
441,10,2,False,0.0,0.0,,
441,134,2,False,0.0,0.0,,
441,142,1,False,6.946515821778779,6.605496269936761,20.53973388671875,3.792236089706421
441,19,1,False,5.147851271125876,11.61214609828175,14.534805297851562,45.02252197265625
442,1,2,False,11.009276553914185,39.51192585628606,17.67400360107422,42.46490478515625
442,6,1,False,3.4386300111987764,36.89920734654369,13.318202018737793,53.81919479370117
442,11,1,False,7.724117296857677,41.08235330244518,3.69262433052063,48.85451126098633
442,14,2,False,9.51057256890567,40.74907318853688,8.277178764343262,48.35810470581055
442,34,2,False,10.704270055733659,31.430588559682185,21.747961044311523,55.51242446899414
442,3,2,False,9.126463645252418,45.5511602191998,3.709406852722168,41.13498306274414
442,5,1,False,2.3409216313868373,46.339920317765866,13.428364753723145,43.94058609008789
442,12,1,False,5.522677349712405,40.937415710327464,2.237543821334839,39.637046813964844
442,13,2,False,0.0,0.0,,
442,7,2,False,4.236802561931757,28.39762186372995,19.99821662902832,36.7853889465332
442,156,2,False,0.0,0.0,,
442,8,2,False,3.831990009502412,32.83129259112192,12.66860580444336,28.73014259338379
442,22,1,False,9.303641144177378,14.770738366879234,22.65907859802246,49.306312561035156
442,15,1,False,7.9573146444411735,41.052794998039644,9.790592193603516,31.05598258972168
442,132,1,False,10.625672394367234,26.660722560251404,3.495274782180786,18.902196884155273
442,120,2,False,0.0,0.0,,
442,10,2,False,0.0,0.0,,
442,134,2,False,0.0,0.0,,
442,142,1,False,6.946515821778779,6.605496269936761,20.098665237426758,4.899921894073486
442,19,1,False,5.147851271125876,11.61214609828175,14.284424781799316,45.527931213378906
443,1,2,False,11.009276553914185,39.51192585628606,17.789073944091797,42.765625
443,6,1,False,3.4386300111987764,36.89920734654369,13.496088027954102,53.98130416870117
443,11,1,False,7.724117296857677,41.08235330244518,3.8569986820220947,49.09952163696289
443,14,2,False,9.51057256890567,40.74907318853688,8.49215316772461,48.62239074707031
443,34,2,False,10.704270055733659,31.430588559682185,21.951128005981445,55.544044494628906
443,3,2,False,9.126463645252418,45.5511602191998,3.8932008743286133,41.436317443847656
443,5,1,False,2.3409216313868373,46.339920317765866,13.602327346801758,44.05363464355469
443,12,1,False,5.522677349712405,40.937415710327464,2.3828277587890625,39.84452819824219
443,13,2,False,0.0,0.0,,
443,7,2,False,4.236802561931757,28.39762186372995,20.28534698486328,36.823970794677734
443,156,2,False,0.0,0.0,,
443,8,2,False,3.831990009502412,32.83129259112192,12.879627227783203,28.88473129272461
443,22,1,False,9.303641144177378,14.770738366879234,22.85607147216797,49.581512451171875
443,15,1,False,7.9573146444411735,41.052794998039644,10.004488945007324,31.450824737548828
443,132,1,False,10.625672394367234,26.660722560251404,3.7073988914489746,19.078079223632812
443,120,2,False,0.0,0.0,,
443,10,2,False,0.0,0.0,,
443,134,2,False,0.0,0.0,,
443,142,1,False,6.946515821778779,6.605496269936761,20.291885375976562,5.346046447753906
443,19,1,False,5.147851271125876,11.61214609828175,14.440680503845215,45.722023010253906
444,1,2,False,11.009276553914185,39.51192585628606,17.31999397277832,42.77186965942383
444,6,1,False,3.4386300111987764,36.89920734654369,13.206048011779785,53.9900016784668
444,11,1,False,7.724117296857677,41.08235330244518,3.5479423999786377,49.18471145629883
444,14,2,False,9.51057256890567,40.74907318853688,8.163750648498535,48.710880279541016
444,34,2,False,10.704270055733659,31.430588559682185,21.668434143066406,55.41851806640625
444,3,2,False,9.126463645252418,45.5511602191998,3.4585278034210205,41.35234451293945
444,5,1,False,2.3409216313868373,46.339920317765866,13.211103439331055,43.977474212646484
444,12,1,False,5.522677349712405,40.937415710327464,1.941244125366211,39.759605407714844
444,13,2,False,0.0,0.0,,
444,7,2,False,4.236802561931757,28.39762186372995,19.86748504638672,36.630653381347656
444,156,2,False,0.0,0.0,,
444,8,2,False,3.831990009502412,32.83129259112192,12.420936584472656,28.666994094848633
444,22,1,False,9.303641144177378,14.770738366879234,22.607654571533203,49.61345672607422
444,15,1,False,7.9573146444411735,41.052794998039644,9.576622009277344,31.370582580566406
444,132,1,False,10.625672394367234,26.660722560251404,3.139591693878174,19.13447380065918
444,120,2,False,0.0,0.0,,
444,10,2,False,0.0,0.0,,
444,134,2,True,0.0,0.0,,
444,142,1,False,6.946515821778779,6.605496269936761,19.57442855834961,5.226656436920166
444,19,1,False,5.147851271125876,11.61214609828175,14.035296440124512,45.642913818359375
445,1,2,False,8.65109456067773,40.012567902621576,17.584638595581055,42.88090515136719
445,6,1,False,5.719799313372225,37.23021425125273,13.61336898803711,54.04359817504883
445,11,1,False,7.55191053329248,41.519385162010714,3.9244658946990967,49.229248046875
445,14,2,False,5.583374217774299,41.07218512243586,8.500571250915527,48.899593353271484
445,34,2,False,4.22568355383898,31.67513043201083,22.087800979614258,55.33706283569336
445,3,2,False,8.976234162280752,46.07061821470216,3.8130829334259033,41.567710876464844
445,5,1,False,8.168491223920505,46.81263393026126,13.617073059082031,44.01889419555664
445,12,1,False,10.814581044479834,41.5632595207719,2.256087303161621,39.78190612792969
445,13,2,False,0.0,0.0,,
445,7,2,False,9.257992476898652,28.933385317254178,20.279268264770508,36.66170883178711
445,156,2,False,0.0,0.0,,
445,8,2,False,8.990170079403663,33.351557063309635,12.815999031066895,28.819019317626953
445,22,1,False,1.5650068811644875,14.861305894724401,23.130586624145508,49.68140411376953
445,15,1,False,12.596167611212048,41.78173988294775,10.009873390197754,31.524112701416016
445,132,1,False,16.56730743608024,27.619478777617157,3.5451059341430664,19.301027297973633
445,120,2,False,0.0,0.0,,
445,10,2,False,0.0,0.0,,
445,134,2,True,0.0,0.0,,
445,142,1,False,20.827575023244428,7.810795750448592,20.075101852416992,5.222133159637451
445,19,1,False,8.82237349259192,12.122700119843783,14.354450225830078,45.75715255737305
446,1,2,False,8.65109456067773,40.012567902621576,17.504310607910156,42.8980598449707
446,6,1,False,5.719799313372225,37.23021425125273,13.709898948669434,54.151954650878906
446,11,1,False,7.55191053329248,41.519385162010714,3.9592530727386475,49.33362579345703
446,14,2,False,5.583374217774299,41.07218512243586,8.514594078063965,48.92766571044922
446,34,2,False,4.22568355383898,31.67513043201083,22.1551570892334,55.372840881347656
446,3,2,False,8.976234162280752,46.07061821470216,3.808136224746704,41.59731674194336
446,5,1,False,8.168491223920505,46.81263393026126,13.617525100708008,44.139957427978516
446,12,1,False,10.814581044479834,41.5632595207719,2.2065107822418213,39.8045768737793
446,13,2,False,0.0,0.0,,
446,7,2,False,9.257992476898652,28.933385317254178,20.242006301879883,36.80714797973633
446,156,2,False,0.0,0.0,,
446,8,2,False,8.990170079403663,33.351557063309635,12.764296531677246,28.986623764038086
446,22,1,False,1.5650068811644875,14.861305894724401,23.18244171142578,49.71841812133789
446,15,1,False,12.596167611212048,41.78173988294775,9.949329376220703,31.554317474365234
446,132,1,False,16.56730743608024,27.619478777617157,3.4807674884796143,19.34244728088379
446,120,2,False,0.0,0.0,,
446,10,2,False,0.0,0.0,,
446,134,2,True,0.0,0.0,,
446,142,1,False,20.827575023244428,7.810795750448592,19.919179916381836,5.490477561950684
446,19,1,False,8.82237349259192,12.122700119843783,14.345222473144531,45.784339904785156
447,1,2,False,8.65109456067773,40.012567902621576,17.4530086517334,42.91046905517578
447,6,1,False,5.719799313372225,37.23021425125273,13.733842849731445,54.23902893066406
447,11,1,False,7.55191053329248,41.519385162010714,3.938427209854126,49.3463249206543
447,14,2,False,5.583374217774299,41.07218512243586,8.518139839172363,48.86924362182617
447,34,2,False,4.22568355383898,31.67513043201083,22.305335998535156,55.48587417602539
447,3,2,False,8.976234162280752,46.07061821470216,3.7626793384552,41.60981369018555
447,5,1,False,8.168491223920505,46.81263393026126,13.610432624816895,44.34001541137695
447,12,1,False,10.814581044479834,41.5632595207719,2.1399335861206055,39.9094352722168
447,13,2,False,0.0,0.0,,
447,7,2,False,9.257992476898652,28.933385317254178,20.28451919555664,36.72663116455078
447,156,2,False,0.0,0.0,,
447,8,2,False,8.990170079403663,33.351557063309635,12.77269172668457,29.15012550354004
447,22,1,False,1.5650068811644875,14.861305894724401,23.221343994140625,49.66233444213867
447,15,1,False,12.596167611212048,41.78173988294775,9.894304275512695,31.57259750366211
447,132,1,False,16.56730743608024,27.619478777617157,3.393030881881714,19.67587661743164
447,120,2,False,0.0,0.0,,
447,10,2,False,0.0,0.0,,
447,134,2,True,0.0,0.0,,
447,142,1,False,20.827575023244428,7.810795750448592,19.84041976928711,5.52813720703125
447,19,1,False,8.82237349259192,12.122700119843783,14.341191291809082,45.80337142944336
448,1,2,False,8.65109456067773,40.012567902621576,17.23058319091797,42.463600158691406
448,6,1,False,5.719799313372225,37.23021425125273,13.551074981689453,53.91990280151367
448,11,1,False,7.55191053329248,41.519385162010714,3.6829001903533936,49.061561584472656
448,14,2,False,5.583374217774299,41.07218512243586,8.319016456604004,48.50734329223633
448,34,2,False,4.22568355383898,31.67513043201083,22.216630935668945,55.248207092285156
448,3,2,False,8.976234162280752,46.07061821470216,3.4534804821014404,41.164306640625
448,5,1,False,8.168491223920505,46.81263393026126,13.407625198364258,44.01169204711914
448,12,1,False,10.814581044479834,41.5632595207719,1.8393011093139648,39.45108413696289
448,13,2,False,0.0,0.0,,
448,7,2,False,9.257992476898652,28.933385317254178,20.061176300048828,36.433380126953125
448,156,2,False,0.0,0.0,,
448,8,2,False,8.990170079403663,33.351557063309635,12.537245750427246,28.55075454711914
448,22,1,False,1.5650068811644875,14.861305894724401,23.17526626586914,49.222713470458984
448,15,1,False,12.596167611212048,41.78173988294775,9.57201099395752,30.995786666870117
448,132,1,False,16.56730743608024,27.619478777617157,3.0171620845794678,19.1103458404541
448,120,2,False,0.0,0.0,,
448,10,2,False,0.0,0.0,,
448,134,2,True,0.0,0.0,,
448,142,1,False,20.827575023244428,7.810795750448592,19.49076271057129,4.767718315124512
448,19,1,False,8.82237349259192,12.122700119843783,14.114080429077148,45.393131256103516
449,1,2,False,8.65109456067773,40.012567902621576,17.39704704284668,42.876243591308594
449,6,1,False,5.719799313372225,37.23021425125273,13.7135648727417,54.285400390625
449,11,1,False,7.55191053329248,41.519385162010714,3.8857505321502686,49.46416473388672
449,14,2,False,5.583374217774299,41.07218512243586,8.506877899169922,48.84797668457031
449,34,2,False,4.22568355383898,31.67513043201083,22.473379135131836,55.56955337524414
449,3,2,False,8.976234162280752,46.07061821470216,3.660125970840454,41.567970275878906
449,5,1,False,8.168491223920505,46.81263393026126,13.631524085998535,44.41149139404297
449,12,1,False,10.814581044479834,41.5632595207719,2.035132646560669,39.86642837524414
449,13,2,False,0.0,0.0,,
449,7,2,False,9.257992476898652,28.933385317254178,20.228593826293945,37.02946853637695
449,156,2,False,0.0,0.0,,
449,8,2,False,8.990170079403663,33.351557063309635,12.786355972290039,29.11957359313965
449,22,1,False,1.5650068811644875,14.861305894724401,,
449,15,1,False,12.596167611212048,41.78173988294775,9.767900466918945,31.642362594604492
449,132,1,False,16.56730743608024,27.619478777617157,3.289102792739868,19.9301700592041
449,120,2,False,0.0,0.0,,
449,10,2,False,0.0,0.0,,
449,134,2,True,0.0,0.0,,
449,142,1,False,20.827575023244428,7.810795750448592,19.658281326293945,5.881373405456543
449,19,1,False,8.82237349259192,12.122700119843783,14.230134963989258,45.847808837890625
450,1,2,False,9.906290838120771,40.58584862242023,17.087636947631836,42.94116973876953
450,6,1,False,15.680811734561551,38.13766863403986,13.422821044921875,54.31425857543945
450,11,1,False,16.17969943567204,42.455710360834324,3.580162286758423,49.498416900634766
450,14,2,False,11.754132063411378,41.752401098327724,8.190486907958984,48.80876922607422
450,34,2,False,9.267879801724979,32.21146606868473,22.22418785095215,55.5400390625
450,3,2,False,18.577340921881767,47.145695814348095,3.295339584350586,41.52553939819336
450,5,1,False,9.393911367400934,47.356263060319186,13.307064056396484,44.37575912475586
450,12,1,False,16.120829723814953,42.49617790756675,1.6447093486785889,39.915687561035156
450,13,2,False,0.0,0.0,,
450,7,2,False,9.691450310262137,29.49423313613509,19.859169006347656,36.99421310424805
450,156,2,False,0.0,0.0,,
450,8,2,False,15.98465827717348,34.27659515805347,12.367501258850098,29.08269500732422
450,22,1,False,0.0,0.0,23.21941375732422,49.663734436035156
450,15,1,False,16.704668839696954,42.748445255615394,9.306814193725586,31.716644287109375
450,132,1,False,21.396046078894333,28.857675888664282,2.7871015071868896,19.888090133666992
450,120,2,False,0.0,0.0,,
450,10,2,False,0.0,0.0,,
450,134,2,True,0.0,0.0,,
450,142,1,False,24.567648467155912,9.232534666371967,19.043455123901367,5.845392227172852
450,19,1,False,14.701726148931304,12.973494457166197,13.845669746398926,45.7996711730957
451,1,2,False,9.906290838120771,40.58584862242023,17.455917358398438,42.984134674072266
451,6,1,False,15.680811734561551,38.13766863403986,13.66787338256836,54.47771072387695
451,11,1,False,16.17969943567204,42.455710360834324,3.8129308223724365,49.596744537353516
451,14,2,False,11.754132063411378,41.752401098327724,8.432360649108887,48.834869384765625
451,34,2,False,9.267879801724979,32.21146606868473,22.47995948791504,55.57173156738281
451,3,2,False,18.577340921881767,47.145695814348095,3.490431070327759,41.62953186035156
451,5,1,False,9.393911367400934,47.356263060319186,13.60737133026123,44.31813049316406
451,12,1,False,16.120829723814953,42.49617790756675,1.8894002437591553,40.03097152709961
451,13,2,False,0.0,0.0,,
451,7,2,False,9.691450310262137,29.49423313613509,20.21194076538086,37.02799987792969
451,156,2,False,0.0,0.0,,
451,8,2,False,15.98465827717348,34.27659515805347,12.63424301147461,29.094955444335938
451,22,1,False,0.0,0.0,,
451,15,1,False,16.704668839696954,42.748445255615394,9.569506645202637,31.974821090698242
451,132,1,False,21.396046078894333,28.857675888664282,3.097561836242676,19.900169372558594
451,120,2,False,0.0,0.0,,
451,10,2,False,0.0,0.0,,
451,134,2,True,0.0,0.0,,
451,142,1,False,24.567648467155912,9.232534666371967,19.391786575317383,5.843167304992676
451,19,1,False,14.701726148931304,12.973494457166197,14.028006553649902,45.89789962768555
452,1,2,False,9.906290838120771,40.58584862242023,17.518152236938477,42.994537353515625
452,6,1,False,15.680811734561551,38.13766863403986,13.754700660705566,54.62656784057617
452,11,1,False,16.17969943567204,42.455710360834324,3.80629563331604,49.73955154418945
452,14,2,False,11.754132063411378,41.752401098327724,8.40012264251709,48.90446472167969
452,34,2,False,9.267879801724979,32.21146606868473,22.49241065979004,55.64164352416992
452,3,2,False,18.577340921881767,47.145695814348095,3.4394445419311523,41.7105598449707
452,5,1,False,9.393911367400934,47.356263060319186,13.58797550201416,44.40365982055664
452,12,1,False,16.120829723814953,42.49617790756675,1.8599613904953003,40.02455520629883
452,13,2,False,0.0,0.0,,
452,7,2,False,9.691450310262137,29.49423313613509,20.254772186279297,37.03444290161133
452,156,2,False,0.0,0.0,,
452,8,2,False,15.98465827717348,34.27659515805347,12.613099098205566,28.957847595214844
452,22,1,False,0.0,0.0,,
452,15,1,False,16.704668839696954,42.748445255615394,9.536004066467285,31.967628479003906
452,132,1,False,21.396046078894333,28.857675888664282,3.002312421798706,19.882577896118164
452,120,2,False,0.0,0.0,,
452,10,2,False,0.0,0.0,,
452,134,2,False,0.0,0.0,,
452,142,1,False,24.567648467155912,9.232534666371967,19.311893463134766,5.828536033630371
452,19,1,False,14.701726148931304,12.973494457166197,14.02144718170166,45.895755767822266
453,1,2,False,9.906290838120771,40.58584862242023,17.375083923339844,42.984683990478516
453,6,1,False,15.680811734561551,38.13766863403986,13.691208839416504,54.7578239440918
453,11,1,False,16.17969943567204,42.455710360834324,3.6666431427001953,49.86940002441406
453,14,2,False,11.754132063411378,41.752401098327724,8.183215141296387,49.02888107299805
453,34,2,False,9.267879801724979,32.21146606868473,22.39079475402832,55.56553649902344
453,3,2,False,18.577340921881767,47.145695814348095,3.2394607067108154,41.87133026123047
453,5,1,False,9.393911367400934,47.356263060319186,13.374229431152344,44.289451599121094
453,12,1,False,16.120829723814953,42.49617790756675,1.6361384391784668,40.094303131103516
453,13,2,False,0.0,0.0,,
453,7,2,False,9.691450310262137,29.49423313613509,20.072797775268555,37.02138137817383
453,156,2,False,0.0,0.0,,
453,8,2,False,15.98465827717348,34.27659515805347,12.366432189941406,28.937789916992188
453,22,1,False,0.0,0.0,,
453,15,1,False,16.704668839696954,42.748445255615394,9.352693557739258,31.956172943115234
453,132,1,False,21.396046078894333,28.857675888664282,2.7124555110931396,19.8606014251709
453,120,2,False,0.0,0.0,,
453,10,2,False,0.0,0.0,,
453,134,2,False,0.0,0.0,,
453,142,1,False,24.567648467155912,9.232534666371967,18.92169761657715,5.805586338043213
453,19,1,False,14.701726148931304,12.973494457166197,13.808598518371582,45.95726013183594
454,1,2,False,9.906290838120771,40.58584862242023,17.502483367919922,43.007240295410156
454,6,1,False,15.680811734561551,38.13766863403986,13.869397163391113,54.923336029052734
454,11,1,False,16.17969943567204,42.455710360834324,3.8139007091522217,50.040409088134766
454,14,2,False,11.754132063411378,41.752401098327724,8.290000915527344,49.12443923950195
454,34,2,False,9.267879801724979,32.21146606868473,22.517335891723633,55.65754699707031
454,3,2,False,18.577340921881767,47.145695814348095,3.339569091796875,41.979713439941406
454,5,1,False,9.393911367400934,47.356263060319186,13.472200393676758,44.48666763305664
454,12,1,False,16.120829723814953,42.49617790756675,1.7424240112304688,40.30143356323242
454,13,2,False,0.0,0.0,,
454,7,2,False,9.691450310262137,29.49423313613509,20.211894989013672,37.04522705078125
454,156,2,False,0.0,0.0,,
454,8,2,False,15.98465827717348,34.27659515805347,12.487887382507324,29.2211971282959
454,22,1,False,0.0,0.0,,
454,15,1,False,16.704668839696954,42.748445255615394,9.434707641601562,32.09067153930664
454,132,1,False,21.396046078894333,28.857675888664282,2.788870334625244,20.3336124420166
454,120,2,False,0.0,0.0,,
454,10,2,False,0.0,0.0,,
454,134,2,False,0.0,0.0,,
454,142,1,False,24.567648467155912,9.232534666371967,18.979351043701172,6.028994083404541
454,19,1,False,14.701726148931304,12.973494457166197,13.903417587280273,46.14625549316406
455,1,2,False,3.6345457810609205,40.79618113289829,17.073749542236328,43.5142822265625
455,6,1,False,8.591861969301851,38.63488286837446,13.587455749511719,55.2066535949707
455,11,1,False,6.5820637324243405,42.836616826831104,3.5806472301483154,50.43474197387695
455,14,2,False,1.223023235702117,41.82317790594937,7.981688499450684,49.456146240234375
455,34,2,False,10.057688833446537,32.79350824654622,22.137767791748047,56.069366455078125
455,3,2,False,7.8563286041958555,47.600344460424246,3.0163471698760986,42.563785552978516
455,5,1,False,2.279615664348753,47.488185263117145,13.101612091064453,44.87907028198242
455,12,1,False,9.842067333330522,43.06574198935671,1.3812971115112305,40.810646057128906
455,13,2,False,0.0,0.0,,
455,7,2,False,9.915494161919387,30.06804645569061,19.768688201904297,37.54771423339844
455,156,2,False,0.0,0.0,,
455,8,2,False,11.807606647009841,34.959905727903575,12.035392761230469,29.946060180664062
455,22,1,False,0.0,0.0,,
455,15,1,False,11.342181798338967,43.404821517093346,9.011536598205566,32.637149810791016
455,132,1,False,6.237029889056831,29.21861511835507,2.344265937805176,21.044389724731445
455,120,2,False,0.0,0.0,,
455,10,2,False,0.0,0.0,,
455,134,2,False,0.0,0.0,,
455,142,1,False,12.007609235086184,9.927419460069084,18.244922637939453,7.021694660186768
455,19,1,False,10.684758796235625,13.591825406022425,13.611961364746094,46.61773681640625
456,1,2,False,3.6345457810609205,40.79618113289829,17.112455368041992,42.85233688354492
456,6,1,False,8.591861969301851,38.63488286837446,13.672140121459961,54.630001068115234
456,11,1,False,6.5820637324243405,42.836616826831104,3.527536630630493,49.851531982421875
456,14,2,False,1.223023235702117,41.82317790594937,8.023630142211914,48.93171691894531
456,34,2,False,10.057688833446537,32.79350824654622,22.365896224975586,55.63720703125
456,3,2,False,7.8563286041958555,47.600344460424246,2.9297118186950684,41.915706634521484
456,5,1,False,2.279615664348753,47.488185263117145,13.124253273010254,44.43382263183594
456,12,1,False,9.842067333330522,43.06574198935671,1.2110376358032227,40.12195587158203
456,13,2,False,0.0,0.0,,
456,7,2,False,9.915494161919387,30.06804645569061,19.909547805786133,36.55069351196289
456,156,2,False,0.0,0.0,,
456,8,2,False,11.807606647009841,34.959905727903575,12.053706169128418,29.031482696533203
456,22,1,False,0.0,0.0,,
456,15,1,False,11.342181798338967,43.404821517093346,8.954559326171875,31.657642364501953
456,132,1,False,6.237029889056831,29.21861511835507,2.1970932483673096,20.10101890563965
456,120,2,False,0.0,0.0,,
456,10,2,False,0.0,0.0,,
456,134,2,False,0.0,0.0,,
456,142,1,False,12.007609235086184,9.927419460069084,18.249845504760742,5.51121187210083
456,19,1,False,10.684758796235625,13.591825406022425,13.674657821655273,45.94273376464844
457,1,2,False,3.6345457810609205,40.79618113289829,17.62246322631836,43.6151123046875
457,6,1,False,8.591861969301851,38.63488286837446,14.226963996887207,55.13496017456055
457,11,1,False,6.5820637324243405,42.836616826831104,4.108579635620117,50.32316207885742
457,14,2,False,1.223023235702117,41.82317790594937,8.595757484436035,49.7224006652832
457,34,2,False,10.057688833446537,32.79350824654622,22.916149139404297,56.152435302734375
457,3,2,False,7.8563286041958555,47.600344460424246,3.5189783573150635,42.56772232055664
457,5,1,False,2.279615664348753,47.488185263117145,13.73814868927002,45.1738395690918
457,12,1,False,9.842067333330522,43.06574198935671,1.8039603233337402,40.888336181640625
457,13,2,False,0.0,0.0,,
457,7,2,False,9.915494161919387,30.06804645569061,20.515851974487305,37.457340240478516
457,156,2,False,0.0,0.0,,
457,8,2,False,11.807606647009841,34.959905727903575,12.78014850616455,30.075483322143555
457,22,1,False,0.0,0.0,,
457,15,1,False,11.342181798338967,43.404821517093346,9.666206359863281,32.51354217529297
457,132,1,False,6.237029889056831,29.21861511835507,3.0269765853881836,21.309364318847656
457,120,2,False,0.0,0.0,,
457,10,2,False,0.0,0.0,,
457,134,2,False,0.0,0.0,,
457,142,1,False,12.007609235086184,9.927419460069084,19.034711837768555,7.143898010253906
457,19,1,False,10.684758796235625,13.591825406022425,14.24231243133545,46.56593704223633
458,1,2,False,3.6345457810609205,40.79618113289829,17.69631576538086,42.990806579589844
458,6,1,False,8.591861969301851,38.63488286837446,14.378362655639648,54.72190856933594
458,11,1,False,6.5820637324243405,42.836616826831104,4.090779781341553,49.766361236572266
458,14,2,False,1.223023235702117,41.82317790594937,8.611656188964844,49.220123291015625
458,34,2,False,10.057688833446537,32.79350824654622,23.117656707763672,55.66790008544922
458,3,2,False,7.8563286041958555,47.600344460424246,3.4271769523620605,41.946651458740234
458,5,1,False,2.279615664348753,47.488185263117145,13.8433198928833,44.59640884399414
458,12,1,False,9.842067333330522,43.06574198935671,1.715891718864441,40.151214599609375
458,13,2,False,0.0,0.0,,
458,7,2,False,9.915494161919387,30.06804645569061,20.699363708496094,36.6142463684082
458,156,2,False,0.0,0.0,,
458,8,2,False,11.807606647009841,34.959905727903575,12.858175277709961,29.08214569091797
458,22,1,False,0.0,0.0,,
458,15,1,False,11.342181798338967,43.404821517093346,9.731833457946777,31.589702606201172
458,132,1,False,6.237029889056831,29.21861511835507,2.959575891494751,20.27895164489746
458,120,2,False,0.0,0.0,,
458,10,2,False,0.0,0.0,,
458,134,2,False,0.0,0.0,,
458,142,1,False,12.007609235086184,9.927419460069084,19.129806518554688,5.7177815437316895
458,19,1,False,10.684758796235625,13.591825406022425,14.31100845336914,45.830074310302734
459,1,2,False,3.6345457810609205,40.79618113289829,17.360496520996094,43.35493087768555
459,6,1,False,8.591861969301851,38.63488286837446,14.229644775390625,54.98833084106445
459,11,1,False,6.5820637324243405,42.836616826831104,3.831714153289795,50.03865432739258
459,14,2,False,1.223023235702117,41.82317790594937,8.307082176208496,49.42436981201172
459,34,2,False,10.057688833446537,32.79350824654622,22.82834243774414,55.78070068359375
459,3,2,False,7.8563286041958555,47.600344460424246,3.075457811355591,42.284793853759766
459,5,1,False,2.279615664348753,47.488185263117145,13.56637191772461,44.76583480834961
459,12,1,False,9.842067333330522,43.06574198935671,1.364928126335144,40.4127311706543
459,13,2,False,0.0,0.0,,
459,7,2,False,9.915494161919387,30.06804645569061,20.311866760253906,37.05491638183594
459,156,2,False,0.0,0.0,,
459,8,2,False,11.807606647009841,34.959905727903575,12.445975303649902,29.335643768310547
459,22,1,False,0.0,0.0,,
459,15,1,False,11.342181798338967,43.404821517093346,9.338788032531738,31.94391441345215
459,132,1,False,6.237029889056831,29.21861511835507,2.5635242462158203,20.893218994140625
459,120,2,False,0.0,0.0,,
459,10,2,False,0.0,0.0,,
459,134,2,False,0.0,0.0,,
459,142,1,False,12.007609235086184,9.927419460069084,18.440052032470703,6.574326992034912
459,19,1,False,10.684758796235625,13.591825406022425,13.958626747131348,46.064422607421875
459,197,1,False,0.0,0.0,13.670374870300293,45.139625549316406
460,1,2,False,14.82920587558206,41.65435276921669,17.0435733795166,43.30612564086914
460,6,1,False,15.833228386870179,39.5511576592813,14.050640106201172,55.02587127685547
460,11,1,False,13.082536663028707,43.593708068904526,3.5228211879730225,50.058250427246094
460,14,2,False,11.900562851088687,42.511867885757745,7.937815189361572,49.51168441772461
460,34,2,False,0.0,0.0,22.558773040771484,55.66746139526367
460,3,2,False,6.470220241321388,47.97477850216738,2.643702507019043,42.303321838378906
460,5,1,False,9.891282884436956,48.06059746707762,13.204496383666992,44.7964973449707
460,12,1,False,9.248123722371387,43.60093433440135,0.9496670365333557,40.439029693603516
460,13,2,False,0.0,0.0,,
460,7,2,False,17.225277171488305,31.064879625336925,19.93846321105957,36.99959182739258
460,156,2,False,0.0,0.0,,
460,8,2,False,12.607192135550857,35.689488606118324,11.969030380249023,29.265979766845703
460,22,1,False,0.0,0.0,,
460,15,1,False,11.436471537087632,44.066654360674804,8.874128341674805,31.995317459106445
460,132,1,False,9.481250443155545,29.76729859307472,2.0588431358337402,20.823457717895508
460,120,2,False,0.0,0.0,,
460,10,2,False,0.0,0.0,,
460,134,2,False,0.0,0.0,,
460,142,1,False,8.724371472778998,10.432302068447498,17.791366577148438,6.495242595672607
460,19,1,False,14.442500162253202,14.42761823948615,13.57113265991211,46.000755310058594
460,197,1,False,0.0,0.0,13.254029273986816,45.24690246582031
461,1,2,False,14.82920587558206,41.65435276921669,17.366233825683594,43.36408615112305
461,6,1,False,15.833228386870179,39.5511576592813,14.356141090393066,55.08405685424805
461,11,1,False,13.082536663028707,43.593708068904526,3.7197105884552,50.23738098144531
461,14,2,False,11.900562851088687,42.511867885757745,8.105016708374023,49.766082763671875
461,34,2,False,0.0,0.0,22.81317901611328,55.78359603881836
461,3,2,False,6.470220241321388,47.97477850216738,2.8213067054748535,42.424190521240234
461,5,1,False,9.891282884436956,48.06059746707762,13.43687629699707,44.927032470703125
461,12,1,False,9.248123722371387,43.60093433440135,1.1742914915084839,40.47899627685547
461,13,2,False,0.0,0.0,,
461,7,2,False,17.225277171488305,31.064879625336925,20.267515182495117,37.05668640136719
461,156,2,False,0.0,0.0,,
461,8,2,False,12.607192135550857,35.689488606118324,12.239019393920898,29.310924530029297
461,22,1,False,0.0,0.0,,
461,15,1,False,11.436471537087632,44.066654360674804,9.183853149414062,32.0481071472168
461,132,1,False,9.481250443155545,29.76729859307472,2.3167717456817627,20.864633560180664
461,120,2,False,0.0,0.0,,
461,10,2,False,0.0,0.0,,
461,134,2,False,0.0,0.0,,
461,142,1,False,8.724371472778998,10.432302068447498,18.007125854492188,6.7384562492370605
461,19,1,False,14.442500162253202,14.42761823948615,13.79041576385498,46.040401458740234
462,1,2,False,14.82920587558206,41.65435276921669,17.37265396118164,43.47816848754883
462,6,1,False,15.833228386870179,39.5511576592813,14.414950370788574,55.10819625854492
462,11,1,False,13.082536663028707,43.593708068904526,3.762713670730591,50.33043670654297
462,14,2,False,11.900562851088687,42.511867885757745,8.09791088104248,49.927398681640625
462,34,2,False,0.0,0.0,22.870134353637695,55.87572479248047
462,3,2,False,6.470220241321388,47.97477850216738,2.783452272415161,42.52353286743164
462,5,1,False,9.891282884436956,48.06059746707762,13.45162296295166,44.85835266113281
462,12,1,False,9.248123722371387,43.60093433440135,1.1827166080474854,40.59172439575195
462,13,2,False,0.0,0.0,,
462,7,2,False,17.225277171488305,31.064879625336925,20.342443466186523,36.9787483215332
462,156,2,False,0.0,0.0,,
462,8,2,False,12.607192135550857,35.689488606118324,12.242213249206543,29.33694839477539
462,22,1,False,0.0,0.0,,
462,15,1,False,11.436471537087632,44.066654360674804,9.179547309875488,32.19154357910156
462,132,1,False,9.481250443155545,29.76729859307472,2.2969095706939697,21.04137420654297
462,120,2,False,0.0,0.0,,
462,10,2,False,0.0,0.0,,
462,134,2,False,0.0,0.0,,
462,142,1,False,8.724371472778998,10.432302068447498,17.94037437438965,6.769438743591309
462,19,1,False,14.442500162253202,14.42761823948615,13.910319328308105,46.16539764404297
463,1,2,False,14.82920587558206,41.65435276921669,17.38587760925293,43.29294967651367
463,6,1,False,15.833228386870179,39.5511576592813,14.464971542358398,55.053367614746094
463,11,1,False,13.082536663028707,43.593708068904526,3.7629384994506836,50.40248489379883
463,14,2,False,11.900562851088687,42.511867885757745,8.053105354309082,49.99393844604492
463,34,2,False,0.0,0.0,22.90928840637207,55.8843994140625
463,3,2,False,6.470220241321388,47.97477850216738,2.7185256481170654,42.51296615600586
463,5,1,False,9.891282884436956,48.06059746707762,13.420161247253418,44.765106201171875
463,12,1,False,9.248123722371387,43.60093433440135,1.1579720973968506,40.49566650390625
463,13,2,False,0.0,0.0,,
463,7,2,False,17.225277171488305,31.064879625336925,20.341358184814453,36.86676788330078
463,156,2,False,0.0,0.0,,
463,8,2,False,12.607192135550857,35.689488606118324,12.175445556640625,29.19647789001465
463,22,1,False,0.0,0.0,,
463,15,1,False,11.436471537087632,44.066654360674804,9.13697624206543,32.06536865234375
463,132,1,False,9.481250443155545,29.76729859307472,2.2125089168548584,21.029651641845703
463,10,2,False,0.0,0.0,,
463,134,2,False,0.0,0.0,,
463,142,1,False,8.724371472778998,10.432302068447498,17.7967586517334,6.537954807281494
463,19,1,False,14.442500162253202,14.42761823948615,13.932347297668457,46.17092514038086
464,1,2,False,14.82920587558206,41.65435276921669,17.420394897460938,43.00223922729492
464,6,1,False,15.833228386870179,39.5511576592813,14.517300605773926,54.98991012573242
464,11,1,False,13.082536663028707,43.593708068904526,3.803304433822632,50.33092498779297
464,14,2,False,11.900562851088687,42.511867885757745,8.019905090332031,49.904945373535156
464,34,2,False,0.0,0.0,23.051532745361328,55.835819244384766
464,3,2,False,6.470220241321388,47.97477850216738,2.6311614513397217,42.39714050292969
464,5,1,False,9.891282884436956,48.06059746707762,13.403382301330566,44.57292175292969
464,12,1,False,9.248123722371387,43.60093433440135,1.130336046218872,40.2926139831543
464,13,2,False,0.0,0.0,,
464,7,2,False,17.225277171488305,31.064879625336925,20.343015670776367,36.625125885009766
464,156,2,False,0.0,0.0,,
464,8,2,False,12.607192135550857,35.689488606118324,12.137948036193848,29.04283905029297
464,22,1,False,0.0,0.0,,
464,15,1,False,11.436471537087632,44.066654360674804,9.104310989379883,31.802738189697266
464,132,1,False,9.481250443155545,29.76729859307472,2.0979559421539307,20.841691970825195
464,10,2,False,0.0,0.0,,
464,134,2,False,0.0,0.0,,
464,142,1,False,8.724371472778998,10.432302068447498,17.69189453125,6.282670021057129
464,19,1,False,14.442500162253202,14.42761823948615,13.935065269470215,46.16120147705078
464,120,2,False,0.0,0.0,,
465,1,2,False,10.297354638798847,42.25026449599903,17.86029624938965,43.04264450073242
465,6,1,False,8.195099369500028,40.02541109501626,14.962654113769531,55.114131927490234
465,11,1,False,10.584772064040642,44.20625274853651,4.208795070648193,50.378604888916016
465,14,2,False,9.50277430756294,43.06179695448245,8.326894760131836,50.07993698120117
465,34,2,False,0.0,0.0,,
465,3,2,False,10.471415274329635,48.58076318239479,2.997015953063965,42.42729949951172
465,5,1,False,11.912118015948304,48.74995614855611,13.776751518249512,44.78308868408203
465,12,1,False,12.71426441063305,44.3367135248315,1.4841656684875488,40.41178894042969
465,13,2,False,0.0,0.0,,
465,7,2,False,13.573646603844418,31.85039158157792,20.82724380493164,36.54821014404297
465,156,2,False,0.0,0.0,,
465,8,2,False,12.642399170263007,36.421108928471504,12.674578666687012,29.080257415771484
465,22,1,False,0.0,0.0,,
465,15,1,False,12.930336908223714,44.81493774656738,9.513228416442871,31.823347091674805
465,132,1,False,18.148276899780846,30.817546098849075,2.5751335620880127,21.009193420410156
465,10,2,False,0.0,0.0,,
465,134,2,False,0.0,0.0,,
465,142,1,False,27.710063918623305,12.035893730404865,18.24720001220703,6.278165817260742
465,19,1,False,6.68055128673423,14.814224216727714,14.321656227111816,46.36853790283203
465,120,2,False,0.0,0.0,,
466,1,2,False,10.297354638798847,42.25026449599903,17.933130264282227,43.197269439697266
466,6,1,False,8.195099369500028,40.02541109501626,15.085142135620117,55.43096923828125
466,11,1,False,10.584772064040642,44.20625274853651,4.311463356018066,50.57377243041992
466,14,2,False,9.50277430756294,43.06179695448245,8.36054515838623,50.26847457885742
466,34,2,False,0.0,0.0,,
466,3,2,False,10.471415274329635,48.58076318239479,3.093850612640381,42.66574478149414
466,5,1,False,11.912118015948304,48.74995614855611,13.872465133666992,45.1095085144043
466,12,1,False,12.71426441063305,44.3367135248315,1.5407744646072388,40.560211181640625
466,13,2,False,0.0,0.0,,
466,7,2,False,13.573646603844418,31.85039158157792,20.87636947631836,36.84095764160156
466,156,2,False,0.0,0.0,,
466,8,2,False,12.642399170263007,36.421108928471504,12.797916412353516,29.296167373657227
466,22,1,False,0.0,0.0,,
466,15,1,False,12.930336908223714,44.81493774656738,9.561013221740723,32.01134490966797
466,132,1,False,18.148276899780846,30.817546098849075,2.6458981037139893,21.393163681030273
466,10,2,False,0.0,0.0,,
466,134,2,False,0.0,0.0,,
466,142,1,False,27.710063918623305,12.035893730404865,18.25754165649414,6.808689594268799
466,19,1,False,6.68055128673423,14.814224216727714,14.374899864196777,46.50461959838867
466,120,2,False,0.0,0.0,,
467,1,2,False,10.297354638798847,42.25026449599903,16.994598388671875,44.31569290161133
467,6,1,False,8.195099369500028,40.02541109501626,14.406774520874023,56.1839485168457
467,11,1,False,10.584772064040642,44.20625274853651,3.6035022735595703,51.32783508300781
467,14,2,False,9.50277430756294,43.06179695448245,7.578144550323486,51.04214096069336
467,34,2,False,0.0,0.0,22.61711311340332,56.810585021972656
467,3,2,False,10.471415274329635,48.58076318239479,2.3205947875976562,43.5517463684082
467,5,1,False,11.912118015948304,48.74995614855611,12.954354286193848,46.13539505004883
467,12,1,False,12.71426441063305,44.3367135248315,0.7799906730651855,41.68168258666992
467,13,2,False,0.0,0.0,,
467,7,2,False,13.573646603844418,31.85039158157792,19.667818069458008,38.16810989379883
467,156,2,False,0.0,0.0,,
467,8,2,False,12.642399170263007,36.421108928471504,11.69217586517334,30.749671936035156
467,22,1,False,0.0,0.0,,
467,15,1,False,12.930336908223714,44.81493774656738,8.56074047088623,33.35556411743164
467,132,1,False,18.148276899780846,30.817546098849075,1.6613719463348389,23.241559982299805
467,10,2,False,0.0,0.0,,
467,134,2,False,0.0,0.0,,
467,142,1,False,27.710063918623305,12.035893730404865,16.626754760742188,9.404410362243652
467,19,1,False,6.68055128673423,14.814224216727714,13.433684349060059,47.40023422241211
467,120,2,False,0.0,0.0,,
468,1,2,False,10.297354638798847,42.25026449599903,17.899272918701172,43.635276794433594
468,6,1,False,8.195099369500028,40.02541109501626,15.203389167785645,55.75761795043945
468,11,1,False,10.584772064040642,44.20625274853651,4.159605503082275,50.803871154785156
468,14,2,False,9.50277430756294,43.06179695448245,8.193489074707031,50.432777404785156
468,34,2,False,0.0,0.0,,
468,3,2,False,10.471415274329635,48.58076318239479,2.885345697402954,42.86442184448242
468,5,1,False,11.912118015948304,48.74995614855611,13.744641304016113,45.40985870361328
468,12,1,False,12.71426441063305,44.3367135248315,1.3356149196624756,40.86423110961914
468,13,2,False,0.0,0.0,,
468,7,2,False,13.573646603844418,31.85039158157792,20.644189834594727,37.331031799316406
468,156,2,False,0.0,0.0,,
468,8,2,False,12.642399170263007,36.421108928471504,12.514986038208008,29.728225708007812
468,22,1,False,0.0,0.0,,
468,15,1,False,12.930336908223714,44.81493774656738,9.36693000793457,32.301414489746094
468,132,1,False,18.148276899780846,30.817546098849075,2.43747878074646,22.053234100341797
468,10,2,False,0.0,0.0,,
468,134,2,False,0.0,0.0,,
468,142,1,False,27.710063918623305,12.035893730404865,17.795795440673828,7.723097801208496
468,19,1,False,6.68055128673423,14.814224216727714,14.186866760253906,46.61272048950195
468,120,2,False,0.0,0.0,,
469,1,2,False,10.297354638798847,42.25026449599903,17.982498168945312,43.754913330078125
469,6,1,False,8.195099369500028,40.02541109501626,15.300321578979492,55.718841552734375
469,11,1,False,10.584772064040642,44.20625274853651,4.169387340545654,50.88328552246094
469,14,2,False,9.50277430756294,43.06179695448245,8.15873908996582,50.50676727294922
469,34,2,False,0.0,0.0,,
469,3,2,False,10.471415274329635,48.58076318239479,2.8537914752960205,42.86810302734375
469,5,1,False,11.912118015948304,48.74995614855611,13.733248710632324,45.41721725463867
469,12,1,False,12.71426441063305,44.3367135248315,1.2621163129806519,40.95284652709961
469,13,2,False,0.0,0.0,,
469,7,2,False,13.573646603844418,31.85039158157792,20.6802921295166,37.34968566894531
469,156,2,False,0.0,0.0,,
469,8,2,False,12.642399170263007,36.421108928471504,12.50133228302002,29.73990821838379
469,22,1,False,0.0,0.0,,
469,15,1,False,12.930336908223714,44.81493774656738,9.345881462097168,32.43080520629883
469,132,1,False,18.148276899780846,30.817546098849075,2.394923686981201,21.91452407836914
469,10,2,False,0.0,0.0,,
469,134,2,False,0.0,0.0,,
469,142,1,False,27.710063918623305,12.035893730404865,17.70925521850586,7.732187271118164
469,19,1,False,6.68055128673423,14.814224216727714,14.167006492614746,46.53327560424805
469,120,2,False,0.0,0.0,,
470,1,2,False,1.7842894263470939,42.353521985949676,17.77629852294922,43.632606506347656
470,6,1,False,8.684426938790875,40.52798209841851,15.12085247039795,55.561222076416016
470,11,1,False,4.959274068713945,44.49324777566115,3.90256929397583,50.90911102294922
470,14,2,False,9.329359819755188,43.60169046257014,7.870357513427734,50.38652420043945
470,34,2,False,1.9621952764342885,32.90706121393246,23.17548370361328,56.462791442871094
470,3,2,False,10.097188488425303,49.165091219919404,2.5336124897003174,42.817779541015625
470,5,1,False,2.7731547354353845,48.9104396401901,13.408515930175781,45.3658561706543
470,12,1,False,5.253028338215406,44.640708220330076,0.935636579990387,40.902183532714844
470,13,2,False,0.0,0.0,,
470,7,2,False,9.820429161570354,32.41870345435398,20.38184356689453,37.19524002075195
470,156,2,False,0.0,0.0,,
470,8,2,False,5.201395836260384,36.72211563195879,12.119669914245605,29.557064056396484
470,22,1,False,0.0,0.0,,
470,15,1,False,6.169640936947778,45.17197715264075,9.019503593444824,32.3856315612793
470,132,1,False,12.587904678048753,31.546012804754675,1.952576756477356,21.855031967163086
470,10,2,False,0.0,0.0,,
470,134,2,False,0.0,0.0,,
470,142,1,False,13.790889188168897,12.833977595460937,17.163278579711914,7.4599528312683105
470,19,1,False,4.179810525284022,15.056111399903873,13.937104225158691,46.328739166259766
470,120,2,False,0.0,0.0,,
471,1,2,False,1.7842894263470939,42.353521985949676,17.24431037902832,43.61515426635742
471,6,1,False,8.684426938790875,40.52798209841851,14.739646911621094,55.542781829833984
471,11,1,False,4.959274068713945,44.49324777566115,3.4655044078826904,51.02356719970703
471,14,2,False,9.329359819755188,43.60169046257014,7.333957672119141,50.41886520385742
471,34,2,False,1.9621952764342885,32.90706121393246,22.716697692871094,56.563941955566406
471,3,2,False,10.097188488425303,49.165091219919404,1.9834059476852417,42.96602249145508
471,5,1,False,2.7731547354353845,48.9104396401901,12.859264373779297,45.33839416503906
471,12,1,False,5.253028338215406,44.640708220330076,0.4202142059803009,40.97740173339844
471,13,2,False,0.0,0.0,,
471,7,2,False,9.820429161570354,32.41870345435398,19.794517517089844,37.18678283691406
471,156,2,False,0.0,0.0,,
471,8,2,False,5.201395836260384,36.72211563195879,11.45272445678711,29.552289962768555
471,22,1,False,0.0,0.0,,
471,15,1,False,6.169640936947778,45.17197715264075,8.403984069824219,32.49869918823242
471,132,1,False,12.587904678048753,31.546012804754675,1.2367345094680786,21.86005401611328
471,10,2,False,0.0,0.0,,
471,134,2,False,0.0,0.0,,
471,142,1,False,13.790889188168897,12.833977595460937,16.270946502685547,7.49951171875
471,19,1,False,4.179810525284022,15.056111399903873,13.480076789855957,46.31635284423828
471,120,2,False,0.0,0.0,,
472,1,2,False,1.7842894263470939,42.353521985949676,17.723278045654297,43.54570770263672
472,6,1,False,8.684426938790875,40.52798209841851,15.270398139953613,55.60201644897461
472,11,1,False,4.959274068713945,44.49324777566115,3.8629086017608643,51.19159698486328
472,14,2,False,9.329359819755188,43.60169046257014,7.696990013122559,50.58416748046875
472,34,2,False,1.9621952764342885,32.90706121393246,23.22380828857422,56.68368911743164
472,3,2,False,10.097188488425303,49.165091219919404,2.365191698074341,43.06547927856445
472,5,1,False,2.7731547354353845,48.9104396401901,13.33133602142334,45.27985382080078
472,12,1,False,5.253028338215406,44.640708220330076,0.8771491050720215,41.09156799316406
472,13,2,False,0.0,0.0,,
472,7,2,False,9.820429161570354,32.41870345435398,20.32659912109375,37.0928840637207
472,156,2,False,0.0,0.0,,
472,8,2,False,5.201395836260384,36.72211563195879,11.984536170959473,29.557233810424805
472,22,1,False,0.0,0.0,,
472,15,1,False,6.169640936947778,45.17197715264075,8.9597806930542,32.5164794921875
472,132,1,False,12.587904678048753,31.546012804754675,1.7320512533187866,21.991819381713867
472,10,2,False,0.0,0.0,,
472,134,2,False,0.0,0.0,,
472,142,1,False,13.790889188168897,12.833977595460937,16.853126525878906,7.449659824371338
472,19,1,False,4.179810525284022,15.056111399903873,14.043662071228027,46.36417007446289
472,120,2,False,0.0,0.0,,
473,1,2,False,1.7842894263470939,42.353521985949676,17.51286506652832,43.284217834472656
473,6,1,False,8.684426938790875,40.52798209841851,15.15377140045166,55.491485595703125
473,11,1,False,4.959274068713945,44.49324777566115,3.630908727645874,51.05344009399414
473,14,2,False,9.329359819755188,43.60169046257014,7.380868434906006,50.49822235107422
473,34,2,False,1.9621952764342885,32.90706121393246,23.06041145324707,56.495750427246094
473,3,2,False,10.097188488425303,49.165091219919404,2.015619993209839,42.88212966918945
473,5,1,False,2.7731547354353845,48.9104396401901,13.03900146484375,45.106658935546875
473,12,1,False,5.253028338215406,44.640708220330076,0.5837587714195251,40.913414001464844
473,13,2,False,0.0,0.0,,
473,7,2,False,9.820429161570354,32.41870345435398,20.051925659179688,36.662567138671875
473,156,2,False,0.0,0.0,,
473,8,2,False,5.201395836260384,36.72211563195879,11.66524887084961,29.1946964263916
473,22,1,False,0.0,0.0,,
473,15,1,False,6.169640936947778,45.17197715264075,8.619071006774902,32.17436981201172
473,132,1,False,12.587904678048753,31.546012804754675,1.3089545965194702,21.868244171142578
473,10,2,False,0.0,0.0,,
473,134,2,False,0.0,0.0,,
473,142,1,False,13.790889188168897,12.833977595460937,16.365306854248047,6.879960536956787
473,19,1,False,4.179810525284022,15.056111399903873,13.86461067199707,46.21501541137695
473,120,2,False,0.0,0.0,,
474,1,2,False,1.7842894263470939,42.353521985949676,17.6744384765625,43.66328430175781
474,6,1,False,8.684426938790875,40.52798209841851,15.42861270904541,55.78434753417969
474,11,1,False,4.959274068713945,44.49324777566115,3.841752529144287,51.34891891479492
474,14,2,False,9.329359819755188,43.60169046257014,7.51806116104126,50.86223220825195
474,34,2,False,1.9621952764342885,32.90706121393246,23.236724853515625,56.64264678955078
474,3,2,False,10.097188488425303,49.165091219919404,2.130277395248413,43.22581481933594
474,5,1,False,2.7731547354353845,48.9104396401901,13.192161560058594,45.45874786376953
474,12,1,False,5.253028338215406,44.640708220330076,0.7516376376152039,41.282127380371094
474,13,2,False,0.0,0.0,,
474,7,2,False,9.820429161570354,32.41870345435398,20.238683700561523,36.88925552368164
474,156,2,False,0.0,0.0,,
474,8,2,False,5.201395836260384,36.72211563195879,11.859288215637207,29.70976448059082
474,22,1,False,0.0,0.0,,
474,15,1,False,6.169640936947778,45.17197715264075,8.784923553466797,32.4071159362793
474,132,1,False,12.587904678048753,31.546012804754675,1.4892699718475342,22.439495086669922
474,10,2,False,0.0,0.0,,
474,134,2,False,0.0,0.0,,
474,142,1,False,13.790889188168897,12.833977595460937,16.477567672729492,7.670999526977539
474,19,1,False,4.179810525284022,15.056111399903873,14.064127922058105,46.652244567871094
474,120,2,False,0.0,0.0,,
475,1,2,False,7.069197244018607,42.76261904868223,17.71790885925293,43.54744338989258
475,6,1,False,7.0655743910014035,40.93686950530517,15.593735694885254,55.73139572143555
475,11,1,False,7.952296020667345,44.953450091671996,3.839569568634033,51.18910598754883
475,14,2,False,10.180913764418237,44.19086371282582,7.481505393981934,50.76106262207031
475,34,2,False,7.917312220711578,33.365239004482895,23.283525466918945,56.497737884521484
475,3,2,False,8.350423082838038,49.64833329647253,2.016788959503174,43.09041976928711
475,5,1,False,5.839220453748449,49.248357490522764,13.248435020446777,45.354496002197266
475,12,1,False,10.989798133163516,45.27669190859185,0.6738319993019104,41.05668640136719
475,13,2,False,0.0,0.0,,
475,7,2,False,3.7517736451343504,32.6358199847437,20.29001808166504,36.634395599365234
475,156,2,False,0.0,0.0,,
475,8,2,False,6.177221969895255,37.07959375521662,11.857739448547363,29.408748626708984
475,22,1,False,0.0,0.0,,
475,15,1,False,6.039983665713362,45.52151324440657,8.773128509521484,32.127220153808594
475,132,1,False,12.778272830717368,32.28549618616193,1.4561213254928589,22.388132095336914
475,10,2,False,0.0,0.0,,
475,134,2,False,0.0,0.0,,
475,142,1,False,20.557536631739737,14.023649854242171,16.369178771972656,7.380307674407959
475,19,1,False,2.104442382694112,15.177896260013487,14.056192398071289,46.53927993774414
475,120,2,False,0.0,0.0,,
476,1,2,False,7.069197244018607,42.76261904868223,16.980125427246094,43.69458770751953
476,6,1,False,7.0655743910014035,40.93686950530517,15.05926513671875,55.75762176513672
476,11,1,False,7.952296020667345,44.953450091671996,3.2250888347625732,51.20952224731445
476,14,2,False,10.180913764418237,44.19086371282582,6.81720495223999,50.920387268066406
476,34,2,False,7.917312220711578,33.365239004482895,22.62299346923828,56.50376892089844
476,3,2,False,8.350423082838038,49.64833329647253,1.2684409618377686,43.12583923339844
476,5,1,False,5.839220453748449,49.248357490522764,12.569635391235352,45.40345764160156
476,12,1,False,10.989798133163516,45.27669190859185,,
476,13,2,False,0.0,0.0,,
476,7,2,False,3.7517736451343504,32.6358199847437,19.41171646118164,36.70719528198242
476,156,2,False,0.0,0.0,,
476,8,2,False,6.177221969895255,37.07959375521662,10.981656074523926,29.517810821533203
476,22,1,False,0.0,0.0,,
476,15,1,False,6.039983665713362,45.52151324440657,7.923954010009766,32.09901809692383
476,132,1,False,12.778272830717368,32.28549618616193,0.5522218346595764,22.670692443847656
476,10,2,False,0.0,0.0,,
476,134,2,False,0.0,0.0,,
476,142,1,False,20.557536631739737,14.023649854242171,15.11488151550293,7.809453964233398
476,19,1,False,2.104442382694112,15.177896260013487,13.35336971282959,46.4936408996582
476,120,2,False,0.0,0.0,22.644092559814453,16.699195861816406
477,1,2,False,7.069197244018607,42.76261904868223,17.8039608001709,43.93341064453125
477,6,1,False,7.0655743910014035,40.93686950530517,15.705549240112305,55.94294357299805
477,11,1,False,7.952296020667345,44.953450091671996,3.818009853363037,51.455909729003906
477,14,2,False,10.180913764418237,44.19086371282582,7.419393062591553,51.101768493652344
477,34,2,False,7.917312220711578,33.365239004482895,23.219215393066406,56.680824279785156
477,3,2,False,8.350423082838038,49.64833329647253,1.915598750114441,43.41312789916992
477,5,1,False,5.839220453748449,49.248357490522764,13.277246475219727,45.616085052490234
477,12,1,False,10.989798133163516,45.27669190859185,0.598953127861023,41.40154266357422
477,13,2,False,0.0,0.0,,
477,7,2,False,3.7517736451343504,32.6358199847437,20.219942092895508,37.07046127319336
477,156,2,False,0.0,0.0,,
477,8,2,False,6.177221969895255,37.07959375521662,11.792594909667969,29.779258728027344
477,22,1,False,0.0,0.0,,
477,15,1,False,6.039983665713362,45.52151324440657,8.731353759765625,32.35300064086914
477,132,1,False,12.778272830717368,32.28549618616193,1.415583848953247,23.09479522705078
477,10,2,False,0.0,0.0,,
477,134,2,False,0.0,0.0,,
477,142,1,False,20.557536631739737,14.023649854242171,16.044343948364258,8.351625442504883
477,19,1,False,2.104442382694112,15.177896260013487,14.029930114746094,46.69888687133789
477,120,2,False,0.0,0.0,,
478,1,2,False,7.069197244018607,42.76261904868223,17.81028175354004,44.0402717590332
478,6,1,False,7.0655743910014035,40.93686950530517,15.758197784423828,55.897308349609375
478,11,1,False,7.952296020667345,44.953450091671996,3.78306245803833,51.52662658691406
478,14,2,False,10.180913764418237,44.19086371282582,7.339943885803223,51.16682815551758
478,34,2,False,7.917312220711578,33.365239004482895,23.177370071411133,56.8137321472168
478,3,2,False,8.350423082838038,49.64833329647253,1.8341296911239624,43.40940475463867
478,5,1,False,5.839220453748449,49.248357490522764,13.20238208770752,45.7003173828125
478,12,1,False,10.989798133163516,45.27669190859185,0.4977111220359802,41.485252380371094
478,13,2,False,0.0,0.0,,
478,7,2,False,3.7517736451343504,32.6358199847437,20.171361923217773,37.07681655883789
478,156,2,False,0.0,0.0,,
478,8,2,False,6.177221969895255,37.07959375521662,11.689697265625,29.77851104736328
478,22,1,False,0.0,0.0,,
478,15,1,False,6.039983665713362,45.52151324440657,8.625869750976562,32.46981430053711
478,132,1,False,12.778272830717368,32.28549618616193,1.2831010818481445,23.091276168823242
478,10,2,False,0.0,0.0,,
478,134,2,False,0.0,0.0,,
478,142,1,False,20.557536631739737,14.023649854242171,15.879438400268555,8.35300350189209
478,19,1,False,2.104442382694112,15.177896260013487,13.980452537536621,46.616241455078125
478,120,2,False,0.0,0.0,23.30425262451172,17.174968719482422
479,1,2,False,7.069197244018607,42.76261904868223,17.66098976135254,43.90739822387695
479,6,1,False,7.0655743910014035,40.93686950530517,15.669665336608887,55.8072509765625
479,11,1,False,7.952296020667345,44.953450091671996,3.582676649093628,51.479251861572266
479,14,2,False,10.180913764418237,44.19086371282582,7.053364276885986,51.173484802246094
479,34,2,False,7.917312220711578,33.365239004482895,23.113344192504883,56.79281234741211
479,3,2,False,8.350423082838038,49.64833329647253,1.566271424293518,43.34838104248047
479,5,1,False,5.839220453748449,49.248357490522764,12.96560287475586,45.5583381652832
479,12,1,False,10.989798133163516,45.27669190859185,0.2237953543663025,41.42293930053711
479,13,2,False,0.0,0.0,,
479,7,2,False,3.7517736451343504,32.6358199847437,19.93463706970215,36.90660858154297
479,156,2,False,0.0,0.0,,
479,8,2,False,6.177221969895255,37.07959375521662,11.37168025970459,29.577089309692383
479,22,1,False,0.0,0.0,,
479,15,1,False,6.039983665713362,45.52151324440657,8.334845542907715,32.40300750732422
479,132,1,False,12.778272830717368,32.28549618616193,0.9061514735221863,22.865205764770508
479,10,2,False,0.0,0.0,,
479,134,2,False,0.0,0.0,,
479,142,1,False,20.557536631739737,14.023649854242171,15.418533325195312,8.04921817779541
479,19,1,False,2.104442382694112,15.177896260013487,13.768660545349121,46.48086166381836
479,120,2,False,0.0,0.0,22.851104736328125,17.078298568725586
480,1,2,False,3.1405334504341935,42.944362882619394,17.859905242919922,43.93110656738281
480,6,1,False,6.887111228942621,41.33542918290601,15.921295166015625,55.97612762451172
480,11,1,False,9.57650133781435,45.50764577094366,3.7091445922851562,51.63043975830078
480,14,2,False,12.544884472387931,44.91684082349642,7.159820079803467,51.25466537475586
480,34,2,False,9.785805626635646,33.931547200468756,23.316505432128906,56.95472717285156
480,3,2,False,14.611108056062147,50.49388353119835,1.6889032125473022,43.445404052734375
480,5,1,False,9.388095747594884,49.79165006850858,13.099934577941895,45.65803527832031
480,12,1,False,10.205288619259223,45.86727574072491,0.3764539957046509,41.61886215209961
480,13,2,False,0.0,0.0,,
480,7,2,False,8.985121826579993,33.15579231267078,20.17854881286621,36.82071304321289
480,156,2,False,0.0,0.0,,
480,8,2,False,10.845552537614592,37.70722989743969,11.549657821655273,29.59006690979004
480,22,1,False,0.0,0.0,,
480,15,1,False,8.888132907010514,46.03587278763634,8.606316566467285,32.434383392333984
480,132,1,False,20.734206696342074,33.485392407015055,1.0651960372924805,23.015836715698242
480,10,2,False,0.0,0.0,,
480,134,2,False,0.0,0.0,,
480,142,1,False,25.434657651279867,15.495562912765312,15.554498672485352,8.247265815734863
480,19,1,False,10.588227721123689,15.790640919800737,13.9440336227417,46.586734771728516
480,120,2,False,16.049408177093426,0.9287851954336475,22.970478057861328,17.073007583618164
481,1,2,False,3.1405334504341935,42.944362882619394,17.774494171142578,43.76500701904297
481,6,1,False,6.887111228942621,41.33542918290601,15.934128761291504,56.0040168762207
481,11,1,False,9.57650133781435,45.50764577094366,3.5935840606689453,51.7706184387207
481,14,2,False,12.544884472387931,44.91684082349642,6.981701850891113,51.24832534790039
481,34,2,False,9.785805626635646,33.931547200468756,23.251718521118164,56.902366638183594
481,3,2,False,14.611108056062147,50.49388353119835,1.4960670471191406,43.44340896606445
481,5,1,False,9.388095747594884,49.79165006850858,12.997085571289062,45.58641052246094
481,12,1,False,10.205288619259223,45.86727574072491,0.26776573061943054,41.63420104980469
481,13,2,False,0.0,0.0,,
481,7,2,False,8.985121826579993,33.15579231267078,20.015230178833008,36.72260284423828
481,156,2,False,0.0,0.0,,
481,8,2,False,10.845552537614592,37.70722989743969,11.316022872924805,29.470890045166016
481,22,1,False,0.0,0.0,,
481,15,1,False,8.888132907010514,46.03587278763634,8.475071907043457,32.45832061767578
481,132,1,False,20.734206696342074,33.485392407015055,0.8402746319770813,22.890764236450195
481,10,2,False,0.0,0.0,,
481,134,2,False,0.0,0.0,,
481,142,1,False,25.434657651279867,15.495562912765312,15.297602653503418,8.082889556884766
481,19,1,False,10.588227721123689,15.790640919800737,13.894925117492676,46.610992431640625
481,120,2,False,16.049408177093426,0.9287851954336475,22.705137252807617,16.921937942504883
482,1,2,False,3.1405334504341935,42.944362882619394,17.497665405273438,43.697532653808594
482,6,1,False,6.887111228942621,41.33542918290601,15.79779052734375,56.15867233276367
482,11,1,False,9.57650133781435,45.50764577094366,3.322427988052368,51.90883255004883
482,14,2,False,12.544884472387931,44.91684082349642,6.650978088378906,51.45303726196289
482,34,2,False,9.785805626635646,33.931547200468756,23.055992126464844,56.91865158081055
482,3,2,False,14.611108056062147,50.49388353119835,1.1559267044067383,43.6218376159668
482,5,1,False,9.388095747594884,49.79165006850858,12.686979293823242,45.68645095825195
482,12,1,False,10.205288619259223,45.86727574072491,,
482,13,2,False,0.0,0.0,,
482,7,2,False,8.985121826579993,33.15579231267078,19.636459350585938,36.74892044067383
482,156,2,False,0.0,0.0,,
482,8,2,False,10.845552537614592,37.70722989743969,10.942097663879395,29.642101287841797
482,22,1,False,0.0,0.0,,
482,15,1,False,8.888132907010514,46.03587278763634,8.106529235839844,32.49143600463867
482,132,1,False,20.734206696342074,33.485392407015055,0.3994468152523041,23.07682228088379
482,10,2,False,0.0,0.0,,
482,134,2,False,0.0,0.0,,
482,142,1,False,25.434657651279867,15.495562912765312,14.711295127868652,8.364303588867188
482,19,1,False,10.588227721123689,15.790640919800737,13.616899490356445,46.79731750488281
482,120,2,False,16.049408177093426,0.9287851954336475,22.196086883544922,16.807889938354492
483,1,2,False,3.1405334504341935,42.944362882619394,17.821327209472656,43.65507125854492
483,6,1,False,6.887111228942621,41.33542918290601,16.17529296875,56.1624870300293
483,11,1,False,9.57650133781435,45.50764577094366,3.5751090049743652,51.88446807861328
483,14,2,False,12.544884472387931,44.91684082349642,6.847822666168213,51.55459213256836
483,34,2,False,9.785805626635646,33.931547200468756,23.272869110107422,57.02067565917969
483,3,2,False,14.611108056062147,50.49388353119835,1.3542239665985107,43.65151596069336
483,5,1,False,9.388095747594884,49.79165006850858,12.944087982177734,45.81324005126953
483,12,1,False,10.205288619259223,45.86727574072491,0.21018372476100922,41.77931213378906
483,13,2,False,0.0,0.0,,
483,7,2,False,8.985121826579993,33.15579231267078,19.946491241455078,36.680545806884766
483,156,2,False,0.0,0.0,,
483,8,2,False,10.845552537614592,37.70722989743969,11.28159236907959,29.56074333190918
483,22,1,False,0.0,0.0,,
483,15,1,False,8.888132907010514,46.03587278763634,8.375938415527344,32.40964126586914
483,132,1,False,20.734206696342074,33.485392407015055,0.715203583240509,23.26087760925293
483,10,2,False,0.0,0.0,,
483,134,2,False,0.0,0.0,,
483,142,1,False,25.434657651279867,15.495562912765312,15.0133056640625,8.189862251281738
483,19,1,False,10.588227721123689,15.790640919800737,13.990089416503906,46.85997009277344
483,120,2,False,16.049408177093426,0.9287851954336475,22.527328491210938,16.667465209960938
484,1,2,False,3.1405334504341935,42.944362882619394,17.19563102722168,43.66588592529297
484,6,1,False,6.887111228942621,41.33542918290601,15.75030517578125,56.1018180847168
484,11,1,False,9.57650133781435,45.50764577094366,3.0944437980651855,51.94915771484375
484,14,2,False,12.544884472387931,44.91684082349642,6.290687561035156,51.61028289794922
484,34,2,False,9.785805626635646,33.931547200468756,22.678905487060547,57.12376022338867
484,3,2,False,14.611108056062147,50.49388353119835,0.7396544218063354,43.82075881958008
484,5,1,False,9.388095747594884,49.79165006850858,12.3894624710083,45.91079330444336
484,12,1,False,10.205288619259223,45.86727574072491,,
484,13,2,False,0.0,0.0,,
484,7,2,False,8.985121826579993,33.15579231267078,19.252094268798828,36.70939636230469
484,156,2,False,0.0,0.0,,
484,8,2,False,10.845552537614592,37.70722989743969,10.566608428955078,29.6097354888916
484,22,1,False,0.0,0.0,,
484,15,1,False,8.888132907010514,46.03587278763634,7.646811008453369,32.44060134887695
484,132,1,False,20.734206696342074,33.485392407015055,,
484,10,2,False,0.0,0.0,,
484,134,2,False,0.0,0.0,,
484,142,1,False,25.434657651279867,15.495562912765312,13.961843490600586,8.704364776611328
484,19,1,False,10.588227721123689,15.790640919800737,13.374001502990723,46.94096755981445
484,120,2,False,16.049408177093426,0.9287851954336475,21.554000854492188,16.749174118041992
485,1,2,False,9.284855252605734,43.48168089492297,17.707921981811523,44.030765533447266
485,6,1,False,2.6500835793763686,41.488790501156956,16.255592346191406,56.19314193725586
485,11,1,False,8.097791679028232,45.97626797459113,3.583219051361084,52.17013931274414
485,14,2,False,12.065325605140371,45.615065684905005,6.705560207366943,51.820960998535156
485,34,2,False,11.927852559812807,34.621816445828294,23.032644271850586,57.44475555419922
485,3,2,False,10.99149962374369,51.129965685350186,1.2317949533462524,44.15674591064453
485,5,1,False,13.019278192551676,50.54508051946643,12.926204681396484,46.17280197143555
485,12,1,False,0.0,0.0,0.08534865081310272,42.13271713256836
485,13,2,False,0.0,0.0,,
485,7,2,False,17.087699599891128,34.14466381729411,19.758636474609375,37.12738037109375
485,156,2,False,0.0,0.0,,
485,8,2,False,17.720697104027852,38.73273320207093,11.16447639465332,30.085609436035156
485,22,1,False,0.0,0.0,,
485,15,1,False,12.702402770092473,46.770965540535215,8.212370872497559,32.765098571777344
485,132,1,False,0.0,0.0,0.591111958026886,24.118104934692383
485,10,2,False,0.0,0.0,,
485,134,2,False,0.0,0.0,,
485,142,1,False,38.29940736368918,17.711963801867697,14.6275053024292,9.390599250793457
485,19,1,False,10.582823213854866,16.403072818750672,13.902843475341797,47.19809341430664
485,120,2,False,33.87493759964706,2.889140380598408,22.083559036254883,17.348718643188477
486,1,2,False,9.284855252605734,43.48168089492297,17.354623794555664,44.066558837890625
486,6,1,False,2.6500835793763686,41.488790501156956,16.023311614990234,56.025150299072266
486,11,1,False,8.097791679028232,45.97626797459113,3.2297730445861816,52.17433547973633
486,14,2,False,12.065325605140371,45.615065684905005,6.344234943389893,51.75742721557617
486,34,2,False,11.927852559812807,34.621816445828294,22.67491340637207,57.38083267211914
486,3,2,False,10.99149962374369,51.129965685350186,0.7972670197486877,44.1666145324707
486,5,1,False,13.019278192551676,50.54508051946643,12.51003360748291,46.187461853027344
486,12,1,False,0.0,0.0,,
486,13,2,False,0.0,0.0,,
486,7,2,False,17.087699599891128,34.14466381729411,19.238012313842773,37.044002532958984
486,156,2,False,0.0,0.0,,
486,8,2,False,17.720697104027852,38.73273320207093,10.616618156433105,30.001047134399414
486,22,1,False,0.0,0.0,,
486,15,1,False,12.702402770092473,46.770965540535215,7.738448143005371,32.69139862060547
486,132,1,False,0.0,0.0,0.08748462051153183,24.183088302612305
486,10,2,False,0.0,0.0,,
486,134,2,False,0.0,0.0,,
486,142,1,False,38.29940736368918,17.711963801867697,13.900406837463379,9.691137313842773
486,19,1,False,10.582823213854866,16.403072818750672,13.480461120605469,47.126041412353516
486,120,2,False,33.87493759964706,2.889140380598408,21.36717414855957,17.247150421142578
487,1,2,False,9.284855252605734,43.48168089492297,17.735292434692383,44.13790512084961
487,6,1,False,2.6500835793763686,41.488790501156956,16.358509063720703,56.090980529785156
487,11,1,False,8.097791679028232,45.97626797459113,3.5092132091522217,52.29561233520508
487,14,2,False,12.065325605140371,45.615065684905005,6.571671009063721,51.80196762084961
487,34,2,False,11.927852559812807,34.621816445828294,22.916221618652344,57.492916107177734
487,3,2,False,10.99149962374369,51.129965685350186,1.0705156326293945,44.302433013916016
487,5,1,False,13.019278192551676,50.54508051946643,12.775566101074219,46.152984619140625
487,12,1,False,0.0,0.0,,
487,13,2,False,0.0,0.0,,
487,7,2,False,17.087699599891128,34.14466381729411,19.58306121826172,37.10700988769531
487,156,2,False,0.0,0.0,,
487,8,2,False,17.720697104027852,38.73273320207093,10.927736282348633,30.056821823120117
487,22,1,False,0.0,0.0,,
487,15,1,False,12.702402770092473,46.770965540535215,8.055420875549316,32.86691665649414
487,132,1,False,0.0,0.0,0.4672584533691406,24.388551712036133
487,10,2,False,0.0,0.0,,
487,134,2,False,0.0,0.0,,
487,142,1,False,38.29940736368918,17.711963801867697,14.216246604919434,10.138494491577148
487,19,1,False,10.582823213854866,16.403072818750672,13.766088485717773,47.09724426269531
488,1,2,False,9.284855252605734,43.48168089492297,17.632394790649414,44.25190734863281
488,6,1,False,2.6500835793763686,41.488790501156956,16.33156967163086,56.17790603637695
488,11,1,False,8.097791679028232,45.97626797459113,3.44527006149292,52.312137603759766
488,14,2,False,12.065325605140371,45.615065684905005,6.446917533874512,51.80795669555664
488,34,2,False,11.927852559812807,34.621816445828294,22.78575325012207,57.495548248291016
488,3,2,False,10.99149962374369,51.129965685350186,0.9580852389335632,44.317710876464844
488,5,1,False,13.019278192551676,50.54508051946643,12.65421199798584,46.16732406616211
488,12,1,False,0.0,0.0,,
488,13,2,False,0.0,0.0,,
488,7,2,False,17.087699599891128,34.14466381729411,19.438230514526367,37.130069732666016
488,156,2,False,0.0,0.0,,
488,8,2,False,17.720697104027852,38.73273320207093,10.769776344299316,30.212299346923828
488,22,1,False,0.0,0.0,,
488,15,1,False,12.702402770092473,46.770965540535215,7.929089069366455,33.13048553466797
488,132,1,False,0.0,0.0,0.35518473386764526,24.567684173583984
488,10,2,False,0.0,0.0,,
488,134,2,False,0.0,0.0,,
488,142,1,False,38.29940736368918,17.711963801867697,13.945241928100586,10.377169609069824
488,19,1,False,10.582823213854866,16.403072818750672,13.700493812561035,47.037742614746094
488,120,2,False,33.87493759964706,2.889140380598408,21.302444458007812,17.666311264038086
489,1,2,False,9.284855252605734,43.48168089492297,17.49234962463379,44.13087844848633
489,6,1,False,2.6500835793763686,41.488790501156956,16.289180755615234,56.10371398925781
489,11,1,False,8.097791679028232,45.97626797459113,3.3324038982391357,52.354862213134766
489,14,2,False,12.065325605140371,45.615065684905005,6.2957987785339355,51.70802307128906
489,34,2,False,11.927852559812807,34.621816445828294,22.61684226989746,57.39659118652344
489,3,2,False,10.99149962374369,51.129965685350186,0.8348292708396912,44.37577819824219
489,5,1,False,13.019278192551676,50.54508051946643,12.471217155456543,46.045589447021484
489,12,1,False,0.0,0.0,,
489,13,2,False,0.0,0.0,,
489,7,2,False,17.087699599891128,34.14466381729411,19.163606643676758,37.077903747558594
489,156,2,False,0.0,0.0,,
489,8,2,False,17.720697104027852,38.73273320207093,10.512147903442383,30.41768455505371
489,22,1,False,0.0,0.0,,
489,15,1,False,12.702402770092473,46.770965540535215,7.778314113616943,33.10056686401367
489,132,1,False,0.0,0.0,0.17605221271514893,24.80820655822754
489,10,2,False,0.0,0.0,,
489,134,2,False,0.0,0.0,,
489,142,1,False,38.29940736368918,17.711963801867697,13.580587387084961,10.704012870788574
489,19,1,False,10.582823213854866,16.403072818750672,13.55098819732666,47.007442474365234
489,120,2,False,33.87493759964706,2.889140380598408,20.867033004760742,17.93893814086914
490,1,2,False,7.814451763497243,43.93390611271795,17.17061424255371,44.027442932128906
490,6,1,False,6.390325708357443,41.8586010166869,16.190893173217773,56.05409622192383
490,11,1,False,4.6629111993421795,46.24611237270121,3.152554988861084,52.354896545410156
490,14,2,False,5.236858264628294,45.91812461225618,6.035351276397705,51.625160217285156
490,34,2,False,4.9399357638155,34.90769235808614,22.390066146850586,57.19263458251953
490,3,2,False,4.435077955805338,51.38662528927411,0.6107556223869324,44.29426193237305
490,5,1,False,4.22602918220786,50.78964239343679,12.204848289489746,45.9553108215332
490,12,1,False,0.0,0.0,,
490,13,2,False,0.0,0.0,,
490,7,2,False,9.349249860538219,34.68570836940859,18.78460693359375,36.956695556640625
490,156,2,False,0.0,0.0,,
490,8,2,False,14.691640469762262,39.5829438774044,10.160826683044434,30.29619026184082
490,22,1,False,0.0,0.0,,
490,15,1,False,5.722001151172569,47.102099866413255,7.515265464782715,32.998348236083984
490,132,1,False,0.0,0.0,,
490,10,2,False,0.0,0.0,,
490,134,2,False,0.0,0.0,,
490,142,1,False,41.738543912441166,20.127388796800634,13.013158798217773,10.909255981445312
490,19,1,False,3.389079521754264,16.599200105889228,13.351982116699219,46.93046569824219
490,120,2,False,28.026314383905763,4.511033574111473,20.27546501159668,18.1062068939209
491,1,2,False,7.814451763497243,43.93390611271795,17.273075103759766,44.068912506103516
491,6,1,False,6.390325708357443,41.8586010166869,16.3654842376709,56.039241790771484
491,11,1,False,4.6629111993421795,46.24611237270121,3.2792279720306396,52.46152877807617
491,14,2,False,5.236858264628294,45.91812461225618,6.125560760498047,51.659297943115234
491,34,2,False,4.9399357638155,34.90769235808614,22.41887092590332,57.14914321899414
491,3,2,False,4.435077955805338,51.38662528927411,0.7318621277809143,44.337196350097656
491,5,1,False,4.22602918220786,50.78964239343679,12.293254852294922,46.07782745361328
491,12,1,False,0.0,0.0,,
491,13,2,False,0.0,0.0,,
491,7,2,False,9.349249860538219,34.68570836940859,18.847063064575195,36.995235443115234
491,156,2,False,0.0,0.0,,
491,8,2,False,14.691640469762262,39.5829438774044,10.288143157958984,30.601667404174805
491,22,1,False,0.0,0.0,,
491,15,1,False,5.722001151172569,47.102099866413255,7.651681423187256,33.16792678833008
491,132,1,False,0.0,0.0,0.054684463888406754,25.029067993164062
491,10,2,False,0.0,0.0,,
491,134,2,False,0.0,0.0,,
491,142,1,False,41.738543912441166,20.127388796800634,13.061751365661621,11.348356246948242
491,19,1,False,3.389079521754264,16.599200105889228,13.642799377441406,47.00527572631836
491,120,2,False,28.026314383905763,4.511033574111473,20.229930877685547,18.312898635864258
492,1,2,False,7.814451763497243,43.93390611271795,17.271085739135742,44.03214645385742
492,6,1,False,6.390325708357443,41.8586010166869,16.42881202697754,55.89696502685547
492,11,1,False,4.6629111993421795,46.24611237270121,3.3472421169281006,52.514774322509766
492,14,2,False,5.236858264628294,45.91812461225618,6.119093418121338,51.630950927734375
492,34,2,False,4.9399357638155,34.90769235808614,22.363248825073242,57.047889709472656
492,3,2,False,4.435077955805338,51.38662528927411,0.7433391809463501,44.3066520690918
492,5,1,False,4.22602918220786,50.78964239343679,12.332208633422852,46.05170822143555
492,12,1,False,0.0,0.0,,
492,13,2,False,0.0,0.0,,
492,7,2,False,9.349249860538219,34.68570836940859,18.84235382080078,36.83737564086914
492,156,2,False,0.0,0.0,,
492,8,2,False,14.691640469762262,39.5829438774044,10.297942161560059,30.679828643798828
492,22,1,False,0.0,0.0,,
492,15,1,False,5.722001151172569,47.102099866413255,7.669284820556641,33.125247955322266
492,132,1,False,0.0,0.0,0.07968603074550629,25.25201416015625
492,10,2,False,0.0,0.0,,
492,134,2,False,0.0,0.0,,
492,142,1,False,41.738543912441166,20.127388796800634,12.95632266998291,11.638595581054688
492,19,1,False,3.389079521754264,16.599200105889228,13.682099342346191,46.97985076904297
492,120,2,False,28.026314383905763,4.511033574111473,20.045352935791016,18.38703727722168
493,1,2,False,7.814451763497243,43.93390611271795,16.98798370361328,44.20831298828125
493,6,1,False,6.390325708357443,41.8586010166869,16.254362106323242,55.828582763671875
493,11,1,False,4.6629111993421795,46.24611237270121,3.186131238937378,52.580169677734375
493,14,2,False,5.236858264628294,45.91812461225618,5.888613224029541,51.75678634643555
493,34,2,False,4.9399357638155,34.90769235808614,22.113182067871094,57.029754638671875
493,3,2,False,4.435077955805338,51.38662528927411,0.5462614893913269,44.39191818237305
493,5,1,False,4.22602918220786,50.78964239343679,12.109360694885254,46.13486099243164
493,12,1,False,0.0,0.0,,
493,13,2,False,0.0,0.0,,
493,7,2,False,9.349249860538219,34.68570836940859,18.4953670501709,36.940799713134766
493,156,2,False,0.0,0.0,23.290443420410156,38.80177688598633
493,8,2,False,14.691640469762262,39.5829438774044,10.022942543029785,30.940412521362305
493,22,1,False,0.0,0.0,,
493,15,1,False,5.722001151172569,47.102099866413255,7.369357585906982,33.2431526184082
493,132,1,False,0.0,0.0,,
493,10,2,False,0.0,0.0,,
493,134,2,False,0.0,0.0,,
493,142,1,False,41.738543912441166,20.127388796800634,12.524369239807129,12.22532844543457
493,19,1,False,3.389079521754264,16.599200105889228,13.47994327545166,47.064491271972656
493,120,2,False,28.026314383905763,4.511033574111473,19.46649742126465,18.882909774780273
494,1,2,False,7.814451763497243,43.93390611271795,17.07074737548828,44.327003479003906
494,6,1,False,6.390325708357443,41.8586010166869,16.441709518432617,55.742862701416016
494,11,1,False,4.6629111993421795,46.24611237270121,3.326824903488159,52.483707427978516
494,14,2,False,5.236858264628294,45.91812461225618,5.936824798583984,51.774436950683594
494,34,2,False,4.9399357638155,34.90769235808614,22.21611213684082,57.057640075683594
494,3,2,False,4.435077955805338,51.38662528927411,0.6838917136192322,44.427818298339844
494,5,1,False,4.22602918220786,50.78964239343679,12.280932426452637,46.0922737121582
494,12,1,False,0.0,0.0,,
494,13,2,False,0.0,0.0,,
494,7,2,False,9.349249860538219,34.68570836940859,18.534584045410156,37.073856353759766
494,156,2,False,0.0,0.0,,
494,8,2,False,14.691640469762262,39.5829438774044,10.123250007629395,30.848350524902344
494,22,1,False,0.0,0.0,,
494,15,1,False,5.722001151172569,47.102099866413255,7.512911796569824,33.166282653808594
494,132,1,False,0.0,0.0,,
494,10,2,False,0.0,0.0,,
494,134,2,False,0.0,0.0,,
494,142,1,False,41.738543912441166,20.127388796800634,12.538326263427734,12.624814987182617
494,19,1,False,3.389079521754264,16.599200105889228,13.58738899230957,47.01133728027344
494,120,2,False,28.026314383905763,4.511033574111473,19.448354721069336,18.900569915771484
494,213,2,False,0.0,0.0,,
495,1,2,False,7.379415738505599,44.36095563462221,17.000812530517578,44.44657897949219
495,6,1,False,9.834077171327893,42.427702704842446,16.497591018676758,55.84746551513672
495,11,1,False,2.9197996144672533,46.4150822577977,3.3084328174591064,52.575164794921875
495,14,2,False,8.132619211672173,46.38876229811684,5.8369269371032715,51.85422897338867
495,34,2,False,7.79560738395287,35.35882704465748,22.110950469970703,57.13083267211914
495,3,2,False,4.181209483680988,51.628593430690835,0.6679158806800842,44.54447555541992
495,5,1,False,5.625271058252439,51.11517891301159,12.200882911682129,46.1998405456543
495,12,1,False,0.0,0.0,,
495,13,2,False,0.0,0.0,,
495,7,2,False,10.288788046371991,35.28112434431437,18.38355255126953,37.319854736328125
495,156,2,False,15.098214977552697,0.8737392926824478,23.16083335876465,38.95042419433594
495,8,2,False,8.08664556244784,40.05092105115717,9.995494842529297,31.130170822143555
495,22,1,False,0.0,0.0,,
495,15,1,False,6.503096839546914,47.47843648907222,7.454606533050537,33.32387924194336
495,132,1,False,0.0,0.0,,
495,10,2,False,0.0,0.0,,
495,134,2,False,0.0,0.0,,
495,142,1,False,21.292528166490918,21.359595287917006,12.355415344238281,13.23340129852295
495,19,1,False,1.0720462690768313,16.661239820534878,13.51778507232666,47.03522872924805
495,120,2,False,23.552171014577876,5.874006433751397,19.136625289916992,19.261014938354492
495,213,2,False,0.0,0.0,,
496,1,2,False,7.379415738505599,44.36095563462221,17.031410217285156,44.30937194824219
496,6,1,False,9.834077171327893,42.427702704842446,16.48957061767578,55.80986785888672
496,11,1,False,2.9197996144672533,46.4150822577977,3.292128801345825,52.403507232666016
496,14,2,False,8.132619211672173,46.38876229811684,5.788788318634033,51.66938781738281
496,34,2,False,7.79560738395287,35.35882704465748,22.030736923217773,57.014366149902344
496,3,2,False,4.181209483680988,51.628593430690835,0.6485342383384705,44.49486541748047
496,5,1,False,5.625271058252439,51.11517891301159,12.188488006591797,45.98019027709961
496,12,1,False,0.0,0.0,,
496,13,2,False,0.0,0.0,,
496,7,2,False,10.288788046371991,35.28112434431437,18.34552764892578,37.13945770263672
496,156,2,False,15.098214977552697,0.8737392926824478,23.08342933654785,38.76563262939453
496,8,2,False,8.08664556244784,40.05092105115717,9.96267318725586,30.931011199951172
496,22,1,False,0.0,0.0,,
496,15,1,False,6.503096839546914,47.47843648907222,7.4117631912231445,33.25175476074219
496,132,1,False,0.0,0.0,,
496,10,2,False,0.0,0.0,,
496,134,2,False,0.0,0.0,,
496,142,1,False,21.292528166490918,21.359595287917006,12.242823600769043,13.480732917785645
496,19,1,False,1.0720462690768313,16.661239820534878,13.50954818725586,46.81978988647461
496,120,2,False,23.552171014577876,5.874006433751397,18.946552276611328,19.304353713989258
496,213,2,False,0.0,0.0,,
497,1,2,False,7.379415738505599,44.36095563462221,16.811983108520508,44.190128326416016
497,6,1,False,9.834077171327893,42.427702704842446,16.41872215270996,55.74057388305664
497,11,1,False,2.9197996144672533,46.4150822577977,3.1347877979278564,52.382755279541016
497,14,2,False,8.132619211672173,46.38876229811684,5.590991973876953,51.572452545166016
497,34,2,False,7.79560738395287,35.35882704465748,21.83014488220215,56.98493576049805
497,3,2,False,4.181209483680988,51.628593430690835,0.4598216116428375,44.63698196411133
497,5,1,False,5.625271058252439,51.11517891301159,11.919844627380371,45.94245910644531
497,12,1,False,0.0,0.0,,
497,13,2,False,0.0,0.0,,
497,7,2,False,10.288788046371991,35.28112434431437,18.059349060058594,37.10456848144531
497,156,2,False,15.098214977552697,0.8737392926824478,22.774173736572266,38.6159553527832
497,8,2,False,8.08664556244784,40.05092105115717,9.656299591064453,31.019920349121094
497,22,1,False,0.0,0.0,,
497,15,1,False,6.503096839546914,47.47843648907222,7.115694999694824,33.44814682006836
497,132,1,False,0.0,0.0,,
497,10,2,False,0.0,0.0,,
497,134,2,False,0.0,0.0,,
497,142,1,False,21.292528166490918,21.359595287917006,11.834305763244629,13.624356269836426
497,19,1,False,1.0720462690768313,16.661239820534878,13.297220230102539,46.70824432373047
497,120,2,False,23.552171014577876,5.874006433751397,18.44815444946289,19.413795471191406
497,213,2,False,0.0,0.0,,
498,1,2,False,7.379415738505599,44.36095563462221,16.75777816772461,43.99150085449219
498,6,1,False,9.834077171327893,42.427702704842446,16.462373733520508,55.55048370361328
498,11,1,False,2.9197996144672533,46.4150822577977,3.079202175140381,52.30322265625
498,14,2,False,8.132619211672173,46.38876229811684,5.536840438842773,51.490203857421875
498,34,2,False,7.79560738395287,35.35882704465748,21.73746681213379,56.89935302734375
498,3,2,False,4.181209483680988,51.628593430690835,0.35259929299354553,44.53104019165039
498,5,1,False,5.625271058252439,51.11517891301159,11.824015617370605,45.8358039855957
498,12,1,False,0.0,0.0,,
498,13,2,False,0.0,0.0,,
498,7,2,False,10.288788046371991,35.28112434431437,17.93280792236328,36.96554183959961
498,156,2,False,15.098214977552697,0.8737392926824478,22.604711532592773,38.470664978027344
498,8,2,False,8.08664556244784,40.05092105115717,9.502583503723145,30.988067626953125
498,22,1,False,0.0,0.0,,
498,15,1,False,6.503096839546914,47.47843648907222,7.067746162414551,33.435062408447266
498,132,1,False,0.0,0.0,,
498,10,2,False,0.0,0.0,,
498,134,2,False,0.0,0.0,,
498,142,1,False,21.292528166490918,21.359595287917006,11.647712707519531,13.58706283569336
498,19,1,False,1.0720462690768313,16.661239820534878,13.234821319580078,46.693241119384766
498,120,2,False,23.552171014577876,5.874006433751397,18.15221405029297,19.52495765686035
498,213,2,False,0.0,0.0,,
499,1,2,False,7.379415738505599,44.36095563462221,16.81343650817871,44.053096771240234
499,6,1,False,9.834077171327893,42.427702704842446,16.594573974609375,55.48115921020508
499,11,1,False,2.9197996144672533,46.4150822577977,3.171260118484497,52.35768127441406
499,14,2,False,8.132619211672173,46.38876229811684,5.63198709487915,51.47760009765625
499,34,2,False,7.79560738395287,35.35882704465748,21.74275779724121,57.00138854980469
499,3,2,False,4.181209483680988,51.628593430690835,0.4606425166130066,44.67953872680664
499,5,1,False,5.625271058252439,51.11517891301159,11.913431167602539,45.985103607177734
499,12,1,False,0.0,0.0,,
499,13,2,False,0.0,0.0,,
499,7,2,False,10.288788046371991,35.28112434431437,17.968250274658203,37.033939361572266
499,156,2,False,15.098214977552697,0.8737392926824478,22.613492965698242,38.42283248901367
499,8,2,False,8.08664556244784,40.05092105115717,9.563434600830078,31.191328048706055
499,22,1,False,0.0,0.0,,
499,15,1,False,6.503096839546914,47.47843648907222,7.236781597137451,33.52909469604492
499,132,1,False,0.0,0.0,,
499,10,2,False,0.0,0.0,,
499,134,2,False,0.0,0.0,,
499,142,1,False,21.292528166490918,21.359595287917006,11.747161865234375,13.885767936706543
499,19,1,False,1.0720462690768313,16.661239820534878,13.418891906738281,46.77427673339844
499,213,2,False,0.0,0.0,,
500,1,2,False,2.275080082178183,44.49261536160011,16.807214736938477,44.06593322753906
500,6,1,False,6.505459998616466,42.80417608439201,16.68919563293457,55.311588287353516
500,11,1,False,3.952914410968776,46.64383887880284,3.206324815750122,52.44053649902344
500,14,2,False,2.5057531921926715,46.53377116340577,5.650165557861328,51.42223358154297
500,34,2,False,3.994850902771792,35.5900105459753,21.67953109741211,56.998924255371094
500,3,2,False,1.4334055027552142,51.7115451380262,0.4787702262401581,44.69538116455078
500,5,1,False,3.749262907952994,51.33215014611072,11.898146629333496,46.08015441894531
500,12,1,False,0.0,0.0,,
500,13,2,True,0.0,0.0,,
500,7,2,False,7.0872669132000885,35.69126710549493,17.931594848632812,36.932228088378906
500,156,2,False,8.459172021517418,1.3632747105943355,22.557344436645508,38.31858444213867
500,8,2,False,5.5536449678144555,40.37231254235014,9.574942588806152,31.335447311401367
500,22,1,False,0.0,0.0,,
500,15,1,False,4.7755436337476365,47.754798967877065,7.326566696166992,33.677764892578125
500,132,1,False,0.0,0.0,,
500,10,2,False,0.0,0.0,,
500,134,2,False,0.0,0.0,,
500,142,1,False,0.0,0.0,11.679235458374023,14.263504981994629
500,19,1,False,1.2284874521892906,16.732332844388424,13.51818561553955,46.97319030761719
500,213,2,False,0.0,0.0,,
500,120,2,False,21.011386556325863,7.089943155760996,17.954845428466797,19.940052032470703
501,1,2,False,2.275080082178183,44.49261536160011,16.734323501586914,44.0581169128418
501,6,1,False,6.505459998616466,42.80417608439201,16.713542938232422,55.18775177001953
501,11,1,False,3.952914410968776,46.64383887880284,3.184652805328369,52.50630569458008
501,14,2,False,2.5057531921926715,46.53377116340577,5.586371421813965,51.483516693115234
501,34,2,False,3.994850902771792,35.5900105459753,21.579723358154297,56.9835090637207
501,3,2,False,1.4334055027552142,51.7115451380262,0.42970699071884155,44.608760833740234
501,5,1,False,3.749262907952994,51.33215014611072,11.872206687927246,46.08047866821289
501,12,1,False,0.0,0.0,,
501,13,2,True,0.0,0.0,,
501,7,2,False,7.0872669132000885,35.69126710549493,17.8261775970459,36.92021560668945
501,156,2,False,8.459172021517418,1.3632747105943355,22.45315933227539,38.19548034667969
501,8,2,False,5.5536449678144555,40.37231254235014,9.543990135192871,31.3375244140625
501,22,1,False,0.0,0.0,,
501,15,1,False,4.7755436337476365,47.754798967877065,7.271964073181152,33.675071716308594
501,132,1,False,0.0,0.0,,
501,10,2,False,0.0,0.0,,
501,134,2,False,0.0,0.0,,
501,142,1,False,0.0,0.0,11.504786491394043,14.783243179321289
501,19,1,False,1.2284874521892906,16.732332844388424,13.492280006408691,46.973426818847656
501,213,2,False,0.0,0.0,,
501,120,2,False,21.011386556325863,7.089943155760996,17.688011169433594,20.234182357788086
502,1,2,False,2.275080082178183,44.49261536160011,16.700647354125977,44.1002197265625
502,6,1,False,6.505459998616466,42.80417608439201,16.790451049804688,55.104312896728516
502,11,1,False,3.952914410968776,46.64383887880284,3.257826566696167,52.488983154296875
502,14,2,False,2.5057531921926715,46.53377116340577,5.566211700439453,51.44656753540039
502,34,2,False,3.994850902771792,35.5900105459753,21.510578155517578,57.003963470458984
502,3,2,False,1.4334055027552142,51.7115451380262,0.4468277394771576,44.57253646850586
502,5,1,False,3.749262907952994,51.33215014611072,11.896533012390137,46.04445266723633
502,12,1,False,0.0,0.0,,
502,13,2,True,0.0,0.0,,
502,7,2,False,7.0872669132000885,35.69126710549493,17.76331901550293,36.96754837036133
502,156,2,False,8.459172021517418,1.3632747105943355,22.38996696472168,38.01930618286133
502,8,2,False,5.5536449678144555,40.37231254235014,9.536826133728027,31.400596618652344
502,22,1,False,0.0,0.0,,
502,15,1,False,4.7755436337476365,47.754798967877065,7.241798400878906,33.72979736328125
502,132,1,False,0.0,0.0,,
502,10,2,False,0.0,0.0,,
502,134,2,False,0.0,0.0,,
502,142,1,False,0.0,0.0,11.418044090270996,15.039506912231445
502,19,1,False,1.2284874521892906,16.732332844388424,13.483851432800293,47.0155029296875
502,213,2,False,0.0,0.0,,
502,120,2,False,21.011386556325863,7.089943155760996,17.54582405090332,20.13245964050293
503,1,2,False,2.275080082178183,44.49261536160011,16.6761474609375,44.18472671508789
503,6,1,False,6.505459998616466,42.80417608439201,16.86550521850586,55.18303680419922
503,11,1,False,3.952914410968776,46.64383887880284,3.3261613845825195,52.49985122680664
503,14,2,False,2.5057531921926715,46.53377116340577,5.557003974914551,51.511573791503906
503,34,2,False,3.994850902771792,35.5900105459753,21.465986251831055,57.05773162841797
503,3,2,False,1.4334055027552142,51.7115451380262,0.48098549246788025,44.57600784301758
503,5,1,False,3.749262907952994,51.33215014611072,11.943431854248047,46.135128021240234
503,12,1,False,0.0,0.0,,
503,13,2,True,0.0,0.0,,
503,7,2,False,7.0872669132000885,35.69126710549493,17.665185928344727,37.16944885253906
503,156,2,False,8.459172021517418,1.3632747105943355,22.228782653808594,38.20946502685547
503,8,2,False,5.5536449678144555,40.37231254235014,9.493032455444336,31.511398315429688
503,22,1,False,0.0,0.0,,
503,15,1,False,4.7755436337476365,47.754798967877065,7.227626800537109,33.83796310424805
503,132,1,False,0.0,0.0,,
503,10,2,False,0.0,0.0,,
503,134,2,False,0.0,0.0,,
503,142,1,False,0.0,0.0,11.334692001342773,15.548185348510742
503,19,1,False,1.2284874521892906,16.732332844388424,13.476446151733398,47.01115417480469
503,213,2,False,0.0,0.0,,
503,120,2,False,21.011386556325863,7.089943155760996,17.337858200073242,20.41870880126953
504,1,2,False,2.275080082178183,44.49261536160011,16.69997787475586,44.17510223388672
504,6,1,False,6.505459998616466,42.80417608439201,16.943376541137695,55.18797302246094
504,11,1,False,3.952914410968776,46.64383887880284,3.400106191635132,52.43806838989258
504,14,2,False,2.5057531921926715,46.53377116340577,5.536897659301758,51.4971923828125
504,34,2,False,3.994850902771792,35.5900105459753,21.487070083618164,56.98725128173828
504,3,2,False,1.4334055027552142,51.7115451380262,0.5248161554336548,44.65422439575195
504,5,1,False,3.749262907952994,51.33215014611072,11.96436595916748,45.95600509643555
504,12,1,False,0.0,0.0,,
504,13,2,True,0.0,0.0,,
504,7,2,False,7.0872669132000885,35.69126710549493,17.592153549194336,37.13942337036133
504,156,2,False,8.459172021517418,1.3632747105943355,22.105276107788086,38.28147888183594
504,8,2,False,5.5536449678144555,40.37231254235014,9.441163063049316,31.483617782592773
504,22,1,False,0.0,0.0,,
504,15,1,False,4.7755436337476365,47.754798967877065,7.22696590423584,33.82040786743164
504,10,2,False,0.0,0.0,,
504,134,2,False,0.0,0.0,,
504,142,1,False,0.0,0.0,11.245938301086426,15.856487274169922
504,19,1,False,1.2284874521892906,16.732332844388424,13.477031707763672,46.99856185913086
504,213,2,False,0.0,0.0,,
504,120,2,False,21.011386556325863,7.089943155760996,17.11328125,20.681121826171875
505,1,2,False,2.7238610994932593,44.65024621226523,16.753965377807617,44.186344146728516
505,6,1,False,10.657068585528403,43.42090459049898,17.02309799194336,55.13768768310547
505,11,1,False,2.818079492225425,46.80692218275107,3.42632794380188,52.37786102294922
505,14,2,False,2.756321322136411,46.69328049917755,5.5252685546875,51.49591064453125
505,34,2,False,6.565525762319228,35.96995995351692,21.494911193847656,56.859779357910156
505,3,2,False,6.181360894441311,52.06926278238045,0.5542019009590149,44.66086959838867
505,5,1,False,1.160231602020686,51.39929317863506,11.939950942993164,45.86724853515625
505,12,1,False,0.0,0.0,,
505,13,2,True,0.0,0.0,,
505,7,2,False,5.481404724772911,36.00847802706743,17.576948165893555,37.13824462890625
505,156,2,False,9.666744249737526,1.922692780602294,22.09109115600586,38.169410705566406
505,8,2,False,6.5639910949334475,40.75217313812175,9.39107894897461,31.599050521850586
505,22,1,False,0.0,0.0,,
505,15,1,False,4.7773333768128525,48.03126501977596,7.231609344482422,33.93730163574219
505,10,2,False,0.0,0.0,,
505,134,2,False,0.0,0.0,,
505,19,1,False,3.916810107176927,16.959000095961162,13.476078033447266,46.91590881347656
505,213,2,False,0.0,0.0,,
505,120,2,False,18.972674268628445,8.18789884260292,16.97527313232422,20.66042709350586
506,1,2,False,2.7238610994932593,44.65024621226523,16.723848342895508,44.218318939208984
506,6,1,False,10.657068585528403,43.42090459049898,17.084463119506836,55.043148040771484
506,11,1,False,2.818079492225425,46.80692218275107,3.4257044792175293,52.338443756103516
506,14,2,False,2.756321322136411,46.69328049917755,5.502368450164795,51.58870315551758
506,34,2,False,6.565525762319228,35.96995995351692,21.486970901489258,56.7544059753418
506,3,2,False,6.181360894441311,52.06926278238045,0.5969734787940979,44.702457427978516
506,5,1,False,1.160231602020686,51.39929317863506,11.913505554199219,45.89710235595703
506,12,1,False,0.0,0.0,,
506,13,2,True,0.0,0.0,,
506,7,2,False,5.481404724772911,36.00847802706743,17.543344497680664,37.177581787109375
506,156,2,False,9.666744249737526,1.922692780602294,21.978919982910156,38.30549240112305
506,8,2,False,6.5639910949334475,40.75217313812175,9.361053466796875,31.64356803894043
506,22,1,False,0.0,0.0,,
506,15,1,False,4.7773333768128525,48.03126501977596,7.223552703857422,34.09642028808594
506,10,2,False,0.0,0.0,,
506,134,2,False,0.0,0.0,,
506,19,1,False,3.916810107176927,16.959000095961162,13.47326946258545,46.78176498413086
506,213,2,False,0.0,0.0,,
506,120,2,False,18.972674268628445,8.18789884260292,16.793212890625,20.857080459594727
507,1,2,False,2.7238610994932593,44.65024621226523,16.711925506591797,44.10576248168945
507,6,1,False,10.657068585528403,43.42090459049898,17.132612228393555,54.97230911254883
507,11,1,False,2.818079492225425,46.80692218275107,3.4743642807006836,52.33483123779297
507,14,2,False,2.756321322136411,46.69328049917755,5.475406169891357,51.56999969482422
507,34,2,False,6.565525762319228,35.96995995351692,21.46404457092285,56.606224060058594
507,3,2,False,6.181360894441311,52.06926278238045,0.6329060196876526,44.77537536621094
507,5,1,False,1.160231602020686,51.39929317863506,11.916731834411621,45.7954216003418
507,12,1,False,0.0,0.0,,
507,13,2,True,0.0,0.0,,
507,7,2,False,5.481404724772911,36.00847802706743,17.511913299560547,37.15012741088867
507,156,2,False,9.666744249737526,1.922692780602294,21.949567794799805,38.16753005981445
507,8,2,False,6.5639910949334475,40.75217313812175,9.317625999450684,31.73406219482422
507,22,1,False,0.0,0.0,,
507,15,1,False,4.7773333768128525,48.03126501977596,7.258558750152588,34.194095611572266
507,10,2,False,0.0,0.0,,
507,134,2,False,0.0,0.0,,
507,19,1,False,3.916810107176927,16.959000095961162,13.5217866897583,46.69016647338867
507,213,2,False,0.0,0.0,,
507,120,2,False,18.972674268628445,8.18789884260292,16.64350700378418,20.961315155029297
508,1,2,False,2.7238610994932593,44.65024621226523,16.69086265563965,44.11619567871094
508,6,1,False,10.657068585528403,43.42090459049898,17.21282958984375,54.72874450683594
508,11,1,False,2.818079492225425,46.80692218275107,3.5155508518218994,52.286651611328125
508,14,2,False,2.756321322136411,46.69328049917755,5.461452960968018,51.50897216796875
508,34,2,False,6.565525762319228,35.96995995351692,21.426422119140625,56.54344940185547
508,3,2,False,6.181360894441311,52.06926278238045,0.7035245299339294,44.88348388671875
508,5,1,False,1.160231602020686,51.39929317863506,11.919122695922852,45.80914306640625
508,12,1,False,0.0,0.0,0.04260196536779404,43.25130844116211
508,13,2,False,0.0,0.0,,
508,7,2,False,5.481404724772911,36.00847802706743,17.433589935302734,37.04189682006836
508,156,2,False,9.666744249737526,1.922692780602294,21.876144409179688,38.060359954833984
508,8,2,False,6.5639910949334475,40.75217313812175,9.312601089477539,31.87375831604004
508,22,1,False,0.0,0.0,,
508,15,1,False,4.7773333768128525,48.03126501977596,7.331352710723877,34.338077545166016
508,10,2,False,0.0,0.0,,
508,134,2,False,0.0,0.0,,
508,19,1,False,3.916810107176927,16.959000095961162,13.566900253295898,46.711673736572266
508,213,2,False,0.0,0.0,,
508,132,1,False,0.0,0.0,0.13530385494232178,28.65988540649414
508,142,1,False,0.0,0.0,10.981823921203613,16.911714553833008
509,1,2,False,2.7238610994932593,44.65024621226523,16.682775497436523,44.01338195800781
509,6,1,False,10.657068585528403,43.42090459049898,17.284088134765625,54.66828918457031
509,11,1,False,2.818079492225425,46.80692218275107,3.550067663192749,52.28696823120117
509,14,2,False,2.756321322136411,46.69328049917755,5.479753017425537,51.43668746948242
509,34,2,False,6.565525762319228,35.96995995351692,21.42513084411621,56.47112274169922
509,3,2,False,6.181360894441311,52.06926278238045,0.7414094805717468,44.88276290893555
509,5,1,False,1.160231602020686,51.39929317863506,11.916365623474121,45.80046081542969
509,12,1,False,0.0,0.0,0.10678359121084213,43.340660095214844
509,13,2,False,0.0,0.0,,
509,7,2,False,5.481404724772911,36.00847802706743,17.381391525268555,37.021907806396484
509,156,2,False,9.666744249737526,1.922692780602294,21.80008316040039,37.92454147338867
509,8,2,False,6.5639910949334475,40.75217313812175,9.33467960357666,31.866052627563477
509,22,1,False,0.0,0.0,,
509,15,1,False,4.7773333768128525,48.03126501977596,7.352351665496826,34.331016540527344
509,10,2,False,0.0,0.0,,
509,134,2,False,0.0,0.0,,
509,19,1,False,3.916810107176927,16.959000095961162,13.67197322845459,46.723297119140625
509,213,2,False,0.0,0.0,,
509,132,1,False,0.0,0.0,0.1870160847902298,28.782150268554688
509,142,1,False,0.0,0.0,10.9216947555542,17.225040435791016
509,120,2,False,18.972674268628445,8.18789884260292,16.30158805847168,21.23357391357422
510,1,2,False,13.854150652066497,45.45199104166723,16.631811141967773,44.08671569824219
510,6,1,False,17.00363510594937,44.4049112517229,17.32820701599121,54.60171890258789
510,11,1,False,13.648622315466767,47.59677301119244,3.5578575134277344,52.28144454956055
510,14,2,False,12.61485082732908,47.423306588722056,5.451389789581299,51.35454177856445
510,34,2,False,13.080919581973387,36.72695761451075,21.338987350463867,56.51329803466797
510,3,2,False,10.705846380569113,52.68881407755227,0.753035306930542,44.95823669433594
510,5,1,False,14.127929695995487,52.216881702708875,11.87282657623291,45.868831634521484
510,12,1,False,9.811891931501455,46.43509356083494,0.1406402587890625,43.42332077026367
510,13,2,False,0.0,0.0,,
510,7,2,False,9.089669250795684,36.53450055315515,17.294174194335938,36.994503021240234
510,156,2,False,15.098221824210984,2.796432469503393,21.68861198425293,37.78087615966797
510,8,2,False,9.453311920165206,41.299239800168344,9.33769702911377,31.975141525268555
510,22,1,False,0.0,0.0,,
510,15,1,False,12.777708396643176,48.77071573717429,7.318918704986572,34.19961929321289
510,10,2,False,0.0,0.0,,
510,134,2,False,0.0,0.0,,
510,19,1,False,16.812537210841207,17.931947851218176,13.669782638549805,46.798194885253906
510,213,2,False,0.0,0.0,,
510,132,1,False,4.3742265542885,33.73853051779564,0.18131157755851746,29.017284393310547
510,142,1,False,7.055304985196986,21.767888400486278,10.801447868347168,17.356306076049805
510,120,2,False,11.382021803938251,8.846580659960457,16.11685562133789,21.344989776611328
511,1,2,False,13.854150652066497,45.45199104166723,16.656970977783203,44.189083099365234
511,6,1,False,17.00363510594937,44.4049112517229,17.40300941467285,54.620140075683594
511,11,1,False,13.648622315466767,47.59677301119244,3.669316530227661,52.30687713623047
511,14,2,False,12.61485082732908,47.423306588722056,5.470779895782471,51.29283142089844
511,34,2,False,13.080919581973387,36.72695761451075,21.316728591918945,56.512855529785156
511,3,2,False,10.705846380569113,52.68881407755227,0.7928972840309143,44.97053527832031
511,5,1,False,14.127929695995487,52.216881702708875,11.934910774230957,45.88544845581055
511,12,1,False,9.811891931501455,46.43509356083494,0.22394883632659912,43.44387435913086
511,13,2,False,0.0,0.0,,
511,7,2,False,9.089669250795684,36.53450055315515,17.246335983276367,37.10400390625
511,156,2,False,15.098221824210984,2.796432469503393,21.609411239624023,37.77329635620117
511,8,2,False,9.453311920165206,41.299239800168344,9.351789474487305,32.10578536987305
511,22,1,False,0.0,0.0,,
511,15,1,False,12.777708396643176,48.77071573717429,7.340898513793945,34.21022033691406
511,10,2,False,0.0,0.0,,
511,134,2,False,0.0,0.0,,
511,19,1,False,16.812537210841207,17.931947851218176,13.7313871383667,46.81467819213867
511,213,2,False,0.0,0.0,,
511,132,1,False,4.3742265542885,33.73853051779564,0.21458002924919128,29.278249740600586
511,142,1,False,7.055304985196986,21.767888400486278,10.772696495056152,17.697460174560547
511,120,2,False,11.382021803938251,8.846580659960457,15.952471733093262,21.643299102783203
512,1,2,False,13.854150652066497,45.45199104166723,16.65913200378418,44.216007232666016
512,6,1,False,17.00363510594937,44.4049112517229,17.46286964416504,54.6512451171875
512,11,1,False,13.648622315466767,47.59677301119244,3.712911605834961,52.334442138671875
512,14,2,False,12.61485082732908,47.423306588722056,5.4589104652404785,51.2409553527832
512,34,2,False,13.080919581973387,36.72695761451075,21.374656677246094,56.54299545288086
512,3,2,False,10.705846380569113,52.68881407755227,0.8211970925331116,44.99940490722656
512,5,1,False,14.127929695995487,52.216881702708875,11.992254257202148,45.83526611328125
512,12,1,False,9.811891931501455,46.43509356083494,0.25704193115234375,43.5596923828125
512,13,2,True,0.0,0.0,,
512,7,2,False,9.089669250795684,36.53450055315515,17.179641723632812,37.235191345214844
512,156,2,False,15.098221824210984,2.796432469503393,21.56015396118164,37.684627532958984
512,8,2,False,9.453311920165206,41.299239800168344,9.314811706542969,32.374847412109375
512,22,1,False,0.0,0.0,,
512,15,1,False,12.777708396643176,48.77071573717429,7.347029685974121,34.2440071105957
512,10,2,False,0.0,0.0,,
512,134,2,False,0.0,0.0,,
512,19,1,False,16.812537210841207,17.931947851218176,13.789958953857422,46.76569366455078
512,213,2,False,0.0,0.0,,
512,132,1,False,4.3742265542885,33.73853051779564,0.2800208628177643,29.448543548583984
512,142,1,False,7.055304985196986,21.767888400486278,10.693469047546387,18.065906524658203
512,120,2,False,11.382021803938251,8.846580659960457,15.787652015686035,21.818368911743164
513,1,2,False,13.854150652066497,45.45199104166723,16.715808868408203,44.09557342529297
513,6,1,False,17.00363510594937,44.4049112517229,17.60608673095703,54.51407241821289
513,11,1,False,13.648622315466767,47.59677301119244,3.778470993041992,52.252628326416016
513,14,2,False,12.61485082732908,47.423306588722056,5.470681667327881,51.1441650390625
513,34,2,False,13.080919581973387,36.72695761451075,21.391687393188477,56.3869743347168
513,3,2,False,10.705846380569113,52.68881407755227,0.8919472694396973,44.97841262817383
513,5,1,False,14.127929695995487,52.216881702708875,12.028046607971191,45.806095123291016
513,12,1,False,9.811891931501455,46.43509356083494,0.3288249969482422,43.5374755859375
513,13,2,True,0.0,0.0,,
513,7,2,False,9.089669250795684,36.53450055315515,17.149242401123047,37.18327331542969
513,156,2,False,15.098221824210984,2.796432469503393,21.50690460205078,37.628082275390625
513,8,2,False,9.453311920165206,41.299239800168344,9.329875946044922,32.327213287353516
513,22,1,False,0.0,0.0,,
513,15,1,False,12.777708396643176,48.77071573717429,7.385292053222656,34.203269958496094
513,10,2,False,0.0,0.0,,
513,134,2,False,0.0,0.0,,
513,19,1,False,16.812537210841207,17.931947851218176,13.817483901977539,46.65110397338867
513,213,2,False,0.0,0.0,,
513,132,1,False,4.3742265542885,33.73853051779564,0.35022667050361633,29.655054092407227
513,142,1,False,7.055304985196986,21.767888400486278,10.687718391418457,18.32689666748047
513,120,2,False,11.382021803938251,8.846580659960457,15.671396255493164,21.89008903503418
514,1,2,False,13.854150652066497,45.45199104166723,16.79046058654785,44.088558197021484
514,6,1,False,17.00363510594937,44.4049112517229,17.701751708984375,54.38014221191406
514,11,1,False,13.648622315466767,47.59677301119244,3.838101625442505,52.18233108520508
514,14,2,False,12.61485082732908,47.423306588722056,5.493124485015869,51.13274002075195
514,34,2,False,13.080919581973387,36.72695761451075,21.4179630279541,56.311058044433594
514,3,2,False,10.705846380569113,52.68881407755227,0.9148688316345215,44.964290618896484
514,5,1,False,14.127929695995487,52.216881702708875,12.043697357177734,45.703914642333984
514,12,1,False,9.811891931501455,46.43509356083494,0.34810394048690796,43.43668746948242
514,13,2,True,0.0,0.0,,
514,7,2,False,9.089669250795684,36.53450055315515,17.131975173950195,37.155189514160156
514,156,2,False,15.098221824210984,2.796432469503393,21.440383911132812,37.70317840576172
514,8,2,False,9.453311920165206,41.299239800168344,9.33512020111084,32.30108642578125
514,22,1,False,0.0,0.0,,
514,15,1,False,12.777708396643176,48.77071573717429,7.439401626586914,34.18732833862305
514,10,2,False,0.0,0.0,,
514,134,2,False,0.0,0.0,,
514,19,1,False,16.812537210841207,17.931947851218176,13.835735321044922,46.55079650878906
514,213,2,False,0.0,0.0,,
514,132,1,False,4.3742265542885,33.73853051779564,0.40823453664779663,29.760089874267578
514,142,1,False,7.055304985196986,21.767888400486278,10.670044898986816,18.616323471069336
514,120,2,False,11.382021803938251,8.846580659960457,15.542093276977539,21.989707946777344
515,1,2,False,6.293312475967706,45.81618736550795,16.93431854248047,43.34423065185547
515,6,1,False,6.771610836329941,44.79678687882533,17.849878311157227,53.76737594604492
515,11,1,False,8.25395261954014,48.074432306304715,3.9004008769989014,51.56973648071289
515,14,2,False,7.75455826229262,47.87206574741955,5.530464172363281,50.62881088256836
515,34,2,False,5.881944520663807,37.067347922419536,21.542713165283203,55.78422927856445
515,3,2,False,11.33308045337622,53.34466364082636,0.9571760296821594,44.37328338623047
515,5,1,False,12.350748166797901,52.93162407347264,12.122557640075684,45.09031677246094
515,12,1,False,14.399321585043046,47.26838763404345,0.3685986399650574,42.90327072143555
515,13,2,True,0.0,0.0,,
515,7,2,False,15.130933923341784,37.41013330334854,17.229825973510742,36.47243118286133
515,156,2,False,11.246574723470182,3.447275914148658,21.602943420410156,36.911346435546875
515,8,2,False,20.745018935307716,42.499761729294946,9.39953899383545,31.431581497192383
515,22,1,False,0.0,0.0,,
515,15,1,False,20.718924644074523,49.969727580002676,7.476689338684082,33.477195739746094
515,10,2,False,0.0,0.0,,
515,134,2,False,0.0,0.0,,
515,19,1,False,14.825195729661928,18.789887418906947,13.943060874938965,45.86441421508789
515,213,2,False,0.0,0.0,,
515,132,1,False,29.042649204182354,35.41923938377841,0.43335896730422974,28.993810653686523
515,142,1,False,39.03536495306309,24.026879427862614,10.767592430114746,17.763193130493164
515,120,2,False,0.0,0.0,15.552511215209961,21.00531768798828
516,1,2,False,6.293312475967706,45.81618736550795,16.975046157836914,43.21028518676758
516,6,1,False,6.771610836329941,44.79678687882533,17.961885452270508,53.61363220214844
516,11,1,False,8.25395261954014,48.074432306304715,3.951232671737671,51.545772552490234
516,14,2,False,7.75455826229262,47.87206574741955,5.5637640953063965,50.60002136230469
516,34,2,False,5.881944520663807,37.067347922419536,21.50640296936035,55.8112907409668
516,3,2,False,11.33308045337622,53.34466364082636,1.0114116668701172,44.342193603515625
516,5,1,False,12.350748166797901,52.93162407347264,12.163839340209961,45.05472946166992
516,12,1,False,14.399321585043046,47.26838763404345,0.4488263428211212,42.96200942993164
516,13,2,True,0.0,0.0,,
516,7,2,False,15.130933923341784,37.41013330334854,17.255552291870117,36.421085357666016
516,156,2,False,11.246574723470182,3.447275914148658,21.555593490600586,36.96074295043945
516,8,2,False,20.745018935307716,42.499761729294946,9.428998947143555,31.621337890625
516,22,1,False,0.0,0.0,,
516,15,1,False,20.718924644074523,49.969727580002676,7.509335517883301,33.65694808959961
516,10,2,False,0.0,0.0,,
516,134,2,False,0.0,0.0,,
516,19,1,False,14.825195729661928,18.789887418906947,13.985315322875977,45.829490661621094
516,213,2,False,0.0,0.0,,
516,132,1,False,29.042649204182354,35.41923938377841,0.5037322640419006,29.06905746459961
516,142,1,False,39.03536495306309,24.026879427862614,10.798483848571777,18.019363403320312
516,120,2,False,0.0,0.0,15.42282485961914,21.223278045654297
517,1,2,False,6.293312475967706,45.81618736550795,16.839385986328125,43.76841354370117
517,6,1,False,6.771610836329941,44.79678687882533,17.932525634765625,53.97211837768555
517,11,1,False,8.25395261954014,48.074432306304715,4.0008158683776855,51.975868225097656
517,14,2,False,7.75455826229262,47.87206574741955,5.601073265075684,51.115447998046875
517,34,2,False,5.881944520663807,37.067347922419536,21.39980125427246,56.138710021972656
517,3,2,False,11.33308045337622,53.34466364082636,1.069921851158142,44.94887924194336
517,5,1,False,12.350748166797901,52.93162407347264,12.103530883789062,45.668399810791016
517,12,1,False,14.399321585043046,47.26838763404345,0.5133165717124939,43.5916633605957
517,13,2,True,0.0,0.0,,
517,7,2,False,15.130933923341784,37.41013330334854,17.06691551208496,37.30514144897461
517,156,2,False,11.246574723470182,3.447275914148658,21.31608772277832,37.62004089355469
517,8,2,False,20.745018935307716,42.499761729294946,9.360998153686523,32.48055648803711
517,22,1,False,0.0,0.0,,
517,15,1,False,20.718924644074523,49.969727580002676,7.531458377838135,34.595054626464844
517,10,2,False,0.0,0.0,,
517,134,2,False,0.0,0.0,,
517,19,1,False,14.825195729661928,18.789887418906947,13.95247745513916,46.44153594970703
517,213,2,False,0.0,0.0,,
517,132,1,False,29.042649204182354,35.41923938377841,0.5889766216278076,30.2123966217041
517,142,1,False,39.03536495306309,24.026879427862614,10.702569961547852,19.18610191345215
517,120,2,False,0.0,0.0,15.185975074768066,22.312376022338867
518,1,2,False,6.293312475967706,45.81618736550795,16.995634078979492,43.00667953491211
518,6,1,False,6.771610836329941,44.79678687882533,18.13722801208496,53.42235565185547
518,11,1,False,8.25395261954014,48.074432306304715,4.091174602508545,51.42335510253906
518,14,2,False,7.75455826229262,47.87206574741955,5.629938125610352,50.52853012084961
518,34,2,False,5.881944520663807,37.067347922419536,21.59333610534668,55.6131591796875
518,3,2,False,11.33308045337622,53.34466364082636,1.1002967357635498,44.3437385559082
518,5,1,False,12.350748166797901,52.93162407347264,12.214795112609863,45.048377990722656
518,12,1,False,14.399321585043046,47.26838763404345,0.5391528606414795,42.963172912597656
518,13,2,True,0.0,0.0,,
518,7,2,False,15.130933923341784,37.41013330334854,17.19551658630371,36.5030517578125
518,156,2,False,11.246574723470182,3.447275914148658,21.44023895263672,36.69022750854492
518,8,2,False,20.745018935307716,42.499761729294946,9.428038597106934,31.72126579284668
518,22,1,False,0.0,0.0,,
518,15,1,False,20.718924644074523,49.969727580002676,7.6604204177856445,33.77814865112305
518,10,2,False,0.0,0.0,,
518,134,2,False,0.0,0.0,,
518,19,1,False,14.825195729661928,18.789887418906947,14.233087539672852,45.860008239746094
518,213,2,False,0.0,0.0,,
518,132,1,False,29.042649204182354,35.41923938377841,0.6249913573265076,29.43943214416504
518,142,1,False,39.03536495306309,24.026879427862614,10.783058166503906,18.318477630615234
518,120,2,False,0.0,0.0,15.216652870178223,21.476709365844727
519,1,2,False,6.293312475967706,45.81618736550795,16.872400283813477,43.600406646728516
519,6,1,False,6.771610836329941,44.79678687882533,18.120996475219727,53.878448486328125
519,11,1,False,8.25395261954014,48.074432306304715,4.136116981506348,51.87626647949219
519,14,2,False,7.75455826229262,47.87206574741955,5.6257219314575195,50.98955154418945
519,34,2,False,5.881944520663807,37.067347922419536,21.436994552612305,56.02176284790039
519,3,2,False,11.33308045337622,53.34466364082636,1.2121586799621582,44.82252502441406
519,5,1,False,12.350748166797901,52.93162407347264,12.146503448486328,45.68839645385742
519,12,1,False,14.399321585043046,47.26838763404345,0.6425589919090271,43.627620697021484
519,13,2,True,0.0,0.0,,
519,7,2,False,15.130933923341784,37.41013330334854,17.053813934326172,37.0963249206543
519,156,2,False,11.246574723470182,3.447275914148658,21.238496780395508,37.28366470336914
519,8,2,False,20.745018935307716,42.499761729294946,9.386557579040527,32.501739501953125
519,22,1,False,0.0,0.0,,
519,15,1,False,20.718924644074523,49.969727580002676,7.6611480712890625,34.52111053466797
519,10,2,False,0.0,0.0,,
519,134,2,False,0.0,0.0,,
519,19,1,False,14.825195729661928,18.789887418906947,14.176704406738281,46.580299377441406
519,213,2,False,0.0,0.0,,
519,132,1,False,29.042649204182354,35.41923938377841,0.7218749523162842,30.37344741821289
519,142,1,False,39.03536495306309,24.026879427862614,10.678145408630371,19.52799415588379
520,1,2,False,9.701631319828023,46.37762436318318,16.88190460205078,43.70463562011719
520,6,1,False,14.04765165836143,45.609729683128656,18.186779022216797,53.96753692626953
520,11,1,False,7.219469740366085,48.49222569405738,4.178157806396484,51.958335876464844
520,14,2,False,8.392898060961068,48.357765866688126,5.627936840057373,51.066856384277344
520,34,2,False,13.699995666044003,37.860171745685975,21.38170623779297,56.08413314819336
520,3,2,False,5.593276530258045,53.6683486252163,1.3041267395019531,44.929847717285156
520,5,1,False,11.662389577781934,53.60653087774243,12.226902961730957,45.797401428222656
520,12,1,False,8.710518826317877,47.77246858464055,0.733227550983429,43.65255355834961
520,13,2,True,0.0,0.0,,
520,7,2,False,3.780048401876065,37.628886104383035,17.020183563232422,37.32259750366211
520,156,2,False,5.599619996666522,3.771327997289082,21.166900634765625,37.394527435302734
520,8,2,False,5.764968232901193,42.83338257610636,9.383490562438965,32.631996154785156
520,22,1,False,0.0,0.0,,
520,15,1,False,5.580138860972721,50.29265228260526,7.710227012634277,34.65324401855469
520,10,2,False,0.0,0.0,,
520,134,2,False,0.0,0.0,,
520,19,1,False,11.572273420971284,19.45957916780575,14.210888862609863,46.67947769165039
520,213,2,False,0.0,0.0,,
520,132,1,False,2.957930779062205,35.59041593349266,0.787199079990387,30.636850357055664
520,142,1,False,6.321602797407379,24.39271292308295,10.648287773132324,20.019031524658203
521,1,2,False,9.701631319828023,46.37762436318318,16.93056297302246,43.71764373779297
521,6,1,False,14.04765165836143,45.609729683128656,18.24519157409668,53.911922454833984
521,11,1,False,7.219469740366085,48.49222569405738,4.219476222991943,51.969215393066406
521,14,2,False,8.392898060961068,48.357765866688126,5.6334710121154785,51.00070571899414
521,34,2,False,13.699995666044003,37.860171745685975,21.384296417236328,56.0207633972168
521,3,2,False,5.593276530258045,53.6683486252163,1.3916140794754028,44.94981002807617
521,5,1,False,11.662389577781934,53.60653087774243,12.305974006652832,45.72996520996094
521,12,1,False,8.710518826317877,47.77246858464055,0.7941360473632812,43.49714279174805
521,13,2,True,0.0,0.0,,
521,7,2,False,3.780048401876065,37.628886104383035,16.980005264282227,37.430599212646484
521,156,2,False,5.599619996666522,3.771327997289082,21.14482307434082,37.28248596191406
521,8,2,False,5.764968232901193,42.83338257610636,9.412954330444336,32.642356872558594
521,22,1,False,0.0,0.0,,
521,15,1,False,5.580138860972721,50.29265228260526,7.763590335845947,34.667633056640625
521,10,2,False,0.0,0.0,,
521,134,2,False,0.0,0.0,,
521,19,1,False,11.572273420971284,19.45957916780575,14.235595703125,46.6877555847168
521,213,2,False,0.0,0.0,,
521,132,1,False,2.957930779062205,35.59041593349266,0.8753061890602112,30.89668846130371
521,142,1,False,6.321602797407379,24.39271292308295,10.699798583984375,20.193681716918945
521,120,2,False,0.0,0.0,14.750720024108887,23.049665451049805
522,1,2,False,9.701631319828023,46.37762436318318,17.272756576538086,43.398712158203125
522,6,1,False,14.04765165836143,45.609729683128656,18.62069320678711,53.557090759277344
522,11,1,False,7.219469740366085,48.49222569405738,4.488990306854248,51.677371978759766
522,14,2,False,8.392898060961068,48.357765866688126,5.858262538909912,50.68570327758789
522,34,2,False,13.699995666044003,37.860171745685975,21.71539878845215,55.609066009521484
522,3,2,False,5.593276530258045,53.6683486252163,1.6520979404449463,44.66294860839844
522,5,1,False,11.662389577781934,53.60653087774243,12.620464324951172,45.35038757324219
522,12,1,False,8.710518826317877,47.77246858464055,1.0994324684143066,43.20516586303711
522,13,2,True,0.0,0.0,,
522,7,2,False,3.780048401876065,37.628886104383035,17.302339553833008,37.037750244140625
522,156,2,False,5.599619996666522,3.771327997289082,21.47154998779297,36.87849426269531
522,8,2,False,5.764968232901193,42.83338257610636,9.743144035339355,32.33348083496094
522,22,1,False,0.0,0.0,,
522,15,1,False,5.580138860972721,50.29265228260526,8.058060646057129,34.260101318359375
522,10,2,False,0.0,0.0,,
522,134,2,False,0.0,0.0,,
522,19,1,False,11.572273420971284,19.45957916780575,14.582049369812012,46.32109069824219
522,213,2,False,0.0,0.0,,
522,132,1,False,2.957930779062205,35.59041593349266,1.1894941329956055,30.585285186767578
522,142,1,False,6.321602797407379,24.39271292308295,11.033461570739746,20.080055236816406
522,120,2,False,0.0,0.0,15.0264892578125,22.473342895507812
523,1,2,False,9.701631319828023,46.37762436318318,17.214872360229492,43.41415023803711
523,6,1,False,14.04765165836143,45.609729683128656,18.567081451416016,53.49544906616211
523,11,1,False,7.219469740366085,48.49222569405738,4.464514255523682,51.623199462890625
523,14,2,False,8.392898060961068,48.357765866688126,5.775530815124512,50.61833572387695
523,34,2,False,13.699995666044003,37.860171745685975,21.665632247924805,55.48225021362305
523,3,2,False,5.593276530258045,53.6683486252163,1.6250427961349487,44.68080520629883
523,5,1,False,11.662389577781934,53.60653087774243,12.556117057800293,45.27530288696289
523,12,1,False,8.710518826317877,47.77246858464055,1.050605297088623,43.21989822387695
523,13,2,True,0.0,0.0,,
523,7,2,False,3.780048401876065,37.628886104383035,17.120914459228516,37.14736557006836
523,156,2,False,5.599619996666522,3.771327997289082,21.30463409423828,36.9945182800293
523,8,2,False,5.764968232901193,42.83338257610636,9.630195617675781,32.3468017578125
523,22,1,False,0.0,0.0,,
523,15,1,False,5.580138860972721,50.29265228260526,7.973934650421143,34.27655792236328
523,10,2,False,0.0,0.0,,
523,134,2,False,0.0,0.0,,
523,19,1,False,11.572273420971284,19.45957916780575,14.498045921325684,46.243282318115234
523,213,2,False,0.0,0.0,,
523,132,1,False,2.957930779062205,35.59041593349266,1.1100305318832397,30.72452735900879
523,142,1,False,6.321602797407379,24.39271292308295,10.932181358337402,20.107219696044922
523,120,2,False,0.0,0.0,14.770872116088867,22.78028678894043
524,1,2,False,9.701631319828023,46.37762436318318,17.23260498046875,43.32284927368164
524,6,1,False,14.04765165836143,45.609729683128656,18.640762329101562,53.36722946166992
524,11,1,False,7.219469740366085,48.49222569405738,4.5220513343811035,51.63426971435547
524,14,2,False,8.392898060961068,48.357765866688126,5.775530815124512,50.61833572387695
524,34,2,False,13.699995666044003,37.860171745685975,21.705184936523438,55.42167663574219
524,3,2,False,5.593276530258045,53.6683486252163,1.6039886474609375,44.67686080932617
524,5,1,False,11.662389577781934,53.60653087774243,12.567328453063965,45.19002151489258
524,12,1,False,8.710518826317877,47.77246858464055,1.0720558166503906,43.22389221191406
524,13,2,True,0.0,0.0,,
524,7,2,False,3.780048401876065,37.628886104383035,17.120914459228516,37.14736557006836
524,156,2,False,5.599619996666522,3.771327997289082,21.329898834228516,36.999027252197266
524,8,2,False,5.764968232901193,42.83338257610636,9.630195617675781,32.3468017578125
524,22,1,False,0.0,0.0,,
524,15,1,False,5.580138860972721,50.29265228260526,7.973934650421143,34.27655792236328
524,10,2,False,0.0,0.0,,
524,134,2,False,0.0,0.0,,
524,19,1,False,11.572273420971284,19.45957916780575,14.546952247619629,46.08018493652344
524,213,2,False,0.0,0.0,,
524,132,1,False,2.957930779062205,35.59041593349266,1.1353191137313843,30.728984832763672
524,142,1,False,6.321602797407379,24.39271292308295,10.907472610473633,20.420772552490234
524,120,2,False,0.0,0.0,14.683725357055664,22.76563835144043
525,1,2,False,7.812198772834289,46.82971919957405,17.130826950073242,43.20139694213867
525,6,1,False,11.104668131445285,46.25236094073544,18.633760452270508,53.28850555419922
525,11,1,False,4.295658971499756,48.74081706972288,4.401761054992676,51.60541534423828
525,14,2,False,2.6489091846177657,48.511059222279435,5.613485336303711,50.58137130737305
525,34,2,False,6.166020021582031,38.21700160804605,21.643199920654297,55.33567428588867
525,3,2,False,1.2437937470994513,53.740327430025296,1.4506021738052368,44.64120101928711
525,5,1,False,5.596182591265013,53.930384036959154,12.452715873718262,45.16139221191406
525,12,1,False,6.225366205855126,48.13273283266457,0.9371687769889832,43.19157028198242
525,13,2,True,0.0,0.0,,
525,7,2,False,3.235813704748165,37.81614384192633,16.966739654541016,37.1104736328125
525,156,2,False,6.384445947451394,4.140798248877704,21.14834976196289,37.071006774902344
525,8,2,False,2.2740027994132497,42.96497996033166,9.444703102111816,32.304039001464844
525,22,1,False,0.0,0.0,,
525,15,1,False,5.367915304332344,50.60329552938375,7.837301254272461,34.35637283325195
525,10,2,False,0.0,0.0,,
525,134,2,False,0.0,0.0,,
525,19,1,False,10.604400308678679,20.073259741224653,14.454835891723633,46.0557975769043
525,213,2,False,0.0,0.0,,
525,132,1,False,4.355401076091252,35.84246460687757,0.9510197639465332,30.686491012573242
525,142,1,False,2.880620462225179,24.559415496128388,10.723959922790527,20.376953125
525,120,2,False,5.149864110570613,9.144605203396257,14.415830612182617,22.70781898498535
526,1,2,False,7.812198772834289,46.82971919957405,16.97013282775879,43.11142349243164
526,6,1,False,11.104668131445285,46.25236094073544,18.594905853271484,53.23555374145508
526,11,1,False,4.295658971499756,48.74081706972288,4.239445209503174,51.53065872192383
526,14,2,False,2.6489091846177657,48.511059222279435,5.4246320724487305,50.64224624633789
526,34,2,False,6.166020021582031,38.21700160804605,21.508930206298828,55.33469009399414
526,3,2,False,1.2437937470994513,53.740327430025296,1.2518784999847412,44.63417053222656
526,5,1,False,5.596182591265013,53.930384036959154,12.295652389526367,45.07648468017578
526,12,1,False,6.225366205855126,48.13273283266457,0.7383816838264465,43.271995544433594
526,13,2,True,0.0,0.0,,
526,7,2,False,3.235813704748165,37.81614384192633,16.743085861206055,36.99966812133789
526,156,2,False,6.384445947451394,4.140798248877704,20.949995040893555,36.963218688964844
526,8,2,False,2.2740027994132497,42.96497996033166,9.198902130126953,32.30445861816406
526,22,1,False,0.0,0.0,,
526,15,1,False,5.367915304332344,50.60329552938375,7.649430751800537,34.364173889160156
526,10,2,False,0.0,0.0,,
526,134,2,False,0.0,0.0,,
526,19,1,False,10.604400308678679,20.073259741224653,14.308494567871094,46.05990982055664
526,213,2,False,0.0,0.0,,
526,132,1,False,4.355401076091252,35.84246460687757,0.7126180529594421,30.68807029724121
526,142,1,False,2.880620462225179,24.559415496128388,10.440841674804688,20.38732147216797
526,120,2,False,5.149864110570613,9.144605203396257,14.06427001953125,22.551250457763672
527,1,2,False,7.812198772834289,46.82971919957405,17.031007766723633,42.747642517089844
527,6,1,False,11.104668131445285,46.25236094073544,18.680767059326172,53.11397933959961
527,11,1,False,4.295658971499756,48.74081706972288,4.234285354614258,51.397674560546875
527,14,2,False,2.6489091846177657,48.511059222279435,5.3455071449279785,50.41881561279297
527,34,2,False,6.166020021582031,38.21700160804605,21.560354232788086,55.14409255981445
527,3,2,False,1.2437937470994513,53.740327430025296,1.1731511354446411,44.3762321472168
527,5,1,False,5.596182591265013,53.930384036959154,12.265177726745605,44.901920318603516
527,12,1,False,6.225366205855126,48.13273283266457,0.6599720120429993,43.09168243408203
527,13,2,True,0.0,0.0,,
527,7,2,False,3.235813704748165,37.81614384192633,16.764060974121094,36.6766242980957
527,156,2,False,6.384445947451394,4.140798248877704,21.013736724853516,36.525177001953125
527,8,2,False,2.2740027994132497,42.96497996033166,9.13720703125,31.940763473510742
527,22,1,False,0.0,0.0,,
527,15,1,False,5.367915304332344,50.60329552938375,7.627208232879639,34.14159393310547
527,134,2,False,0.0,0.0,,
527,19,1,False,10.604400308678679,20.073259741224653,14.462925910949707,45.7486572265625
527,213,2,False,0.0,0.0,,
527,132,1,False,4.355401076091252,35.84246460687757,0.5903396010398865,30.315065383911133
527,142,1,False,2.880620462225179,24.559415496128388,10.376007080078125,19.912099838256836
527,120,2,False,5.149864110570613,9.144605203396257,13.959220886230469,22.083030700683594
528,1,2,False,7.812198772834289,46.82971919957405,17.184240341186523,42.95558547973633
528,6,1,False,11.104668131445285,46.25236094073544,18.85547637939453,53.42502212524414
528,11,1,False,4.295658971499756,48.74081706972288,4.368037700653076,51.62059783935547
528,14,2,False,2.6489091846177657,48.511059222279435,5.437219619750977,50.7122688293457
528,34,2,False,6.166020021582031,38.21700160804605,21.68102264404297,55.36464309692383
528,3,2,False,1.2437937470994513,53.740327430025296,1.3095169067382812,44.64106750488281
528,5,1,False,5.596182591265013,53.930384036959154,12.389150619506836,45.17728042602539
528,12,1,False,6.225366205855126,48.13273283266457,0.7857927083969116,43.53375244140625
528,13,2,True,0.0,0.0,,
528,7,2,False,3.235813704748165,37.81614384192633,16.880573272705078,36.90753173828125
528,156,2,False,6.384445947451394,4.140798248877704,21.121265411376953,36.87431716918945
528,8,2,False,2.2740027994132497,42.96497996033166,9.25224494934082,32.18783950805664
528,22,1,False,0.0,0.0,,
528,15,1,False,5.367915304332344,50.60329552938375,7.786154747009277,34.49644088745117
528,134,2,False,0.0,0.0,,
528,19,1,False,10.604400308678679,20.073259741224653,14.63054370880127,46.11592102050781
528,213,2,False,0.0,0.0,,
528,132,1,False,4.355401076091252,35.84246460687757,0.7565382122993469,30.690185546875
528,142,1,False,2.880620462225179,24.559415496128388,10.53371810913086,20.236982345581055
528,120,2,False,5.149864110570613,9.144605203396257,13.982389450073242,22.683452606201172
529,1,2,False,7.812198772834289,46.82971919957405,17.488279342651367,42.98908996582031
529,6,1,False,11.104668131445285,46.25236094073544,19.158849716186523,53.46650314331055
529,11,1,False,4.295658971499756,48.74081706972288,4.597628116607666,51.71712875366211
529,14,2,False,2.6489091846177657,48.511059222279435,5.633642673492432,50.733333587646484
529,34,2,False,6.166020021582031,38.21700160804605,21.900087356567383,55.52745819091797
529,3,2,False,1.2437937470994513,53.740327430025296,1.5197794437408447,44.66108703613281
529,5,1,False,5.596182591265013,53.930384036959154,12.698739051818848,45.2144775390625
529,12,1,False,6.225366205855126,48.13273283266457,1.0232640504837036,43.643409729003906
529,13,2,True,0.0,0.0,,
529,7,2,False,3.235813704748165,37.81614384192633,17.1400203704834,37.039485931396484
529,156,2,False,6.384445947451394,4.140798248877704,21.482126235961914,36.79743957519531
529,8,2,False,2.2740027994132497,42.96497996033166,9.536552429199219,32.20979690551758
529,22,1,False,0.0,0.0,,
529,15,1,False,5.367915304332344,50.60329552938375,8.09172534942627,34.41118621826172
529,134,2,False,0.0,0.0,,
529,19,1,False,10.604400308678679,20.073259741224653,14.969087600708008,46.245155334472656
529,213,2,False,0.0,0.0,,
529,132,1,False,4.355401076091252,35.84246460687757,1.0125696659088135,30.827024459838867
529,142,1,False,2.880620462225179,24.559415496128388,10.83145523071289,20.24953842163086
529,120,2,False,5.149864110570613,9.144605203396257,14.24817180633545,22.69241714477539
530,1,2,False,7.539837733689667,47.26605240175517,17.53435707092285,42.99755096435547
530,6,1,False,8.525428773296778,46.74573066141234,19.220924377441406,53.5496826171875
530,11,1,False,1.8765300030280936,48.84941255600923,4.577342510223389,51.781394958496094
530,14,2,False,3.621892073688666,48.72065945802531,5.633642673492432,50.733333587646484
530,34,2,False,4.942479836721907,38.50302474674523,21.939172744750977,55.53499221801758
530,3,2,False,4.4049232578194255,53.995241970408365,1.5197794437408447,44.66108703613281
530,5,1,False,3.6918451413891025,54.14403248264139,12.775941848754883,45.1412467956543
530,12,1,False,3.0853748994812737,48.311284620829,0.9774813652038574,43.5495719909668
530,13,2,True,0.0,0.0,,
530,7,2,False,0.4362792651039287,37.84139148458281,17.1400203704834,37.039485931396484
530,156,2,False,8.191430262319217,4.6148393520211775,21.481813430786133,36.91191482543945
530,8,2,False,0.8993400801677254,43.017025103859886,9.536552429199219,32.20979690551758
530,22,1,False,0.0,0.0,,
530,15,1,False,2.225771148654702,50.732101730116085,8.141351699829102,34.4200325012207
530,134,2,False,0.0,0.0,,
530,19,1,False,6.060967394984084,20.424010169175123,15.034472465515137,46.257354736328125
530,213,2,False,0.0,0.0,,
530,132,1,False,6.128062247170156,36.19709783877399,0.9658225178718567,30.9381046295166
530,142,1,False,5.788947565664741,24.89442403580806,10.83145523071289,20.24953842163086
530,120,2,False,6.620105419539033,9.527713155915876,14.178611755371094,22.527414321899414
531,1,2,False,7.539837733689667,47.26605240175517,17.60348129272461,43.0102424621582
531,6,1,False,8.525428773296778,46.74573066141234,19.31834602355957,53.49706268310547
531,11,1,False,1.8765300030280936,48.84941255600923,4.558203220367432,51.7777099609375
531,14,2,False,3.621892073688666,48.72065945802531,5.611782550811768,50.799983978271484
531,34,2,False,4.942479836721907,38.50302474674523,21.978260040283203,55.54253005981445
531,3,2,False,4.4049232578194255,53.995241970408365,1.5197794437408447,44.66108703613281
531,5,1,False,3.6918451413891025,54.14403248264139,12.81981086730957,45.14940643310547
531,12,1,False,3.0853748994812737,48.311284620829,0.9561392664909363,43.545589447021484
531,13,2,True,0.0,0.0,,
531,7,2,False,0.4362792651039287,37.84139148458281,17.11516761779785,37.035037994384766
531,156,2,False,8.191430262319217,4.6148393520211775,21.45623207092285,37.02156448364258
531,8,2,False,0.8993400801677254,43.017025103859886,9.502232551574707,32.32423400878906
531,22,1,False,0.0,0.0,,
531,15,1,False,2.225771148654702,50.732101730116085,8.116538047790527,34.41560745239258
531,134,2,False,0.0,0.0,,
531,19,1,False,6.060967394984084,20.424010169175123,15.107369422912598,46.356998443603516
531,132,1,False,6.128062247170156,36.19709783877399,0.9443852305412292,31.053298950195312
531,142,1,False,5.788947565664741,24.89442403580806,10.789871215820312,20.40116310119629
531,120,2,False,6.620105419539033,9.527713155915876,14.120471000671387,22.517648696899414
532,1,2,False,7.539837733689667,47.26605240175517,17.69565773010254,43.02716827392578
532,6,1,False,8.525428773296778,46.74573066141234,19.39603614807129,53.44049835205078
532,11,1,False,1.8765300030280936,48.84941255600923,4.5379838943481445,51.84183883666992
532,14,2,False,3.621892073688666,48.72065945802531,5.59224796295166,50.796241760253906
532,34,2,False,4.942479836721907,38.50302474674523,21.997804641723633,55.54629898071289
532,3,2,False,4.4049232578194255,53.995241970408365,1.5432554483413696,44.74836349487305
532,5,1,False,3.6918451413891025,54.14403248264139,12.85334587097168,45.06782531738281
532,12,1,False,3.0853748994812737,48.311284620829,0.9561392664909363,43.545589447021484
532,13,2,False,0.0,0.0,,
532,7,2,False,0.4362792651039287,37.84139148458281,17.11516761779785,37.035037994384766
532,156,2,False,8.191430262319217,4.6148393520211775,21.405288696289062,37.23992156982422
532,8,2,False,0.8993400801677254,43.017025103859886,9.510924339294434,32.20528030395508
532,22,1,False,0.0,0.0,,
532,15,1,False,2.225771148654702,50.732101730116085,8.116538047790527,34.41560745239258
532,134,2,False,0.0,0.0,,
532,19,1,False,6.060967394984084,20.424010169175123,15.143463134765625,46.277687072753906
532,132,1,False,6.128062247170156,36.19709783877399,0.9230105876922607,31.16815757751465
532,142,1,False,5.788947565664741,24.89442403580806,10.760475158691406,20.39626121520996
532,120,2,False,6.620105419539033,9.527713155915876,14.033271789550781,22.503000259399414
532,227,1,False,0.0,0.0,,
533,1,2,False,7.539837733689667,47.26605240175517,17.76029396057129,42.943206787109375
533,6,1,False,8.525428773296778,46.74573066141234,19.493898391723633,53.38762283325195
533,11,1,False,1.8765300030280936,48.84941255600923,4.518866539001465,51.838157653808594
533,14,2,False,3.621892073688666,48.72065945802531,5.550948619842529,50.8590087890625
533,34,2,False,4.942479836721907,38.50302474674523,22.05730628967285,55.48955535888672
533,3,2,False,4.4049232578194255,53.995241970408365,1.5642820596694946,44.75230407714844
533,5,1,False,3.6918451413891025,54.14403248264139,12.85334587097168,45.06782531738281
533,12,1,False,3.0853748994812737,48.311284620829,0.9497669339179993,43.37318420410156
533,13,2,False,0.0,0.0,,
533,7,2,False,0.4362792651039287,37.84139148458281,17.1400203704834,37.039485931396484
533,156,2,False,8.191430262319217,4.6148393520211775,21.4556827545166,37.24892044067383
533,8,2,False,0.8993400801677254,43.017025103859886,9.519641876220703,32.08597946166992
533,22,1,False,0.0,0.0,,
533,15,1,False,2.225771148654702,50.732101730116085,8.09172534942627,34.41118621826172
533,134,2,False,0.0,0.0,,
533,19,1,False,6.060967394984084,20.424010169175123,15.179647445678711,46.198177337646484
533,132,1,False,6.128062247170156,36.19709783877399,0.9016984105110168,31.282678604125977
533,142,1,False,5.788947565664741,24.89442403580806,10.689738273620605,20.54248046875
533,120,2,False,6.620105419539033,9.527713155915876,13.97514533996582,22.493234634399414
533,227,1,False,0.0,0.0,,
533,213,2,False,0.0,0.0,,
534,1,2,False,7.539837733689667,47.26605240175517,17.79752540588379,42.757625579833984
534,6,1,False,8.525428773296778,46.74573066141234,19.59199333190918,53.334625244140625
534,11,1,False,1.8765300030280936,48.84941255600923,4.499749660491943,51.834476470947266
534,14,2,False,3.621892073688666,48.72065945802531,5.49241828918457,50.84779357910156
534,34,2,False,4.942479836721907,38.50302474674523,22.116945266723633,55.432682037353516
534,3,2,False,4.4049232578194255,53.995241970408365,1.5666757822036743,44.83543014526367
534,5,1,False,3.6918451413891025,54.14403248264139,12.8972749710083,45.07599639892578
534,12,1,False,3.0853748994812737,48.311284620829,0.94656902551651,43.286659240722656
534,13,2,False,0.0,0.0,,
534,7,2,False,0.4362792651039287,37.84139148458281,17.1400203704834,37.039485931396484
534,156,2,False,8.191430262319217,4.6148393520211775,21.455408096313477,37.362117767333984
534,8,2,False,0.8993400801677254,43.017025103859886,9.519641876220703,32.08597946166992
534,22,1,False,0.0,0.0,,
534,15,1,False,2.225771148654702,50.732101730116085,8.066912651062012,34.40676498413086
534,134,2,False,0.0,0.0,,
534,19,1,False,6.060967394984084,20.424010169175123,15.215922355651855,46.118465423583984
534,132,1,False,6.128062247170156,36.19709783877399,0.8766016364097595,31.278244018554688
534,142,1,False,5.788947565664741,24.89442403580806,10.689738273620605,20.54248046875
534,120,2,False,6.620105419539033,9.527713155915876,13.887965202331543,22.47859001159668
534,227,1,False,0.0,0.0,,
534,213,2,False,0.0,0.0,,
535,1,2,False,5.760178550178932,47.59939606785348,17.81621551513672,42.66447067260742
535,6,1,False,4.649309775648562,47.0147879400957,19.67205810546875,53.349952697753906
535,11,1,False,3.3543515307920444,49.04353012144858,4.480633735656738,51.83079528808594
535,14,2,False,3.450075757152271,48.92031661989755,5.453401565551758,50.84031677246094
535,34,2,False,0.0,38.50302474674523,22.176719665527344,55.37567901611328
535,3,2,False,1.8218286661396461,54.10067187006923,1.5480875968933105,44.914424896240234
535,5,1,False,4.2084749324613115,54.387578485677345,12.930951118469238,44.99421691894531
535,12,1,False,5.877071229064233,48.651392909547994,0.9497669339179993,43.37318420410156
535,13,2,False,0.0,0.0,,
535,7,2,False,2.8969959859119854,38.00904171524901,17.11516761779785,37.035037994384766
535,156,2,False,5.333274030974747,4.923477895480364,21.556068420410156,37.380104064941406
535,8,2,False,3.2072653886440903,43.20263073977679,9.485297203063965,32.20076370239258
535,22,1,False,0.0,0.0,,
535,15,1,False,0.0,50.732101730116085,8.098161697387695,34.298683166503906
535,134,2,False,0.0,0.0,,
535,19,1,False,8.560941411587024,20.919435019382703,15.317944526672363,46.05078887939453
535,132,1,False,3.6881789038757167,36.410534117933466,0.8515058755874634,31.273807525634766
535,142,1,False,2.056026316765548,25.013407040250513,10.660395622253418,20.537582397460938
535,120,2,False,7.736935770454389,9.975452494483838,13.800797462463379,22.463947296142578
535,227,1,False,0.0,0.0,,
535,213,2,False,0.0,0.0,,
536,1,2,False,5.760178550178932,47.59939606785348,17.87697410583496,42.48168182373047
536,6,1,False,4.649309775648562,47.0147879400957,19.693824768066406,53.42591094970703
536,11,1,False,3.3543515307920444,49.04353012144858,4.462514400482178,51.75929260253906
536,14,2,False,3.450075757152271,48.92031661989755,5.43389368057251,50.836578369140625
536,34,2,False,0.0,38.50302474674523,22.21595001220703,55.38323974609375
536,3,2,False,1.8218286661396461,54.10067187006923,1.506137490272522,44.906558990478516
536,5,1,False,4.2084749324613115,54.387578485677345,12.9529447555542,44.9983024597168
536,12,1,False,5.877071229064233,48.651392909547994,0.9283732771873474,43.369197845458984
536,13,2,False,0.0,0.0,,
536,7,2,False,2.8969959859119854,38.00904171524901,17.090314865112305,37.03058624267578
536,156,2,False,5.333274030974747,4.923477895480364,21.580787658691406,37.49746322631836
536,8,2,False,3.2072653886440903,43.20263073977679,9.459671974182129,32.19624710083008
536,22,1,False,0.0,0.0,,
536,15,1,False,0.0,50.732101730116085,8.098161697387695,34.298683166503906
536,134,2,False,0.0,0.0,,
536,19,1,False,8.560941411587024,20.919435019382703,15.368932723999023,46.14699172973633
536,132,1,False,3.6881789038757167,36.410534117933466,0.8013173341751099,31.264938354492188
536,142,1,False,2.056026316765548,25.013407040250513,10.631053924560547,20.532686233520508
536,227,1,False,0.0,0.0,,
536,213,2,False,0.0,0.0,,
537,1,2,False,5.760178550178932,47.59939606785348,17.69202995300293,42.29322814941406
537,6,1,False,4.649309775648562,47.0147879400957,19.539838790893555,53.35430908203125
537,11,1,False,3.3543515307920444,49.04353012144858,4.248050212860107,51.67802047729492
537,14,2,False,3.450075757152271,48.92031661989755,5.214049339294434,50.82359313964844
537,34,2,False,0.0,38.50302474674523,22.006832122802734,55.37126541137695
537,3,2,False,1.8218286661396461,54.10067187006923,1.2717188596725464,44.8966064453125
537,5,1,False,4.2084749324613115,54.387578485677345,12.745166778564453,44.99606704711914
537,12,1,False,5.877071229064233,48.651392909547994,0.7109432816505432,43.364097595214844
537,13,2,False,0.0,0.0,,
537,7,2,False,2.8969959859119854,38.00904171524901,16.840913772583008,36.8087158203125
537,156,2,False,5.333274030974747,4.923477895480364,21.439311981201172,37.292808532714844
537,8,2,False,3.2072653886440903,43.20263073977679,9.151083946228027,32.070987701416016
537,22,1,False,0.0,0.0,,
537,15,1,False,0.0,50.732101730116085,7.872389793395996,34.191619873046875
537,134,2,False,0.0,0.0,,
537,19,1,False,8.560941411587024,20.919435019382703,15.226716041564941,46.156219482421875
537,132,1,False,3.6881789038757167,36.410534117933466,0.49625420570373535,31.259761810302734
537,142,1,False,2.056026316765548,25.013407040250513,10.319503784179688,20.22975730895996
537,227,1,False,0.0,0.0,,
537,213,2,False,0.0,0.0,,
538,1,2,False,5.760178550178932,47.59939606785348,17.784021377563477,42.230804443359375
538,6,1,False,4.649309775648562,47.0147879400957,19.640596389770508,53.315303802490234
538,11,1,False,3.3543515307920444,49.04353012144858,4.274342060089111,51.55937576293945
538,14,2,False,3.450075757152271,48.92031661989755,5.201869487762451,50.764007568359375
538,34,2,False,0.0,38.50302474674523,22.04888153076172,55.32373046875
538,3,2,False,1.8218286661396461,54.10067187006923,1.3177109956741333,44.83842468261719
538,5,1,False,4.2084749324613115,54.387578485677345,12.837448120117188,45.02984619140625
538,12,1,False,5.877071229064233,48.651392909547994,0.7393526434898376,43.38557815551758
538,13,2,False,0.0,0.0,,
538,7,2,False,2.8969959859119854,38.00904171524901,16.888507843017578,36.72633361816406
538,156,2,False,5.333274030974747,4.923477895480364,21.594039916992188,37.1147346496582
538,8,2,False,3.2072653886440903,43.20263073977679,9.191059112548828,31.97989845275879
538,22,1,False,0.0,0.0,,
538,15,1,False,0.0,50.732101730116085,7.9096879959106445,34.10569763183594
538,134,2,False,0.0,0.0,,
538,19,1,False,8.560941411587024,20.919435019382703,15.405251502990723,46.205841064453125
538,132,1,False,3.6881789038757167,36.410534117933466,0.5252733826637268,31.169113159179688
538,142,1,False,2.056026316765548,25.013407040250513,10.355536460876465,20.26569366455078
538,227,1,False,0.0,0.0,,
538,213,2,False,0.0,0.0,,
538,120,2,False,7.736935770454389,9.975452494483838,13.37689208984375,22.02326202392578
539,1,2,False,5.760178550178932,47.59939606785348,17.988901138305664,42.40483093261719
539,6,1,False,4.649309775648562,47.0147879400957,19.81542205810547,53.520835876464844
539,11,1,False,3.3543515307920444,49.04353012144858,4.406044006347656,51.680259704589844
539,14,2,False,3.450075757152271,48.92031661989755,5.293471813201904,50.95052719116211
539,34,2,False,0.0,38.50302474674523,22.176719665527344,55.37567901611328
539,3,2,False,1.8218286661396461,54.10067187006923,1.466698169708252,44.981441497802734
539,5,1,False,4.2084749324613115,54.387578485677345,13.073020935058594,45.108673095703125
539,12,1,False,5.877071229064233,48.651392909547994,0.9379984140396118,43.62750244140625
539,13,2,False,0.0,0.0,,
539,7,2,False,2.8969959859119854,38.00904171524901,17.034746170043945,36.90903854370117
539,156,2,False,5.333274030974747,4.923477895480364,21.834575653076172,37.202972412109375
539,8,2,False,3.2072653886440903,43.20263073977679,9.357177734375,32.17818069458008
539,22,1,False,0.0,0.0,,
539,15,1,False,0.0,50.732101730116085,8.098161697387695,34.298683166503906
539,134,2,False,0.0,0.0,,
539,19,1,False,8.560941411587024,20.919435019382703,15.62324333190918,46.36719512939453
539,132,1,False,3.6881789038757167,36.410534117933466,0.6799982786178589,31.361421585083008
539,142,1,False,2.056026316765548,25.013407040250513,10.543035507202148,20.51799774169922
539,227,1,False,0.0,0.0,,
539,213,2,False,0.0,0.0,,
539,120,2,False,7.736935770454389,9.975452494483838,13.49769401550293,22.259300231933594
540,1,2,False,6.800728422610824,47.992956740458276,18.035436630249023,42.413352966308594
540,6,1,False,4.035663286471947,47.24833326917394,19.913816452026367,53.468040466308594
540,11,1,False,4.043981092418446,49.27755680503761,4.367734432220459,51.67288589477539
540,14,2,False,5.825119405770105,49.257418437361096,5.25645112991333,50.87308120727539
540,34,2,False,5.9430740332702205,38.84695264218911,22.176719665527344,55.37567901611328
540,3,2,False,1.8171920440055165,54.205833446689915,1.466698169708252,44.981441497802734
540,5,1,False,4.600720452781921,54.65382388225037,13.138937950134277,45.12092971801758
540,12,1,False,2.631484185594711,48.80367787399213,0.9411911368370056,43.71318435668945
540,13,2,False,0.0,0.0,,
540,7,2,False,0.0,0.0,17.009862899780273,36.90458679199219
540,156,2,False,8.20337798836456,5.398210417955164,21.85898208618164,37.3209342956543
540,8,2,False,0.9004016437495526,43.254737316382666,9.365669250488281,32.05885314941406
540,22,1,False,0.0,0.0,,
540,15,1,False,5.825255340653945,51.06921141418171,8.098161697387695,34.298683166503906
540,134,2,False,0.0,0.0,,
540,19,1,False,9.636796135828735,21.477119980946867,15.688695907592773,46.3794059753418
540,132,1,False,6.2455358624387305,36.771965591454226,0.654946506023407,31.356990814208984
540,142,1,False,8.515288532631034,25.50618994144444,10.543035507202148,20.51799774169922
540,227,1,False,0.0,0.0,,
540,213,2,True,0.0,0.0,,
540,120,2,False,7.132091691533256,10.388189282188309,13.41043758392334,22.244653701782227
541,1,2,False,6.800728422610824,47.992956740458276,17.561128616333008,42.27902603149414
541,6,1,False,4.035663286471947,47.24833326917394,19.565229415893555,53.294490814208984
541,11,1,False,4.043981092418446,49.27755680503761,3.9126358032226562,51.55207443237305
541,14,2,False,5.825119405770105,49.257418437361096,4.755140781402588,50.742698669433594
541,34,2,False,5.9430740332702205,38.84695264218911,21.779691696166992,55.19705581665039
541,3,2,False,1.8171920440055165,54.205833446689915,0.9672825336456299,44.847747802734375
541,5,1,False,4.600720452781921,54.65382388225037,12.699509620666504,44.90825271606445
541,12,1,False,2.631484185594711,48.80367787399213,0.4333265423774719,43.57701110839844
541,13,2,False,0.0,0.0,,
541,7,2,False,0.0,0.0,16.452165603637695,36.750370025634766
541,156,2,False,8.20337798836456,5.398210417955164,21.322235107421875,37.396297454833984
541,8,2,False,0.9004016437495526,43.254737316382666,8.810853004455566,31.902175903320312
541,22,1,False,0.0,0.0,,
541,15,1,False,5.825255340653945,51.06921141418171,7.554340362548828,34.26013946533203
541,134,2,False,0.0,0.0,,
541,19,1,False,9.636796135828735,21.477119980946867,15.264362335205078,46.258262634277344
541,132,1,False,6.2455358624387305,36.771965591454226,0.09210437536239624,31.435161590576172
541,142,1,False,8.515288532631034,25.50618994144444,9.86972713470459,20.486446380615234
541,227,1,False,0.0,0.0,,
541,213,2,True,0.0,0.0,,
541,120,2,False,7.132091691533256,10.388189282188309,12.712701797485352,21.898143768310547
542,1,2,False,6.800728422610824,47.992956740458276,18.10114097595215,42.3277702331543
542,6,1,False,4.035663286471947,47.24833326917394,20.032474517822266,53.4189567565918
542,11,1,False,4.043981092418446,49.27755680503761,4.271181106567383,51.72246170043945
542,14,2,False,5.825119405770105,49.257418437361096,5.121854305267334,50.77678680419922
542,34,2,False,5.9430740332702205,38.84695264218911,22.198381423950195,55.24235916137695
542,3,2,False,1.8171920440055165,54.205833446689915,1.4064351320266724,45.05221176147461
542,5,1,False,4.600720452781921,54.65382388225037,13.184971809387207,44.95315170288086
542,12,1,False,2.631484185594711,48.80367787399213,0.8773274421691895,43.701263427734375
542,13,2,False,0.0,0.0,,
542,7,2,False,0.0,0.0,16.941221237182617,37.00389862060547
542,156,2,False,8.20337798836456,5.398210417955164,21.906692504882812,37.66836929321289
542,8,2,False,0.9004016437495526,43.254737316382666,9.340010643005371,32.0543327331543
542,22,1,False,0.0,0.0,,
542,15,1,False,5.825255340653945,51.06921141418171,8.110084533691406,34.52779006958008
542,134,2,False,0.0,0.0,,
542,19,1,False,9.636796135828735,21.477119980946867,15.828185081481934,46.232608795166016
542,132,1,False,6.2455358624387305,36.771965591454226,0.58831787109375,31.580026626586914
542,142,1,False,8.515288532631034,25.50618994144444,10.490514755249023,20.82364273071289
542,227,1,False,0.0,0.0,,
542,213,2,True,0.0,0.0,,
542,120,2,False,7.132091691533256,10.388189282188309,13.281111717224121,22.068735122680664
543,1,2,False,6.800728422610824,47.992956740458276,18.120357513427734,42.23341751098633
543,6,1,False,4.035663286471947,47.24833326917394,20.07120704650879,53.35439682006836
543,11,1,False,4.043981092418446,49.27755680503761,4.232921600341797,51.71509552001953
543,14,2,False,5.825119405770105,49.257418437361096,5.061679840087891,50.835750579833984
543,34,2,False,5.9430740332702205,38.84695264218911,22.200437545776367,55.10465621948242
543,3,2,False,1.8171920440055165,54.205833446689915,1.4064351320266724,45.05221176147461
543,5,1,False,4.600720452781921,54.65382388225037,13.207002639770508,44.957244873046875
543,12,1,False,2.631484185594711,48.80367787399213,0.8773274421691895,43.701263427734375
543,13,2,False,0.0,0.0,,
543,7,2,False,0.0,0.0,16.91637420654297,36.99945068359375
543,156,2,False,8.20337798836456,5.398210417955164,21.98202896118164,37.68184280395508
543,8,2,False,0.9004016437495526,43.254737316382666,9.340010643005371,32.0543327331543
543,22,1,False,0.0,0.0,,
543,15,1,False,5.825255340653945,51.06921141418171,8.10364818572998,34.63965606689453
543,134,2,False,0.0,0.0,,
543,19,1,False,9.636796135828735,21.477119980946867,15.865340232849121,46.152801513671875
543,132,1,False,6.2455358624387305,36.771965591454226,0.5676194429397583,31.693262100219727
543,142,1,False,8.515288532631034,25.50618994144444,10.420604705810547,20.96837615966797
543,227,1,False,0.0,0.0,,
543,213,2,True,0.0,0.0,,
543,120,2,False,7.132091691533256,10.388189282188309,13.193740844726562,22.054079055786133
544,1,2,False,6.800728422610824,47.992956740458276,18.139625549316406,42.13881301879883
544,6,1,False,4.035663286471947,47.24833326917394,20.05115509033203,53.35055923461914
544,11,1,False,4.043981092418446,49.27755680503761,4.176220417022705,51.63603210449219
544,14,2,False,5.825119405770105,49.257418437361096,5.003260612487793,50.824554443359375
544,34,2,False,5.9430740332702205,38.84695264218911,22.18073844909668,55.100868225097656
544,3,2,False,1.8171920440055165,54.205833446689915,1.4064351320266724,45.05221176147461
544,5,1,False,4.600720452781921,54.65382388225037,13.241164207458496,44.875091552734375
544,12,1,False,2.631484185594711,48.80367787399213,0.8527443408966064,43.611595153808594
544,13,2,False,0.0,0.0,,
544,156,2,False,8.20337798836456,5.398210417955164,22.108793258666992,37.59183883666992
544,8,2,False,0.9004016437495526,43.254737316382666,9.314352989196777,32.04981231689453
544,22,1,False,0.0,0.0,,
544,15,1,False,5.825255340653945,51.06921141418171,8.078906059265137,34.6352424621582
544,134,2,False,0.0,0.0,,
544,19,1,False,9.636796135828735,21.477119980946867,15.917970657348633,45.988494873046875
544,132,1,False,6.2455358624387305,36.771965591454226,0.5426799654960632,31.688844680786133
544,142,1,False,8.515288532631034,25.50618994144444,10.362236022949219,20.9586124420166
544,227,1,False,0.0,0.0,,
544,213,2,True,0.0,0.0,,
544,120,2,False,7.132091691533256,10.388189282188309,13.106382369995117,22.039426803588867
545,1,2,False,3.7771421998503736,48.21154135850517,18.18233871459961,42.04823684692383
545,6,1,False,9.897602892936678,47.821111214367036,20.049800872802734,53.278167724609375
545,11,1,False,10.227551313998777,49.86942898756069,4.1379241943359375,51.628662109375
545,14,2,False,9.911979468313655,49.83102836029592,4.925375938415527,50.80962371826172
545,34,2,False,6.934961025240077,39.248281405223835,22.181747436523438,55.03178787231445
545,3,2,False,6.85932093344234,54.60278488959746,1.3855149745941162,45.04828643798828
545,5,1,False,5.800789778716147,54.98951773518533,13.241164207458496,44.875091552734375
545,12,1,False,5.549892714538742,49.124852220898305,0.8314326405525208,43.60762023925781
545,13,2,False,0.0,0.0,,
545,156,2,False,8.932608702635372,5.915143791950267,22.132726669311523,37.70879364013672
545,8,2,False,9.326628942400905,43.79447278758642,9.314352989196777,32.04981231689453
545,22,1,False,0.0,0.0,,
545,15,1,False,7.293310359497044,51.491277985911864,8.078906059265137,34.6352424621582
545,134,2,False,0.0,0.0,,
545,19,1,False,2.437192701958601,21.618161225273173,15.999359130859375,45.916263580322266
545,132,1,False,0.0,0.0,0.49280402064323425,31.680011749267578
545,142,1,False,16.286060012951225,26.448670266268007,10.303872108459473,20.9488525390625
545,227,1,False,0.0,0.0,,
545,213,2,True,0.0,0.0,,
545,120,2,False,15.795115078073593,11.302258441799049,13.003396034240723,22.17632484436035
546,1,2,False,3.7771421998503736,48.21154135850517,17.967689514160156,42.014217376708984
546,6,1,False,9.897602892936678,47.821111214367036,19.82537269592285,53.239051818847656
546,11,1,False,10.227551313998777,49.86942898756069,3.9056291580200195,51.58757019042969
546,14,2,False,9.911979468313655,49.83102836029592,4.669661045074463,50.764339447021484
546,34,2,False,6.934961025240077,39.248281405223835,21.96113395690918,54.99301528930664
546,3,2,False,6.85932093344234,54.60278488959746,1.1737176179885864,45.01288986206055
546,5,1,False,5.800789778716147,54.98951773518533,13.017046928405762,44.838157653808594
546,12,1,False,5.549892714538742,49.124852220898305,0.6192945837974548,43.65760803222656
546,13,2,False,0.0,0.0,,
546,156,2,False,8.932608702635372,5.915143791950267,21.876001358032227,37.78116989135742
546,8,2,False,9.326628942400905,43.79447278758642,9.036371231079102,31.88612937927246
546,22,1,False,0.0,0.0,,
546,15,1,False,7.293310359497044,51.491277985911864,7.8279194831848145,34.59645080566406
546,134,2,False,0.0,0.0,,
546,19,1,False,2.437192701958601,21.618161225273173,15.804442405700684,45.97197723388672
546,132,1,False,0.0,0.0,0.24041631817817688,31.641498565673828
546,142,1,False,16.286060012951225,26.448670266268007,9.960002899169922,20.7432804107666
546,227,1,False,0.0,0.0,,
546,213,2,True,0.0,0.0,,
546,120,2,False,15.795115078073593,11.302258441799049,12.621003150939941,22.120290756225586
547,1,2,False,3.7771421998503736,48.21154135850517,18.24859619140625,41.96169662475586
547,6,1,False,9.897602892936678,47.821111214367036,20.047086715698242,53.13290023803711
547,11,1,False,10.227551313998777,49.86942898756069,4.042194843292236,51.6102409362793
547,14,2,False,9.911979468313655,49.83102836029592,4.808567523956299,50.787235260009766
547,34,2,False,6.934961025240077,39.248281405223835,22.142305374145508,55.02419662475586
547,3,2,False,6.85932093344234,54.60278488959746,1.3645954132080078,45.04436111450195
547,5,1,False,5.800789778716147,54.98951773518533,13.263223648071289,44.879188537597656
547,13,2,False,0.0,0.0,,
547,156,2,False,8.932608702635372,5.915143791950267,22.130294799804688,37.932769775390625
547,8,2,False,9.326628942400905,43.79447278758642,9.263041496276855,32.040775299072266
547,22,1,False,0.0,0.0,,
547,15,1,False,7.293310359497044,51.491277985911864,8.054163932800293,34.630828857421875
547,19,1,False,2.437192701958601,21.618161225273173,16.159587860107422,46.03348922729492
547,132,1,False,0.0,0.0,0.46786752343177795,31.675596237182617
547,142,1,False,16.286060012951225,26.448670266268007,10.198206901550293,20.774789810180664
547,227,1,False,0.0,0.0,,
547,213,2,True,0.0,0.0,,
547,120,2,False,15.795115078073593,11.302258441799049,12.844379425048828,21.99547576904297
547,7,2,False,0.0,0.0,16.860578536987305,36.87787628173828
548,1,2,False,3.7771421998503736,48.21154135850517,18.295455932617188,41.97025680541992
548,6,1,False,9.897602892936678,47.821111214367036,20.026968002319336,53.129051208496094
548,11,1,False,10.227551313998777,49.86942898756069,4.004403591156006,51.5346794128418
548,14,2,False,9.911979468313655,49.83102836029592,4.748838424682617,50.846107482910156
548,34,2,False,6.934961025240077,39.248281405223835,22.10194206237793,55.0857048034668
548,3,2,False,6.85932093344234,54.60278488959746,1.3463226556777954,45.122802734375
548,5,1,False,5.800789778716147,54.98951773518533,13.307345390319824,44.88738250732422
548,13,2,False,0.0,0.0,,
548,156,2,False,8.932608702635372,5.915143791950267,22.12908363342285,38.044288635253906
548,8,2,False,9.326628942400905,43.79447278758642,9.237387657165527,32.0362548828125
548,22,1,False,0.0,0.0,,
548,15,1,False,7.293310359497044,51.491277985911864,8.054163932800293,34.630828857421875
548,19,1,False,2.437192701958601,21.618161225273173,16.209733963012695,46.130008697509766
548,132,1,False,0.0,0.0,0.4473752975463867,31.78852081298828
548,142,1,False,16.286060012951225,26.448670266268007,10.110540390014648,20.7601375579834
548,227,1,False,0.0,0.0,,
548,213,2,True,0.0,0.0,,
548,120,2,False,15.795115078073593,11.302258441799049,12.75706958770752,21.980831146240234
548,7,2,False,0.0,0.0,16.835702896118164,36.8734245300293
549,1,2,False,3.7771421998503736,48.21154135850517,18.32272720336914,42.07389831542969
549,6,1,False,9.897602892936678,47.821111214367036,20.024194717407227,52.983123779296875
549,11,1,False,10.227551313998777,49.86942898756069,3.946913480758667,51.523616790771484
549,14,2,False,9.911979468313655,49.83102836029592,4.690512657165527,50.834922790527344
549,34,2,False,6.934961025240077,39.248281405223835,22.082244873046875,55.081912994384766
549,3,2,False,6.85932093344234,54.60278488959746,1.3072268962860107,45.197139739990234
549,13,2,False,0.0,0.0,,
549,156,2,False,8.932608702635372,5.915143791950267,22.152856826782227,38.159976959228516
549,8,2,False,9.326628942400905,43.79447278758642,9.2117338180542,32.031734466552734
549,22,1,False,0.0,0.0,,
549,15,1,False,7.293310359497044,51.491277985911864,8.029422760009766,34.62641525268555
549,19,1,False,2.437192701958601,21.618161225273173,16.297515869140625,46.1463623046875
549,132,1,False,0.0,0.0,0.426942378282547,31.901119232177734
549,142,1,False,16.286060012951225,26.448670266268007,10.033676147460938,20.590404510498047
549,227,1,False,0.0,0.0,,
549,213,2,True,0.0,0.0,,
549,120,2,False,15.795115078073593,11.302258441799049,12.669771194458008,21.9661865234375
549,7,2,False,0.0,0.0,16.81082534790039,36.86897659301758
549,12,1,False,5.549892714538742,49.124852220898305,0.8134702444076538,43.68934631347656
549,134,2,False,0.0,0.0,,
550,1,2,False,9.084838036692146,48.73728430044338,18.07223892211914,41.859405517578125
550,6,1,False,2.853627948707495,47.98625172065798,19.730918884277344,52.802364349365234
550,11,1,False,1.1984541805982745,49.93878397486383,3.6192336082458496,51.34357833862305
550,14,2,False,3.2347491907534596,50.018224494020075,4.358579158782959,50.72147750854492
550,34,2,False,7.5154990151408665,39.68320611674819,21.799633026123047,54.909095764160156
550,3,2,False,4.133700282127782,54.842003655924294,0.9898079037666321,45.07969284057617
550,13,2,False,0.0,0.0,,
550,156,2,False,7.531815678653655,6.351012754835316,21.842878341674805,38.13682174682617
550,8,2,False,4.082931604653857,44.03075355174463,8.8040189743042,31.874103546142578
550,22,1,False,0.0,0.0,,
550,15,1,False,7.924645935616923,51.94988018126006,7.684540748596191,34.48485565185547
550,19,1,False,11.950835373417952,22.309760494568195,16.06473731994629,46.041236877441406
550,132,1,False,0.0,0.0,,
550,142,1,False,7.280079112200811,26.869971140816666,9.540193557739258,20.396526336669922
550,227,1,False,0.0,0.0,,
550,213,2,True,0.0,0.0,,
550,120,2,False,1.7118825492961396,11.401325718957391,12.1821928024292,21.774892807006836
550,7,2,False,2.2560610086865855,38.13960080139986,16.47280502319336,36.729248046875
550,12,1,False,5.270925401614845,49.42988262608435,0.5142726302146912,43.658241271972656
550,134,2,False,0.0,0.0,,
550,5,1,False,7.604474995728627,55.42959151966037,13.050409317016602,44.59886169433594
551,1,2,False,9.084838036692146,48.73728430044338,18.455820083618164,41.900630950927734
551,6,1,False,2.853627948707495,47.98625172065798,19.962247848510742,52.898345947265625
551,11,1,False,1.1984541805982745,49.93878397486383,3.8514370918273926,51.43682098388672
551,14,2,False,3.2347491907534596,50.018224494020075,4.59215784072876,50.8862190246582
551,34,2,False,7.5154990151408665,39.68320611674819,22.044570922851562,54.93597412109375
551,3,2,False,4.133700282127782,54.842003655924294,1.2627543210983276,45.107120513916016
551,13,2,False,0.0,0.0,,
551,156,2,False,7.531815678653655,6.351012754835316,22.20151138305664,38.279815673828125
551,8,2,False,4.082931604653857,44.03075355174463,9.134780883789062,32.01818084716797
551,22,1,False,0.0,0.0,,
551,15,1,False,7.924645935616923,51.94988018126006,7.9737019538879395,34.72916030883789
551,19,1,False,11.950835373417952,22.309760494568195,16.439332962036133,45.998165130615234
551,132,1,False,0.0,0.0,0.2979964017868042,31.76205062866211
551,142,1,False,7.280079112200811,26.869971140816666,9.887368202209473,20.565969467163086
551,227,1,False,0.0,0.0,,
551,213,2,True,0.0,0.0,,
551,120,2,False,1.7118825492961396,11.401325718957391,12.510027885437012,21.78476905822754
551,7,2,False,2.2560610086865855,38.13960080139986,16.761075973510742,36.86007308959961
551,12,1,False,5.270925401614845,49.42988262608435,0.7955523133277893,43.770870208740234
551,134,2,False,0.0,0.0,,
551,5,1,False,7.604474995728627,55.42959151966037,13.376102447509766,44.722469329833984
552,1,2,False,9.084838036692146,48.73728430044338,18.040668487548828,41.50682830810547
552,6,1,False,2.853627948707495,47.98625172065798,19.568410873413086,52.51521301269531
552,11,1,False,1.1984541805982745,49.93878397486383,3.4423835277557373,51.207275390625
552,14,2,False,3.2347491907534596,50.018224494020075,4.140977382659912,50.645362854003906
552,34,2,False,7.5154990151408665,39.68320611674819,21.648868560791016,54.63692855834961
552,3,2,False,4.133700282127782,54.842003655924294,0.80701744556427,44.75919723510742
552,13,2,False,0.0,0.0,,
552,156,2,False,7.531815678653655,6.351012754835316,21.776792526245117,37.84737014770508
552,8,2,False,4.082931604653857,44.03075355174463,8.604410171508789,31.65813636779785
552,22,1,False,0.0,0.0,,
552,15,1,False,7.924645935616923,51.94988018126006,7.459357261657715,34.389400482177734
552,19,1,False,11.950835373417952,22.309760494568195,16.06421661376953,45.647438049316406
552,132,1,False,0.0,0.0,,
552,142,1,False,7.280079112200811,26.869971140816666,9.216753959655762,20.265506744384766
552,227,1,False,0.0,0.0,,
552,213,2,True,0.0,0.0,,
552,7,2,False,2.2560610086865855,38.13960080139986,16.245454788208008,36.521610260009766
552,12,1,False,5.270925401614845,49.42988262608435,0.35518038272857666,43.50193405151367
552,134,2,False,0.0,0.0,,
552,5,1,False,7.604474995728627,55.42959151966037,12.99710464477539,44.45591735839844
553,1,2,False,9.084838036692146,48.73728430044338,18.495513916015625,41.7092399597168
553,6,1,False,2.853627948707495,47.98625172065798,19.87840461730957,52.735958099365234
553,11,1,False,1.1984541805982745,49.93878397486383,3.77471923828125,51.422061920166016
553,14,2,False,3.2347491907534596,50.018224494020075,4.475670337677002,50.8638801574707
553,34,2,False,7.5154990151408665,39.68320611674819,21.98775291442871,54.71588134765625
553,3,2,False,4.133700282127782,54.842003655924294,1.2181779146194458,45.01688766479492
553,13,2,False,0.0,0.0,,
553,156,2,False,7.531815678653655,6.351012754835316,22.27918815612793,38.071170806884766
553,8,2,False,4.082931604653857,44.03075355174463,9.091584205627441,31.889421463012695
553,22,1,False,0.0,0.0,,
553,15,1,False,7.924645935616923,51.94988018126006,7.918141841888428,34.831607818603516
553,19,1,False,11.950835373417952,22.309760494568195,16.53775405883789,45.84099197387695
553,132,1,False,0.0,0.0,0.22332027554512024,31.748817443847656
553,142,1,False,7.280079112200811,26.869971140816666,9.730794906616211,20.696672439575195
553,227,1,False,0.0,0.0,,
553,213,2,True,0.0,0.0,,
553,7,2,False,2.2560610086865855,38.13960080139986,16.686460494995117,36.84672546386719
553,12,1,False,5.270925401614845,49.42988262608435,0.7564474940299988,43.848228454589844
553,134,2,False,0.0,0.0,,
553,5,1,False,7.604474995728627,55.42959151966037,13.464584350585938,44.7388916015625
554,1,2,False,9.084838036692146,48.73728430044338,18.495513916015625,41.7092399597168
554,6,1,False,2.853627948707495,47.98625172065798,19.836345672607422,52.65449905395508
554,11,1,False,1.1984541805982745,49.93878397486383,3.71718692779541,51.4109992980957
554,14,2,False,3.2347491907534596,50.018224494020075,4.4174346923828125,50.85271072387695
554,34,2,False,7.5154990151408665,39.68320611674819,21.969512939453125,54.57216262817383
554,3,2,False,4.133700282127782,54.842003655924294,1.1734975576400757,44.926448822021484
554,13,2,False,0.0,0.0,,
554,156,2,False,7.531815678653655,6.351012754835316,22.227802276611328,38.173404693603516
554,8,2,False,4.082931604653857,44.03075355174463,9.065899848937988,31.884899139404297
554,22,1,False,0.0,0.0,,
554,15,1,False,7.924645935616923,51.94988018126006,7.8627424240112305,34.93375778198242
554,19,1,False,11.950835373417952,22.309760494568195,16.576107025146484,45.76005172729492
554,132,1,False,0.0,0.0,0.1735411286354065,31.7399959564209
554,142,1,False,7.280079112200811,26.869971140816666,9.633073806762695,20.836658477783203
554,227,1,False,0.0,0.0,,
554,213,2,True,0.0,0.0,,
554,7,2,False,2.2560610086865855,38.13960080139986,16.611852645874023,36.8333740234375
554,12,1,False,5.270925401614845,49.42988262608435,0.7139874696731567,43.84029769897461
554,134,2,False,0.0,0.0,,
554,5,1,False,7.604474995728627,55.42959151966037,13.430047035217285,44.82143783569336
554,120,2,False,1.7118825492961396,11.401325718957391,12.218714714050293,21.735939025878906
555,1,2,False,4.271037165437216,48.984450803072846,18.539003372192383,41.617462158203125
555,6,1,False,12.367024250513452,48.70193599441455,19.755355834960938,52.639041900634766
555,11,1,False,10.09402590023579,50.52292899223859,3.6596598625183105,51.399932861328125
555,14,2,False,12.08741403623342,50.717727621116914,4.338920593261719,50.90763854980469
555,34,2,False,12.325207161076941,40.39647042005125,21.93056297302246,54.494346618652344
555,3,2,False,6.7072656834122,55.23015560519583,1.1734975576400757,44.926448822021484
555,13,2,False,0.0,0.0,,
555,156,2,False,11.368092689838672,7.00888848920098,22.251407623291016,38.288761138916016
555,8,2,False,10.14842683621407,44.618046771432944,9.040216445922852,31.8803768157959
555,22,1,False,0.0,0.0,,
555,15,1,False,10.291861163248619,52.54547399857769,7.8134846687316895,34.924957275390625
555,19,1,False,2.5054980473567383,22.454754594530968,16.658803939819336,45.68712615966797
555,132,1,False,0.0,0.0,0.12376593053340912,31.731176376342773
555,142,1,False,18.450748702165285,27.9377228018216,9.516486167907715,20.81715965270996
555,227,1,False,0.0,0.0,,
555,7,2,False,10.87844277530261,38.7691403138595,16.562118530273438,36.82447814941406
555,12,1,False,10.10629897778878,50.01473789100268,0.6750349402427673,43.9174690246582
555,134,2,False,0.0,0.0,,
555,5,1,False,6.825585819341888,55.82459069902043,13.430047035217285,44.82143783569336
555,120,2,False,18.009168306211848,12.443522958900207,12.102227210998535,21.716413497924805
556,1,2,False,4.271037165437216,48.984450803072846,18.519044876098633,41.71353530883789
556,6,1,False,12.367024250513452,48.70193599441455,19.674375534057617,52.62358474731445
556,11,1,False,10.09402590023579,50.52292899223859,3.58296537399292,51.38518142700195
556,14,2,False,12.08741403623342,50.717727621116914,4.280762195587158,50.896480560302734
556,34,2,False,12.325207161076941,40.39647042005125,21.87164306640625,54.41254425048828
556,3,2,False,6.7072656834122,55.23015560519583,1.146782636642456,44.75672912597656
556,13,2,False,0.0,0.0,,
556,156,2,False,11.368092689838672,7.00888848920098,22.197607040405273,38.61064529418945
556,8,2,False,10.14842683621407,44.618046771432944,8.996825218200684,31.751243591308594
556,22,1,False,0.0,0.0,,
556,15,1,False,10.291861163248619,52.54547399857769,7.7888569831848145,34.92055892944336
556,19,1,False,2.5054980473567383,22.454754594530968,16.75287628173828,45.79291915893555
556,132,1,False,0.0,0.0,0.07399468868970871,31.72235679626465
556,142,1,False,18.450748702165285,27.9377228018216,9.390222549438477,20.951814651489258
556,227,1,False,0.0,0.0,,
556,7,2,False,10.87844277530261,38.7691403138595,16.53067970275879,36.70698165893555
556,12,1,False,10.10629897778878,50.01473789100268,0.6150050759315491,43.9904899597168
556,134,2,False,0.0,0.0,,
556,5,1,False,6.825585819341888,55.82459069902043,13.38586139678955,44.813236236572266
556,120,2,False,18.009168306211848,12.443522958900207,11.999752044677734,21.54416847229004
557,1,2,False,4.271037165437216,48.984450803072846,18.54257583618164,41.717830657958984
557,6,1,False,12.367024250513452,48.70193599441455,19.59340476989746,52.60812759399414
557,11,1,False,10.09402590023579,50.52292899223859,3.525479316711426,51.44253921508789
557,14,2,False,12.08741403623342,50.717727621116914,4.183843612670898,50.87788772583008
557,34,2,False,12.325207161076941,40.39647042005125,21.812597274780273,54.330570220947266
557,3,2,False,6.7072656834122,55.23015560519583,1.1316229104995728,44.91859436035156
557,13,2,False,0.0,0.0,,
557,156,2,False,11.368092689838672,7.00888848920098,22.195024490356445,38.82967758178711
557,8,2,False,10.14842683621407,44.618046771432944,8.937492370605469,31.862289428710938
557,22,1,False,0.0,0.0,,
557,15,1,False,10.291861163248619,52.54547399857769,7.709137439727783,35.01803207397461
557,19,1,False,2.5054980473567383,22.454754594530968,16.730775833129883,45.78881072998047
557,132,1,False,0.0,0.0,0.019180137664079666,31.596128463745117
557,142,1,False,18.450748702165285,27.9377228018216,9.235363960266113,21.08113670349121
557,227,1,False,0.0,0.0,,
557,7,2,False,10.87844277530261,38.7691403138595,16.48088264465332,36.69807815551758
557,12,1,False,10.10629897778878,50.01473789100268,0.5762738585472107,44.06727981567383
557,134,2,False,0.0,0.0,,
557,5,1,False,6.825585819341888,55.82459069902043,13.398221969604492,44.7265739440918
557,120,2,False,18.009168306211848,12.443522958900207,11.853957176208496,21.519746780395508
557,213,2,True,0.0,0.0,,
558,1,2,False,4.271037165437216,48.984450803072846,18.4685115814209,41.582672119140625
558,6,1,False,12.367024250513452,48.70193599441455,19.391422271728516,52.55343246459961
558,11,1,False,10.09402590023579,50.52292899223859,3.349714994430542,51.393714904785156
558,14,2,False,12.08741403623342,50.717727621116914,3.9867231845855713,50.82472229003906
558,34,2,False,12.325207161076941,40.39647042005125,21.67466926574707,54.21774673461914
558,3,2,False,6.7072656834122,55.23015560519583,1.0016345977783203,44.87616729736328
558,13,2,False,0.0,0.0,,
558,156,2,False,11.368092689838672,7.00888848920098,22.120826721191406,38.90166091918945
558,8,2,False,10.14842683621407,44.618046771432944,8.788238525390625,31.68781852722168
558,22,1,False,0.0,0.0,,
558,15,1,False,10.291861163248619,52.54547399857769,7.53390645980835,34.96221160888672
558,19,1,False,2.5054980473567383,22.454754594530968,16.603626251220703,45.83392333984375
558,132,1,False,0.0,0.0,,
558,142,1,False,18.450748702165285,27.9377228018216,8.979912757873535,20.848989486694336
558,227,1,False,0.0,0.0,,
558,7,2,False,10.87844277530261,38.7691403138595,16.281267166137695,36.637779235839844
558,12,1,False,10.10629897778878,50.01473789100268,0.3813878297805786,44.01240921020508
558,134,2,False,0.0,0.0,,
558,5,1,False,6.825585819341888,55.82459069902043,13.274179458618164,44.772987365722656
558,120,2,False,18.009168306211848,12.443522958900207,11.589372634887695,21.44132423400879
558,213,2,True,0.0,0.0,,
559,1,2,False,4.271037165437216,48.984450803072846,18.469409942626953,41.60496139526367
559,6,1,False,12.367024250513452,48.70193599441455,19.288570404052734,52.476524353027344
559,11,1,False,10.09402590023579,50.52292899223859,3.258358955383301,51.39128112792969
559,14,2,False,12.08741403623342,50.717727621116914,3.8747313022613525,50.8187255859375
559,34,2,False,12.325207161076941,40.39647042005125,21.57537269592285,54.14345932006836
559,3,2,False,6.7072656834122,55.23015560519583,0.9473588466644287,44.96623611450195
559,13,2,False,0.0,0.0,,
559,156,2,False,11.368092689838672,7.00888848920098,22.1453914642334,38.930267333984375
559,8,2,False,10.14842683621407,44.618046771432944,8.71519947052002,31.70192527770996
559,22,1,False,0.0,0.0,,
559,15,1,False,10.291861163248619,52.54547399857769,7.434432029724121,35.080528259277344
559,19,1,False,2.5054980473567383,22.454754594530968,16.604976654052734,45.853668212890625
559,132,1,False,0.0,0.0,,
559,142,1,False,18.450748702165285,27.9377228018216,8.810059547424316,20.855016708374023
559,227,1,False,0.0,0.0,,
559,7,2,False,10.87844277530261,38.7691403138595,16.208227157592773,36.649539947509766
559,12,1,False,10.10629897778878,50.01473789100268,0.3024420142173767,44.0162467956543
559,134,2,False,0.0,0.0,,
559,5,1,False,6.825585819341888,55.82459069902043,13.232275009155273,44.78489303588867
559,120,2,False,18.009168306211848,12.443522958900207,11.447279930114746,21.451936721801758
559,213,2,True,0.0,0.0,,
560,1,2,False,3.355780541400193,49.178651065885354,18.33926773071289,41.47187042236328
560,6,1,False,12.127363114332564,49.40375098945694,19.096628189086914,52.3592529296875
560,11,1,False,7.968123152993744,50.98404723025906,3.077643871307373,51.35010528564453
560,14,2,False,7.859341130375926,51.17255060319886,3.653160572052002,50.76966094970703
560,34,2,False,9.617806971130127,40.95305647162128,21.389163970947266,54.02998352050781
560,3,2,False,5.647204941182889,55.556961446699475,0.7948430180549622,45.01178741455078
560,13,2,False,0.0,0.0,,
560,156,2,False,5.4665295324732295,7.325238577885774,21.988506317138672,38.891822814941406
560,8,2,False,9.02780641077161,45.1404892720563,8.49895191192627,31.6524600982666
560,22,1,False,0.0,0.0,,
560,15,1,False,8.543798007898925,53.03990675366443,7.227799415588379,35.033145904541016
560,19,1,False,6.427741547364065,22.826730378521944,16.52475929260254,45.742401123046875
560,132,1,False,0.0,0.0,,
560,142,1,False,16.83943996179248,28.912227429240147,8.449378967285156,20.780067443847656
560,227,1,False,0.0,0.0,,
560,7,2,False,7.290839662643082,39.19106390544764,15.97498893737793,36.59732437133789
560,12,1,False,0.0,0.0,0.10672354698181152,44.05559158325195
560,134,2,False,0.0,0.0,,
560,5,1,False,8.212853741890465,56.299871586861315,13.035114288330078,44.82868194580078
560,120,2,False,13.712586495154513,13.237075418110537,11.115221977233887,21.381755828857422
560,213,2,True,0.0,0.0,,
561,1,2,False,3.355780541400193,49.178651065885354,18.319067001342773,41.47526931762695
561,6,1,False,12.127363114332564,49.40375098945694,18.97785758972168,52.341819763183594
561,11,1,False,7.968123152993744,50.98404723025906,3.005018949508667,51.340965270996094
561,14,2,False,7.859341130375926,51.17255060319886,3.56024432182312,50.826568603515625
561,34,2,False,9.617806971130127,40.95305647162128,21.331989288330078,53.95280838012695
561,3,2,False,5.647204941182889,55.556961446699475,0.7609022855758667,45.09284210205078
561,13,2,False,0.0,0.0,,
561,156,2,False,5.4665295324732295,7.325238577885774,22.016435623168945,38.904563903808594
561,8,2,False,9.02780641077161,45.1404892720563,8.426555633544922,31.648326873779297
561,22,1,False,0.0,0.0,,
561,19,1,False,6.427741547364065,22.826730378521944,16.54435920715332,45.66398620605469
561,132,1,False,0.0,0.0,,
561,142,1,False,16.83943996179248,28.912227429240147,8.309469223022461,20.76764488220215
561,227,1,False,0.0,0.0,,
561,7,2,False,7.290839662643082,39.19106390544764,15.929039001464844,36.59703063964844
561,12,1,False,0.0,0.0,0.047982461750507355,44.05052947998047
561,134,2,False,0.0,0.0,,
561,5,1,False,8.212853741890465,56.299871586861315,12.982820510864258,44.913726806640625
561,120,2,False,13.712586495154513,13.237075418110537,10.974641799926758,21.369190216064453
561,213,2,True,0.0,0.0,,
562,1,2,False,3.355780541400193,49.178651065885354,18.14488410949707,41.72570037841797
562,6,1,False,12.127363114332564,49.40375098945694,18.762588500976562,52.43550491333008
562,11,1,False,7.968123152993744,50.98404723025906,2.853210926055908,51.50446319580078
562,14,2,False,7.859341130375926,51.17255060319886,3.424334764480591,50.99713897705078
562,34,2,False,9.617806971130127,40.95305647162128,21.0952205657959,54.108612060546875
562,3,2,False,5.647204941182889,55.556961446699475,0.6238850355148315,45.297080993652344
562,13,2,False,0.0,0.0,,
562,156,2,False,5.4665295324732295,7.325238577885774,21.84405517578125,39.18118667602539
562,8,2,False,9.02780641077161,45.1404892720563,8.226083755493164,31.95577049255371
562,22,1,False,0.0,0.0,,
562,19,1,False,6.427741547364065,22.826730378521944,16.447355270385742,45.80736541748047
562,132,1,False,0.0,0.0,,
562,142,1,False,16.83943996179248,28.912227429240147,8.004227638244629,21.0
562,227,1,False,0.0,0.0,,
562,7,2,False,7.290839662643082,39.19106390544764,15.729990005493164,36.877037048339844
562,12,1,False,0.0,0.0,,
562,134,2,False,0.0,0.0,,
562,5,1,False,8.212853741890465,56.299871586861315,12.761451721191406,45.20942306518555
562,120,2,False,13.712586495154513,13.237075418110537,10.73576831817627,21.766298294067383
562,213,2,True,0.0,0.0,,
562,15,1,False,8.543798007898925,53.03990675366443,6.987191200256348,35.531436920166016
563,1,2,False,3.355780541400193,49.178651065885354,18.582609176635742,41.52543258666992
563,6,1,False,12.127363114332564,49.40375098945694,19.019319534301758,52.27740478515625
563,11,1,False,7.968123152993744,50.98404723025906,3.1043272018432617,51.361515045166016
563,14,2,False,7.859341130375926,51.17255060319886,3.679821252822876,50.92062759399414
563,34,2,False,9.617806971130127,40.95305647162128,21.415443420410156,53.898902893066406
563,3,2,False,5.647204941182889,55.556961446699475,0.9348621368408203,45.20867919921875
563,13,2,False,0.0,0.0,,
563,156,2,False,5.4665295324732295,7.325238577885774,22.316003799438477,39.06972885131836
563,8,2,False,9.02780641077161,45.1404892720563,8.59284782409668,31.5583438873291
563,22,1,False,0.0,0.0,,
563,19,1,False,6.427741547364065,22.826730378521944,16.869213104248047,45.548946380615234
563,132,1,False,0.0,0.0,,
563,142,1,False,16.83943996179248,28.912227429240147,8.380880355834961,20.627225875854492
563,227,1,False,0.0,0.0,,
563,7,2,False,7.290839662643082,39.19106390544764,16.114688873291016,36.744422912597656
563,12,1,False,0.0,0.0,0.18685470521450043,44.24525451660156
563,134,2,False,0.0,0.0,,
563,5,1,False,8.212853741890465,56.299871586861315,13.084924697875977,45.02283477783203
563,120,2,False,13.712586495154513,13.237075418110537,11.138057708740234,21.244359970092773
563,213,2,True,0.0,0.0,,
563,15,1,False,8.543798007898925,53.03990675366443,7.324522972106934,35.28246307373047
564,1,2,False,3.355780541400193,49.178651065885354,18.341371536254883,41.706417083740234
564,6,1,False,12.127363114332564,49.40375098945694,18.724000930786133,52.2398796081543
564,11,1,False,7.968123152993744,50.98404723025906,2.8691837787628174,51.40182113647461
564,14,2,False,7.859341130375926,51.17255060319886,3.4415855407714844,50.962005615234375
564,34,2,False,9.617806971130127,40.95305647162128,21.1835880279541,53.87263870239258
564,3,2,False,5.647204941182889,55.556961446699475,0.7237826585769653,45.270904541015625
564,13,2,False,0.0,0.0,,
564,156,2,False,5.4665295324732295,7.325238577885774,22.174968719482422,39.28895950317383
564,8,2,False,9.02780641077161,45.1404892720563,8.292326927185059,31.658170700073242
564,22,1,False,0.0,0.0,,
564,19,1,False,6.427741547364065,22.826730378521944,16.724390029907227,45.54462814331055
564,132,1,False,0.0,0.0,,
564,142,1,False,16.83943996179248,28.912227429240147,7.983724594116211,20.755874633789062
564,227,1,False,0.0,0.0,,
564,7,2,False,7.290839662643082,39.19106390544764,15.811342239379883,36.82993698120117
564,12,1,False,0.0,0.0,,
564,134,2,False,0.0,0.0,,
564,5,1,False,8.212853741890465,56.299871586861315,12.799044609069824,45.080074310302734
564,213,2,True,0.0,0.0,,
564,15,1,False,8.543798007898925,53.03990675366443,7.060516834259033,35.48367691040039
565,1,2,False,9.051566879103484,49.70246859361125,18.14897346496582,41.510623931884766
565,6,1,False,1.2305364114141988,49.474962587339704,18.457321166992188,52.06971740722656
565,11,1,False,3.124154273589785,51.16484319516587,2.628533363342285,51.24555969238281
565,14,2,False,3.5394091382757886,51.37737752092315,3.1996045112609863,50.803585052490234
565,34,2,False,5.694811028337776,41.28261729502046,20.984838485717773,53.64748001098633
565,3,2,False,3.1878409275298614,55.74144298185745,0.4785177707672119,45.09388732910156
565,13,2,False,0.0,0.0,,
565,156,2,False,12.380836880897888,8.041722193678476,22.054887771606445,39.20112991333008
565,8,2,False,5.936854956591006,45.48405726722939,8.032947540283203,31.416269302368164
565,22,1,False,0.0,0.0,,
565,19,1,False,9.51468513617358,23.377348731309766,16.58418083190918,45.37520217895508
565,132,1,False,0.0,0.0,,
565,142,1,False,11.559146365462283,29.58115951057477,7.609286308288574,20.28620147705078
565,227,1,False,0.0,0.0,,
565,7,2,False,3.3681651534913515,39.38598087034876,15.553118705749512,36.604034423828125
565,12,1,False,0.0,0.0,,
565,5,1,False,1.3020669512430243,56.375222683576766,12.564423561096191,44.89457702636719
565,213,2,True,0.0,0.0,,
565,15,1,False,3.9446112524209433,53.268182867809166,6.787060737609863,35.25722885131836
565,120,2,False,0.948642801266366,13.291973728369008,10.388402938842773,21.063228607177734
566,1,2,False,9.051566879103484,49.70246859361125,17.6584415435791,42.00591278076172
566,6,1,False,1.2305364114141988,49.474962587339704,17.951400756835938,52.407779693603516
566,11,1,False,3.124154273589785,51.16484319516587,2.253661870956421,51.641361236572266
566,14,2,False,3.5394091382757886,51.37737752092315,2.797610282897949,51.202842712402344
566,34,2,False,5.694811028337776,41.28261729502046,20.48783302307129,53.90230941772461
566,3,2,False,3.1878409275298614,55.74144298185745,0.08423197269439697,45.49660110473633
566,13,2,False,0.0,0.0,,
566,156,2,False,12.380836880897888,8.041722193678476,21.509801864624023,39.94944381713867
566,8,2,False,5.936854956591006,45.48405726722939,7.563853740692139,31.92746353149414
566,22,1,False,0.0,0.0,,
566,19,1,False,9.51468513617358,23.377348731309766,16.132875442504883,45.81340408325195
566,132,1,False,0.0,0.0,,
566,142,1,False,11.559146365462283,29.58115951057477,6.955642223358154,21.244239807128906
566,227,1,False,0.0,0.0,,
566,7,2,False,3.3681651534913515,39.38598087034876,14.967544555664062,37.262630462646484
566,12,1,False,0.0,0.0,,
566,5,1,False,1.3020669512430243,56.375222683576766,12.070052146911621,45.23215866088867
566,213,2,True,0.0,0.0,,
566,15,1,False,3.9446112524209433,53.268182867809166,6.321876049041748,35.819515228271484
566,120,2,False,0.948642801266366,13.291973728369008,9.741622924804688,21.865093231201172
567,1,2,False,9.051566879103484,49.70246859361125,18.223222732543945,41.525146484375
567,6,1,False,1.2305364114141988,49.474962587339704,18.33857536315918,52.04780960083008
567,11,1,False,3.124154273589785,51.16484319516587,2.5561718940734863,51.30057144165039
567,14,2,False,3.5394091382757886,51.37737752092315,3.125899076461792,50.8596305847168
567,34,2,False,5.694811028337776,41.28261729502046,20.92696762084961,53.49311065673828
567,3,2,False,3.1878409275298614,55.74144298185745,0.39858829975128174,45.07967758178711
567,13,2,False,0.0,0.0,,
567,156,2,False,12.380836880897888,8.041722193678476,22.128936767578125,39.53923034667969
567,8,2,False,5.936854956591006,45.48405726722939,8.062719345092773,31.422700881958008
567,22,1,False,0.0,0.0,,
567,19,1,False,9.51468513617358,23.377348731309766,16.698638916015625,45.3973274230957
567,132,1,False,0.0,0.0,,
567,142,1,False,11.559146365462283,29.58115951057477,7.426281929016113,20.569093704223633
567,227,1,False,0.0,0.0,,
567,7,2,False,3.3681651534913515,39.38598087034876,15.465619087219238,36.7010498046875
567,12,1,False,0.0,0.0,,
567,5,1,False,1.3020669512430243,56.375222683576766,12.447012901306152,44.785316467285156
567,213,2,True,0.0,0.0,,
567,15,1,False,3.9446112524209433,53.268182867809166,6.766485691070557,35.2546272277832
567,120,2,False,0.948642801266366,13.291973728369008,10.27634048461914,21.046003341674805
567,134,2,False,0.0,0.0,,
568,1,2,False,9.051566879103484,49.70246859361125,18.355554580688477,41.62211227416992
568,6,1,False,1.2305364114141988,49.474962587339704,18.330795288085938,52.100379943847656
568,11,1,False,3.124154273589785,51.16484319516587,2.5803935527801514,51.354942321777344
568,14,2,False,3.5394091382757886,51.37737752092315,3.1888554096221924,50.9915771484375
568,34,2,False,5.694811028337776,41.28261729502046,20.976734161376953,53.41082763671875
568,3,2,False,3.1878409275298614,55.74144298185745,0.4268619120121002,45.14431381225586
568,13,2,False,0.0,0.0,,
568,8,2,False,5.936854956591006,45.48405726722939,8.140846252441406,31.525394439697266
568,22,1,False,0.0,0.0,,
568,19,1,False,9.51468513617358,23.377348731309766,16.78595542907715,45.56740951538086
568,132,1,False,0.0,0.0,,
568,142,1,False,11.559146365462283,29.58115951057477,7.428186416625977,20.682682037353516
568,227,1,False,0.0,0.0,,
568,12,1,False,0.0,0.0,,
568,5,1,False,1.3020669512430243,56.375222683576766,12.443890571594238,44.84918212890625
568,213,2,True,0.0,0.0,,
568,15,1,False,3.9446112524209433,53.268182867809166,6.846564769744873,35.23910903930664
568,120,2,False,0.948642801266366,13.291973728369008,10.274815559387207,21.15927505493164
568,134,2,False,0.0,0.0,,
569,1,2,False,9.051566879103484,49.70246859361125,18.63326072692871,41.6346549987793
569,6,1,False,1.2305364114141988,49.474962587339704,18.44822120666504,52.094478607177734
569,11,1,False,3.124154273589785,51.16484319516587,2.7226145267486572,51.35629653930664
569,14,2,False,3.5394091382757886,51.37737752092315,3.332571268081665,50.99274826049805
569,34,2,False,5.694811028337776,41.28261729502046,21.114295959472656,53.336971282958984
569,3,2,False,3.1878409275298614,55.74144298185745,0.6259890794754028,45.23190689086914
569,13,2,False,0.0,0.0,,
569,8,2,False,5.936854956591006,45.48405726722939,8.36122989654541,31.517608642578125
569,22,1,False,0.0,0.0,,
569,19,1,False,9.51468513617358,23.377348731309766,17.046722412109375,45.58191680908203
569,132,1,False,0.0,0.0,,
569,142,1,False,11.559146365462283,29.58115951057477,7.58251428604126,20.804285049438477
569,227,1,False,0.0,0.0,,
569,12,1,False,0.0,0.0,,
569,5,1,False,1.3020669512430243,56.375222683576766,12.557169914245605,44.924739837646484
569,213,2,True,0.0,0.0,,
569,15,1,False,3.9446112524209433,53.268182867809166,7.050503730773926,35.34383010864258
569,120,2,False,0.948642801266366,13.291973728369008,10.467483520507812,21.132122039794922
569,134,2,False,0.0,0.0,,
569,7,2,False,3.3681651534913515,39.38598087034876,15.675332069396973,36.77729797363281
569,156,2,False,12.380836880897888,8.041722193678476,22.554277420043945,39.65325164794922
570,1,2,False,2.3377304960553382,49.83775392324408,18.656827926635742,41.638954162597656
570,6,1,False,6.494823968308727,49.85082045587609,18.3873348236084,52.08287048339844
570,11,1,False,3.321591696255353,51.357064936847316,2.6853551864624023,51.41719436645508
570,14,2,False,3.435041827315709,51.57616466370762,3.2940311431884766,50.985347747802734
570,34,2,False,6.740506766979798,41.67269291810957,21.033689498901367,53.32155990600586
570,3,2,False,0.3655979256985717,55.76260026922427,0.6051947474479675,45.22800064086914
570,13,2,False,0.0,0.0,,
570,8,2,False,2.595295308841321,45.63424796797252,8.36122989654541,31.517608642578125
570,22,1,False,0.0,0.0,,
570,19,1,False,3.9012715428369678,23.60311676040913,17.091106414794922,45.59016036987305
570,142,1,False,8.100514333190661,30.049939275227008,7.460226535797119,20.93831443786621
570,227,1,False,0.0,0.0,,
570,12,1,False,0.0,0.0,,
570,5,1,False,6.645328329369833,56.75979029523011,12.491230964660645,44.91248321533203
570,213,2,False,0.0,0.0,,
570,15,1,False,13.05748182736475,54.023824177263144,7.001651763916016,35.335079193115234
570,120,2,False,6.910790436239511,13.691903730466203,10.380069732666016,21.117490768432617
570,134,2,False,0.0,0.0,,
570,7,2,False,3.547817952583563,39.59129440927142,15.650535583496094,36.77286148071289
570,156,2,False,8.607568898069365,8.539845393798231,22.60338592529297,39.662105560302734
571,1,2,False,2.3377304960553382,49.83775392324408,18.347976684570312,41.59507751464844
571,6,1,False,6.494823968308727,49.85082045587609,18.040266036987305,52.02594757080078
571,11,1,False,3.321591696255353,51.357064936847316,2.3814802169799805,51.43506622314453
571,14,2,False,3.435041827315709,51.57616466370762,3.005059003829956,50.93848419189453
571,34,2,False,6.740506766979798,41.67269291810957,20.688716888427734,53.264652252197266
571,3,2,False,0.3655979256985717,55.76260026922427,0.31455087661743164,45.18351364135742
571,13,2,False,0.0,0.0,,
571,8,2,False,2.595295308841321,45.63424796797252,8.000192642211914,31.46932601928711
571,22,1,False,0.0,0.0,,
571,19,1,False,3.9012715428369678,23.60311676040913,16.822677612304688,45.5513916015625
571,142,1,False,8.100514333190661,30.049939275227008,6.997078895568848,20.879924774169922
571,227,1,True,0.0,0.0,,
571,12,1,False,0.0,0.0,,
571,5,1,False,6.645328329369833,56.75979029523011,12.138252258300781,44.85786819458008
571,213,2,False,0.0,0.0,,
571,15,1,False,13.05748182736475,54.023824177263144,6.630459308624268,35.39239501953125
571,120,2,False,6.910790436239511,13.691903730466203,9.912638664245605,21.058670043945312
571,134,2,False,0.0,0.0,,
571,7,2,False,3.547817952583563,39.59129440927142,15.260099411010742,36.82795715332031
571,156,2,False,8.607568898069365,8.539845393798231,22.330001831054688,39.626216888427734
572,1,2,False,2.3377304960553382,49.83775392324408,18.36899185180664,41.608707427978516
572,6,1,False,6.494823968308727,49.85082045587609,17.9975643157959,52.02507781982422
572,11,1,False,3.321591696255353,51.357064936847316,2.343029260635376,51.434322357177734
572,14,2,False,3.435041827315709,51.57616466370762,2.9847497940063477,50.87211990356445
572,34,2,False,6.740506766979798,41.67269291810957,20.645336151123047,53.190860748291016
572,3,2,False,0.3655979256985717,55.76260026922427,0.31440410017967224,45.19145202636719
572,13,2,False,0.0,0.0,,
572,8,2,False,2.595295308841321,45.63424796797252,7.998900890350342,31.481063842773438
572,22,1,False,0.0,0.0,,
572,19,1,False,3.9012715428369678,23.60311676040913,16.881587982177734,45.48213195800781
572,142,1,False,8.100514333190661,30.049939275227008,6.909173011779785,20.88031768798828
572,227,1,True,0.0,0.0,,
572,12,1,False,0.0,0.0,,
572,5,1,False,6.645328329369833,56.75979029523011,12.081419944763184,44.767799377441406
572,213,2,False,0.0,0.0,,
572,15,1,False,13.05748182736475,54.023824177263144,6.596574783325195,35.61620330810547
572,120,2,False,6.910790436239511,13.691903730466203,9.823561668395996,21.059022903442383
572,134,2,False,0.0,0.0,,
572,7,2,False,3.547817952583563,39.59129440927142,15.233120918273926,36.834014892578125
572,156,2,False,8.607568898069365,8.539845393798231,22.42339515686035,39.760765075683594
572,132,1,False,0.0,0.0,,
573,1,2,False,2.3377304960553382,49.83775392324408,18.680395126342773,41.643253326416016
573,6,1,False,6.494823968308727,49.85082045587609,18.180932998657227,51.9693489074707
573,11,1,False,3.321591696255353,51.357064936847316,2.5338282585144043,51.455936431884766
573,14,2,False,3.435041827315709,51.57616466370762,3.197300434112549,50.897464752197266
573,34,2,False,6.740506766979798,41.67269291810957,20.81157112121582,53.206424713134766
573,3,2,False,0.3655979256985717,55.76260026922427,0.5636082887649536,45.220184326171875
573,13,2,False,0.0,0.0,,
573,8,2,False,2.595295308841321,45.63424796797252,8.309770584106445,31.508556365966797
573,22,1,False,0.0,0.0,,
573,19,1,False,3.9012715428369678,23.60311676040913,17.219268798828125,45.52496337890625
573,142,1,False,8.100514333190661,30.049939275227008,7.171230792999268,20.889873504638672
573,227,1,True,0.0,0.0,,
573,12,1,False,0.0,0.0,,
573,5,1,False,6.645328329369833,56.75979029523011,12.271485328674316,44.871639251708984
573,213,2,False,0.0,0.0,,
573,15,1,False,13.05748182736475,54.023824177263144,6.856490135192871,35.856510162353516
573,120,2,False,6.910790436239511,13.691903730466203,10.128812789916992,20.919572830200195
573,134,2,False,0.0,0.0,,
573,7,2,False,3.547817952583563,39.59129440927142,15.484997749328613,36.85438537597656
573,156,2,False,8.607568898069365,8.539845393798231,22.771163940429688,39.90659713745117
573,132,1,False,0.0,0.0,,
574,1,2,False,2.3377304960553382,49.83775392324408,18.7275333404541,41.65184783935547
574,6,1,False,6.494823968308727,49.85082045587609,18.12000274658203,51.95773696899414
574,11,1,False,3.321591696255353,51.357064936847316,2.5147716999053955,51.452266693115234
574,14,2,False,3.435041827315709,51.57616466370762,3.1780130863189697,50.893760681152344
574,34,2,False,6.740506766979798,41.67269291810957,20.730911254882812,53.19100570678711
574,3,2,False,0.3655979256985717,55.76260026922427,0.5636082887649536,45.220184326171875
574,13,2,False,0.0,0.0,,
574,8,2,False,2.595295308841321,45.63424796797252,8.277107238769531,31.624591827392578
574,22,1,False,0.0,0.0,,
574,19,1,False,3.9012715428369678,23.60311676040913,17.268678665161133,45.62314224243164
574,142,1,False,8.100514333190661,30.049939275227008,7.055669784545898,20.870502471923828
574,227,1,True,0.0,0.0,,
574,12,1,False,0.0,0.0,,
574,5,1,False,6.645328329369833,56.75979029523011,12.194777488708496,44.945369720458984
574,213,2,False,0.0,0.0,,
574,15,1,False,13.05748182736475,54.023824177263144,6.803485870361328,35.955570220947266
574,120,2,False,6.910790436239511,13.691903730466203,10.05965518951416,21.063861846923828
574,134,2,False,0.0,0.0,,
574,7,2,False,3.547817952583563,39.59129440927142,15.484997749328613,36.85438537597656
574,156,2,False,8.607568898069365,8.539845393798231,22.793569564819336,40.01732635498047
574,132,1,False,0.0,0.0,,
575,1,2,False,4.135481844516946,50.077075789246216,18.730859756469727,41.7521858215332
575,6,1,False,4.171248626609447,50.09221215880488,18.03877067565918,51.942256927490234
575,11,1,False,0.33532728285312907,51.376470450901316,2.495715856552124,51.4485969543457
575,14,2,False,3.5519496868808464,51.78171730762434,3.1775999069213867,50.82422637939453
575,34,2,False,4.3025183220838406,41.921681246933865,20.670425415039062,53.179439544677734
575,3,2,False,6.688587390882499,56.14967129878923,0.5844011902809143,45.22409439086914
575,13,2,False,0.0,0.0,,
575,8,2,False,3.5779500641766555,45.841305263353114,8.251418113708496,31.620071411132812
575,22,1,False,0.0,0.0,,
575,19,1,False,2.8097947731675235,23.765720624597066,17.313077926635742,45.63138961791992
575,142,1,False,4.957060078789449,30.33680617793473,6.997896671295166,20.86081886291504
575,227,1,True,0.0,0.0,,
575,12,1,False,0.0,0.0,,
575,5,1,False,10.111969919235564,57.34497373963032,12.107020378112793,44.92905044555664
575,213,2,False,0.0,0.0,,
575,15,1,False,1.956726024578161,54.13706063701883,6.798994541168213,36.06303787231445
575,120,2,False,3.5101301146811976,13.895036260250995,10.041300773620605,20.904935836791992
575,134,2,False,0.0,0.0,,
575,7,2,False,3.844815927139848,39.8137953309809,15.460243225097656,36.84994888305664
575,156,2,False,10.867061736718759,9.168726281339826,22.791486740112305,40.123348236083984
575,132,1,False,0.0,0.0,,
576,1,2,False,4.135481844516946,50.077075789246216,18.757686614990234,41.8565559387207
576,6,1,False,4.171248626609447,50.09221215880488,17.998159408569336,51.93451690673828
576,11,1,False,0.33532728285312907,51.376470450901316,2.475485324859619,51.376792907714844
576,14,2,False,3.5519496868808464,51.78171730762434,3.158291816711426,50.820518493652344
576,34,2,False,4.3025183220838406,41.921681246933865,20.669761657714844,53.10649490356445
576,3,2,False,6.688587390882499,56.14967129878923,0.6051947474479675,45.22800064086914
576,13,2,False,0.0,0.0,,
576,8,2,False,3.5779500641766555,45.841305263353114,8.258316040039062,31.499507904052734
576,22,1,False,0.0,0.0,,
576,19,1,False,2.8097947731675235,23.765720624597066,17.33527946472168,45.63551330566406
576,142,1,False,4.957060078789449,30.33680617793473,6.940129280090332,20.85113525390625
576,227,1,False,0.0,0.0,,
576,12,1,False,0.0,0.0,,
576,5,1,False,10.111969919235564,57.34497373963032,12.008723258972168,44.99853515625
576,213,2,False,0.0,0.0,,
576,15,1,False,1.956726024578161,54.13706063701883,6.77036714553833,36.165870666503906
576,120,2,False,3.5101301146811976,13.895036260250995,10.001415252685547,21.054113388061523
576,134,2,False,0.0,0.0,,
576,7,2,False,3.844815927139848,39.8137953309809,15.435490608215332,36.845516204833984
576,156,2,False,10.867061736718759,9.168726281339826,22.83820343017578,40.23789596557617
576,132,1,False,0.0,0.0,,
577,1,2,False,4.135481844516946,50.077075789246216,18.804706573486328,41.86513900756836
577,6,1,False,4.171248626609447,50.09221215880488,17.916942596435547,51.919036865234375
577,11,1,False,0.33532728285312907,51.376470450901316,2.475485324859619,51.376792907714844
577,14,2,False,3.5519496868808464,51.78171730762434,3.1578564643859863,50.75082778930664
577,34,2,False,4.3025183220838406,41.921681246933865,20.649578094482422,53.102638244628906
577,3,2,False,6.688587390882499,56.14967129878923,0.6502468585968018,45.317508697509766
577,13,2,False,0.0,0.0,,
577,8,2,False,3.5779500641766555,45.841305263353114,8.258316040039062,31.499507904052734
577,22,1,False,0.0,0.0,,
577,19,1,False,2.8097947731675235,23.765720624597066,17.35748291015625,45.6396369934082
577,142,1,False,4.957060078789449,30.33680617793473,6.853488445281982,20.836612701416016
577,227,1,False,0.0,0.0,,
577,12,1,False,0.0,0.0,,
577,5,1,False,10.111969919235564,57.34497373963032,11.910684585571289,45.067832946777344
577,213,2,False,0.0,0.0,,
577,15,1,False,1.956726024578161,54.13706063701883,6.77036714553833,36.165870666503906
577,120,2,False,3.5101301146811976,13.895036260250995,9.972297668457031,21.049240112304688
577,134,2,False,0.0,0.0,,
577,7,2,False,3.844815927139848,39.8137953309809,15.435490608215332,36.845516204833984
577,156,2,False,10.867061736718759,9.168726281339826,22.91139793395996,40.25112533569336
577,132,1,False,0.0,0.0,,
578,1,2,False,4.135481844516946,50.077075789246216,18.851728439331055,41.873722076416016
578,6,1,False,4.171248626609447,50.09221215880488,17.859891891479492,51.98231506347656
578,11,1,False,0.33532728285312907,51.376470450901316,2.4766604900360107,51.44492721557617
578,14,2,False,3.5519496868808464,51.78171730762434,3.1767709255218506,50.6846923828125
578,34,2,False,4.3025183220838406,41.921681246933865,20.648889541625977,53.02952575683594
578,3,2,False,6.688587390882499,56.14967129878923,0.6744477152824402,45.40291213989258
578,13,2,False,0.0,0.0,,
578,8,2,False,3.5779500641766555,45.841305263353114,8.309770584106445,31.508556365966797
578,22,1,False,0.0,0.0,,
578,19,1,False,2.8097947731675235,23.765720624597066,17.40188980102539,45.647884368896484
578,142,1,False,4.957060078789449,30.33680617793473,6.824610710144043,20.831771850585938
578,227,1,False,0.0,0.0,,
578,12,1,False,0.0,0.0,,
578,5,1,False,10.111969919235564,57.34497373963032,11.836004257202148,45.31523513793945
578,213,2,False,0.0,0.0,,
578,15,1,False,1.956726024578161,54.13706063701883,6.77036714553833,36.165870666503906
578,120,2,False,3.5101301146811976,13.895036260250995,9.943181037902832,21.04436683654785
578,134,2,False,0.0,0.0,,
578,7,2,False,3.844815927139848,39.8137953309809,15.435490608215332,36.845516204833984
578,156,2,False,10.867061736718759,9.168726281339826,22.957897186279297,40.365360260009766
578,132,1,False,0.0,0.0,,
579,1,2,False,4.135481844516946,50.077075789246216,18.919198989868164,41.786556243896484
579,6,1,False,4.171248626609447,50.09221215880488,17.802976608276367,52.04544448852539
579,11,1,False,0.33532728285312907,51.376470450901316,2.475485324859619,51.376792907714844
579,14,2,False,3.5519496868808464,51.78171730762434,3.196122646331787,50.68840408325195
579,34,2,False,4.3025183220838406,41.921681246933865,20.64820098876953,52.95624923706055
579,3,2,False,6.688587390882499,56.14967129878923,0.7019808888435364,45.5692253112793
579,13,2,False,0.0,0.0,,
579,8,2,False,3.5779500641766555,45.841305263353114,8.36122989654541,31.517608642578125
579,22,1,False,0.0,0.0,,
579,19,1,False,2.8097947731675235,23.765720624597066,17.42409324645996,45.652008056640625
579,142,1,False,4.957060078789449,30.33680617793473,6.7903923988342285,20.97995948791504
579,227,1,False,0.0,0.0,,
579,12,1,False,0.0,0.0,,
579,5,1,False,10.111969919235564,57.34497373963032,11.750298500061035,45.47238540649414
579,213,2,False,0.0,0.0,,
579,15,1,False,1.956726024578161,54.13706063701883,6.794515132904053,36.17021179199219
579,120,2,False,3.5101301146811976,13.895036260250995,9.914066314697266,21.039493560791016
579,134,2,False,0.0,0.0,,
579,7,2,False,3.844815927139848,39.8137953309809,15.402209281921387,37.06092834472656
579,156,2,False,10.867061736718759,9.168726281339826,22.948745727539062,40.78419494628906
579,132,1,False,0.0,0.0,,
579,236,2,False,0.0,0.0,,
580,1,2,False,7.592696571024108,50.51646795192122,18.966293334960938,41.79515075683594
580,6,1,False,2.7554308080015906,50.25166996019386,17.799062728881836,51.97071838378906
580,11,1,False,4.6340808397638495,51.64464642542469,2.4766604900360107,51.44492721557617
580,14,2,False,2.3864399759562263,51.919821472899585,3.215101957321167,50.62212371826172
580,34,2,False,4.010655110282611,42.15377934359374,20.58751678466797,52.94466018676758
580,3,2,False,6.501363159786308,56.525907592758344,0.7433784604072571,45.57701110839844
580,13,2,False,0.0,0.0,,
580,8,2,False,5.419382934230736,46.15492696093591,8.43842601776123,31.531185150146484
580,22,1,False,0.0,0.0,,
580,19,1,False,4.694441938898147,24.0373897182833,17.463796615600586,45.57036590576172
580,142,1,False,5.384279223435306,30.64839641077242,6.732738494873047,20.97028923034668
580,227,1,False,0.0,0.0,,
580,12,1,False,0.0,0.0,,
580,5,1,False,3.62479848240034,57.554742170324786,11.738686561584473,45.38376998901367
580,213,2,False,0.0,0.0,,
580,15,1,False,10.21001506603143,54.72791799037713,6.818664073944092,36.17455291748047
580,120,2,False,1.0200997649670978,13.954069811464368,9.884952545166016,21.03462028503418
580,7,2,False,5.610262202877414,40.13846328253631,15.377527236938477,37.05650329589844
580,156,2,False,0.0,0.0,23.048110961914062,40.697486877441406
580,132,1,False,0.0,0.0,,
580,236,2,False,0.0,0.0,,
581,1,2,False,7.592696571024108,50.51646795192122,18.98984146118164,41.79944610595703
581,6,1,False,2.7554308080015906,50.25166996019386,17.76247215270996,52.0377197265625
581,11,1,False,4.6340808397638495,51.64464642542469,2.4766604900360107,51.44492721557617
581,14,2,False,2.3864399759562263,51.919821472899585,3.2538509368896484,50.629554748535156
581,34,2,False,4.010655110282611,42.15377934359374,20.5462589263916,52.86347579956055
581,3,2,False,6.501363159786308,56.525907592758344,0.7640782594680786,45.58090591430664
581,13,2,False,0.0,0.0,,
581,8,2,False,5.419382934230736,46.15492696093591,8.489895820617676,31.540237426757812
581,22,1,False,0.0,0.0,,
581,19,1,False,4.694441938898147,24.0373897182833,17.50360107421875,45.4885139465332
581,142,1,False,5.384279223435306,30.64839641077242,6.698732376098633,21.117992401123047
581,227,1,False,0.0,0.0,,
581,12,1,False,0.0,0.0,,
581,5,1,False,3.62479848240034,57.554742170324786,11.695161819458008,45.37565994262695
581,213,2,False,0.0,0.0,,
581,15,1,False,10.21001506603143,54.72791799037713,6.83828067779541,36.285762786865234
581,120,2,False,1.0200997649670978,13.954069811464368,9.855839729309082,21.029747009277344
581,7,2,False,5.610262202877414,40.13846328253631,15.319890022277832,37.26630401611328
581,156,2,False,0.0,0.0,23.096660614013672,40.706275939941406
581,132,1,False,0.0,0.0,,
581,236,2,True,0.0,0.0,,
582,1,2,False,7.592696571024108,50.51646795192122,18.88130760192871,43.09843826293945
582,6,1,False,2.7554308080015906,50.25166996019386,17.64344024658203,52.923824310302734
582,11,1,False,4.6340808397638495,51.64464642542469,2.60432767868042,52.238277435302734
582,14,2,False,2.3864399759562263,51.919821472899585,3.3740501403808594,51.51396942138672
582,34,2,False,4.010655110282611,42.15377934359374,20.368545532226562,53.732147216796875
582,3,2,False,6.501363159786308,56.525907592758344,0.9491475820541382,46.60386276245117
582,13,2,False,0.0,0.0,,
582,8,2,False,5.419382934230736,46.15492696093591,8.605226516723633,33.054969787597656
582,22,1,False,0.0,0.0,,
582,19,1,False,4.694441938898147,24.0373897182833,17.437971115112305,46.4870719909668
582,142,1,False,5.384279223435306,30.64839641077242,6.750450611114502,22.99894905090332
582,227,1,False,0.0,0.0,,
582,12,1,False,0.0,0.0,0.039721518754959106,46.19721984863281
582,5,1,False,3.62479848240034,57.554742170324786,11.668554306030273,46.349998474121094
582,213,2,False,0.0,0.0,,
582,15,1,False,10.21001506603143,54.72791799037713,6.941372394561768,37.83057403564453
582,120,2,False,1.0200997649670978,13.954069811464368,9.844305038452148,22.92929458618164
582,7,2,False,5.610262202877414,40.13846328253631,15.225194931030273,38.701087951660156
582,156,2,False,0.0,0.0,22.963537216186523,41.86678695678711
582,132,1,False,0.0,0.0,,
582,236,2,True,0.0,0.0,,
583,1,2,False,7.592696571024108,50.51646795192122,19.06337547302246,41.91236114501953
583,6,1,False,2.7554308080015906,50.25166996019386,17.738237380981445,51.95912170410156
583,11,1,False,4.6340808397638495,51.64464642542469,2.4934046268463135,51.31218719482422
583,14,2,False,2.3864399759562263,51.919821472899585,3.2926025390625,50.636985778808594
583,34,2,False,4.010655110282611,42.15377934359374,20.465269088745117,52.8480110168457
583,3,2,False,6.501363159786308,56.525907592758344,0.8468843102455139,45.59648513793945
583,13,2,False,0.0,0.0,,
583,8,2,False,5.419382934230736,46.15492696093591,8.600259780883789,31.437480926513672
583,22,1,False,0.0,0.0,,
583,19,1,False,4.694441938898147,24.0373897182833,17.61038589477539,45.41885757446289
583,142,1,False,5.384279223435306,30.64839641077242,6.664838790893555,21.26520538330078
583,227,1,False,0.0,0.0,,
583,12,1,False,0.0,0.0,,
583,5,1,False,3.62479848240034,57.554742170324786,11.68346881866455,45.28681945800781
583,213,2,False,0.0,0.0,,
583,15,1,False,10.21001506603143,54.72791799037713,6.920831680297852,36.621917724609375
583,120,2,False,1.0200997649670978,13.954069811464368,9.826728820800781,21.02487564086914
583,7,2,False,5.610262202877414,40.13846328253631,15.303481101989746,37.37297058105469
583,156,2,False,0.0,0.0,23.272045135498047,40.527732849121094
583,132,1,False,0.0,0.0,,
583,236,2,True,0.0,0.0,,
584,1,2,False,7.592696571024108,50.51646795192122,19.06912612915039,42.11161804199219
584,6,1,False,2.7554308080015906,50.25166996019386,17.71394920349121,51.880348205566406
584,11,1,False,4.6340808397638495,51.64464642542469,2.4922454357147217,51.24375534057617
584,14,2,False,2.3864399759562263,51.919821472899585,3.311979055404663,50.64070129394531
584,34,2,False,4.010655110282611,42.15377934359374,20.42477798461914,52.84028244018555
584,3,2,False,6.501363159786308,56.525907592758344,0.881947934627533,45.441925048828125
584,13,2,False,0.0,0.0,,
584,8,2,False,5.419382934230736,46.15492696093591,8.670072555541992,31.57192611694336
584,22,1,False,0.0,0.0,,
584,19,1,False,4.694441938898147,24.0373897182833,17.650482177734375,45.33659744262695
584,142,1,False,5.384279223435306,30.64839641077242,6.636111259460449,21.260377883911133
584,227,1,False,0.0,0.0,,
584,12,1,False,0.0,0.0,,
584,5,1,False,3.62479848240034,57.554742170324786,11.661681175231934,45.28276062011719
584,213,2,False,0.0,0.0,,
584,15,1,False,10.21001506603143,54.72791799037713,6.964193820953369,36.73624801635742
584,120,2,False,1.0200997649670978,13.954069811464368,9.826728820800781,21.02487564086914
584,7,2,False,5.610262202877414,40.13846328253631,15.328058242797852,37.37738037109375
584,156,2,False,0.0,0.0,,
584,132,1,False,0.0,0.0,,
584,236,2,True,0.0,0.0,,
585,1,2,False,2.0579851954157635,50.63556431739667,19.09541893005371,42.21514129638672
585,6,1,False,3.256341395538118,50.44011564280602,17.673357009887695,51.87261199951172
585,11,1,False,5.965083243121296,51.98984800199421,2.510222911834717,51.17885971069336
585,14,2,False,2.4637403334604953,52.06239903849336,3.350734233856201,50.648136138916016
585,34,2,False,1.780498939205075,42.25681747664959,20.38429069519043,52.832550048828125
585,3,2,False,9.412056609551389,57.07058679469998,1.0004040002822876,45.30225372314453
585,13,2,False,0.0,0.0,,
585,8,2,False,3.5975149549416305,46.36311648379133,8.747306823730469,31.58551025390625
585,22,1,False,0.0,0.0,,
585,19,1,False,2.743492576167347,24.196156649774466,17.69957160949707,45.43540573120117
585,142,1,False,1.509882912290752,30.73577389412258,6.607385158538818,21.255552291870117
585,227,1,False,0.0,0.0,,
585,12,1,False,0.0,0.0,,
585,5,1,False,8.293426028865513,58.0346858062545,11.649932861328125,45.193702697753906
585,213,2,False,0.0,0.0,,
585,15,1,False,3.988565620026714,54.9587377600546,6.988183975219727,36.740570068359375
585,120,2,False,0.0,13.954069811464368,9.826728820800781,21.02487564086914
585,7,2,False,5.563508515831184,40.46042558090617,15.328058242797852,37.37738037109375
585,156,2,False,0.0,0.0,,
585,132,1,False,0.0,0.0,,
585,236,2,True,0.0,0.0,,
586,1,2,False,2.0579851954157635,50.63556431739667,19.098243713378906,42.314117431640625
586,6,1,False,3.256341395538118,50.44011564280602,17.632768630981445,51.86487579345703
586,11,1,False,5.965083243121296,51.98984800199421,2.4887518882751465,51.03756332397461
586,14,2,False,2.4637403334604953,52.06239903849336,3.370112657546997,50.651851654052734
586,34,2,False,1.780498939205075,42.25681747664959,20.36404800415039,52.82868576049805
586,3,2,False,9.412056609551389,57.07058679469998,1.1223580837249756,45.243896484375
586,13,2,False,0.0,0.0,,
586,8,2,False,3.5975149549416305,46.36311648379133,8.773053169250488,31.590038299560547
586,22,1,False,0.0,0.0,,
586,19,1,False,2.743492576167347,24.196156649774466,17.72627067565918,45.52983856201172
586,142,1,False,1.509882912290752,30.73577389412258,6.607385158538818,21.255552291870117
586,227,1,False,0.0,0.0,,
586,12,1,False,0.0,0.0,,
586,5,1,False,8.293426028865513,58.0346858062545,11.638155937194824,45.10442352294922
586,213,2,False,0.0,0.0,,
586,15,1,False,3.988565620026714,54.9587377600546,7.007440567016602,36.85027313232422
586,120,2,False,0.0,13.954069811464368,9.826728820800781,21.02487564086914
586,7,2,False,5.563508515831184,40.46042558090617,15.328058242797852,37.37738037109375
586,156,2,False,0.0,0.0,,
586,132,1,False,0.0,0.0,,
586,236,2,True,0.0,0.0,,
587,1,2,False,2.0579851954157635,50.63556431739667,19.124431610107422,42.41710662841797
587,6,1,False,3.256341395538118,50.44011564280602,17.628652572631836,51.78978729248047
587,11,1,False,5.965083243121296,51.98984800199421,2.4875824451446533,50.96853256225586
587,14,2,False,2.4637403334604953,52.06239903849336,3.3893115520477295,50.585445404052734
587,34,2,False,1.780498939205075,42.25681747664959,20.34380531311035,52.82482147216797
587,3,2,False,9.412056609551389,57.07058679469998,1.1403119564056396,45.165802001953125
587,13,2,False,0.0,0.0,,
587,8,2,False,3.5975149549416305,46.36311648379133,8.79880142211914,31.594566345214844
587,22,1,False,0.0,0.0,,
587,19,1,False,2.743492576167347,24.196156649774466,17.77081298828125,45.53810501098633
587,142,1,False,1.509882912290752,30.73577389412258,6.578660488128662,21.250728607177734
587,227,1,False,0.0,0.0,,
587,12,1,False,0.0,0.0,0.010561611503362656,44.872093200683594
587,5,1,False,8.293426028865513,58.0346858062545,11.616315841674805,45.10035705566406
587,213,2,False,0.0,0.0,,
587,15,1,False,3.988565620026714,54.9587377600546,7.036167621612549,36.74921798706055
587,120,2,False,0.0,13.954069811464368,9.826728820800781,21.02487564086914
587,7,2,False,5.563508515831184,40.46042558090617,15.311660766601562,37.48374557495117
587,156,2,False,0.0,0.0,,
587,132,1,False,0.0,0.0,,
587,236,2,True,0.0,0.0,,
588,1,2,False,2.0579851954157635,50.63556431739667,19.124431610107422,42.41710662841797
588,6,1,False,3.256341395538118,50.44011564280602,17.60833740234375,51.78591537475586
588,11,1,False,5.965083243121296,51.98984800199421,2.486410140991211,50.89934539794922
588,14,2,False,2.4637403334604953,52.06239903849336,3.40871262550354,50.58916473388672
588,34,2,False,1.780498939205075,42.25681747664959,20.323562622070312,52.82095718383789
588,3,2,False,9.412056609551389,57.07058679469998,1.2000852823257446,45.09535598754883
588,13,2,False,0.0,0.0,,
588,8,2,False,3.5975149549416305,46.36311648379133,8.82455062866211,31.59909439086914
588,22,1,False,0.0,0.0,,
588,19,1,False,2.743492576167347,24.196156649774466,17.775148391723633,45.628170013427734
588,142,1,False,1.509882912290752,30.73577389412258,6.5499372482299805,21.24590301513672
588,227,1,False,0.0,0.0,,
588,12,1,False,0.0,0.0,0.0772717148065567,44.966209411621094
588,5,1,False,8.293426028865513,58.0346858062545,11.538887977600098,44.99864959716797
588,213,2,False,0.0,0.0,,
588,15,1,False,3.988565620026714,54.9587377600546,7.0841546058654785,36.75786590576172
588,120,2,False,0.0,13.954069811464368,9.826728820800781,21.02487564086914
588,7,2,False,5.563508515831184,40.46042558090617,15.311660766601562,37.48374557495117
588,156,2,False,0.0,0.0,,
588,132,1,False,0.0,0.0,,
588,236,2,False,0.0,0.0,,
589,1,2,False,2.0579851954157635,50.63556431739667,19.16844367980957,42.32695388793945
589,6,1,False,3.256341395538118,50.44011564280602,17.604188919067383,51.71065139770508
589,11,1,False,5.965083243121296,51.98984800199421,2.505634069442749,50.90304183959961
589,14,2,False,2.4637403334604953,52.06239903849336,3.447516679763794,50.59660720825195
589,34,2,False,1.780498939205075,42.25681747664959,20.2830810546875,52.81322479248047
589,3,2,False,9.412056609551389,57.07058679469998,1.2600079774856567,45.02473831176758
589,13,2,False,0.0,0.0,,
589,8,2,False,3.5975149549416305,46.36311648379133,8.883881568908691,31.487335205078125
589,22,1,False,0.0,0.0,,
589,19,1,False,2.743492576167347,24.196156649774466,17.815359115600586,45.54637145996094
589,142,1,False,1.509882912290752,30.73577389412258,6.5499372482299805,21.24590301513672
589,227,1,False,0.0,0.0,,
589,12,1,False,0.0,0.0,0.11892566829919815,44.974029541015625
589,5,1,False,8.293426028865513,58.0346858062545,11.439390182495117,44.89263153076172
589,213,2,False,0.0,0.0,,
589,15,1,False,3.988565620026714,54.9587377600546,7.137058734893799,36.660865783691406
589,120,2,False,0.0,13.954069811464368,9.826728820800781,21.02487564086914
589,7,2,False,5.563508515831184,40.46042558090617,15.311660766601562,37.48374557495117
589,156,2,False,0.0,0.0,,
589,132,1,False,0.0,0.0,,
589,236,2,False,0.0,0.0,,
590,1,2,False,8.761941445426459,51.142621114007,19.212574005126953,42.23655700683594
590,6,1,False,3.5081107812395294,50.64313131301664,17.583850860595703,51.70677947998047
590,11,1,False,3.0143623527985635,52.16429026778116,2.5044803619384766,50.83370590209961
590,14,2,False,3.414579613422025,52.26000202538121,3.486323356628418,50.60404586791992
590,34,2,False,4.9773423110860735,42.544858119652254,20.2830810546875,52.81322479248047
590,3,2,False,10.548287961532399,57.68102012580718,1.338365077972412,44.87510299682617
590,13,2,False,0.0,0.0,,
590,8,2,False,6.876823371419909,46.76108079926702,8.935462951660156,31.496402740478516
590,22,1,False,0.0,0.0,,
590,19,1,False,4.882688286354637,24.478719629308877,17.855674743652344,45.4643669128418
590,142,1,False,0.5032771638473159,30.764898729993373,6.521214962005615,21.241077423095703
590,227,1,False,0.0,0.0,,
590,12,1,False,7.022823045178304,50.42115126167272,0.16058237850666046,44.981849670410156
590,5,1,False,1.9559577586795314,58.14787780617809,11.383485794067383,44.79451370239258
590,213,2,False,0.0,0.0,,
590,15,1,False,8.393643645416569,55.444481026571765,7.209150791168213,36.673851013183594
590,120,2,False,1.5301848746023523,14.042622176892746,9.826728820800781,21.02487564086914
590,7,2,False,2.148703942754745,40.58477187388966,15.279001235961914,37.69558334350586
590,156,2,False,0.0,0.0,,
590,132,1,False,0.0,0.0,,
590,236,2,False,0.0,0.0,,
591,1,2,False,8.761941445426459,51.142621114007,19.256824493408203,42.14591598510742
591,6,1,False,3.5081107812395294,50.64313131301664,17.563512802124023,51.702903747558594
591,11,1,False,3.0143623527985635,52.16429026778116,2.5225911140441895,50.76791763305664
591,14,2,False,3.414579613422025,52.26000202538121,3.525132179260254,50.611488342285156
591,34,2,False,4.9773423110860735,42.544858119652254,20.301158905029297,52.66960144042969
591,3,2,False,10.548287961532399,57.68102012580718,1.417110562324524,44.724727630615234
591,13,2,False,0.0,0.0,,
591,8,2,False,6.876823371419909,46.76108079926702,8.987048149108887,31.505470275878906
591,22,1,False,0.0,0.0,,
591,19,1,False,4.882688286354637,24.478719629308877,17.896093368530273,45.38214874267578
591,142,1,False,0.5032771638473159,30.764898729993373,6.492494106292725,21.23625373840332
591,227,1,False,0.0,0.0,,
591,12,1,False,7.022823045178304,50.42115126167272,0.1814117729663849,44.98576354980469
591,5,1,False,1.9559577586795314,58.14787780617809,11.317750930786133,44.782291412353516
591,213,2,False,0.0,0.0,,
591,15,1,False,8.393643645416569,55.444481026571765,7.315617084503174,36.47904968261719
591,120,2,False,1.5301848746023523,14.042622176892746,9.826728820800781,21.02487564086914
591,7,2,False,2.148703942754745,40.58477187388966,15.303476333618164,37.69998550415039
591,156,2,False,0.0,0.0,,
591,132,1,False,0.0,0.0,,
591,236,2,False,0.0,0.0,,
592,1,2,False,8.761941445426459,51.142621114007,19.280290603637695,42.150203704833984
592,6,1,False,3.5081107812395294,50.64313131301664,17.559309005737305,51.627464294433594
592,11,1,False,3.0143623527985635,52.16429026778116,2.561126470565796,50.77531433105469
592,14,2,False,3.414579613422025,52.26000202538121,3.563943386077881,50.618927001953125
592,34,2,False,4.9773423110860735,42.544858119652254,20.25945472717285,52.58785629272461
592,3,2,False,10.548287961532399,57.68102012580718,1.522229552268982,44.744422912597656
592,13,2,False,0.0,0.0,,
592,8,2,False,6.876823371419909,46.76108079926702,9.064434051513672,31.519073486328125
592,22,1,False,0.0,0.0,,
592,19,1,False,4.882688286354637,24.478719629308877,17.91425323486328,45.29557418823242
592,142,1,False,0.5032771638473159,30.764898729993373,6.492494106292725,21.23625373840332
592,227,1,False,0.0,0.0,,
592,12,1,False,7.022823045178304,50.42115126167272,0.21908697485923767,44.911231994628906
592,5,1,False,1.9559577586795314,58.14787780617809,11.283573150634766,44.688011169433594
592,213,2,False,0.0,0.0,,
592,15,1,False,8.393643645416569,55.444481026571765,7.412032604217529,36.496402740478516
592,120,2,False,1.5301848746023523,14.042622176892746,9.855839729309082,21.029747009277344
592,7,2,False,2.148703942754745,40.58477187388966,15.32795238494873,37.704383850097656
592,156,2,False,0.0,0.0,,
592,132,1,False,0.0,0.0,,
592,236,2,False,0.0,0.0,,
592,243,1,False,0.0,0.0,,
593,1,2,False,8.761941445426459,51.142621114007,19.32215118408203,41.95960235595703
593,6,1,False,3.5081107812395294,50.64313131301664,17.51858901977539,51.61970901489258
593,11,1,False,3.0143623527985635,52.16429026778116,2.5793213844299316,50.70938491821289
593,14,2,False,3.414579613422025,52.26000202538121,3.5833499431610107,50.622650146484375
593,34,2,False,4.9773423110860735,42.544858119652254,20.198532104492188,52.57623291015625
593,3,2,False,10.548287961532399,57.68102012580718,1.6039886474609375,44.67686080932617
593,13,2,False,0.0,0.0,,
593,8,2,False,6.876823371419909,46.76108079926702,9.141829490661621,31.532678604125977
593,22,1,False,0.0,0.0,,
593,19,1,False,4.882688286354637,24.478719629308877,17.936614990234375,45.29971694946289
593,142,1,False,0.5032771638473159,30.764898729993373,6.492494106292725,21.23625373840332
593,227,1,False,0.0,0.0,,
593,12,1,False,7.022823045178304,50.42115126167272,0.23199322819709778,44.74985885620117
593,5,1,False,1.9559577586795314,58.14787780617809,11.273931503295898,44.77414321899414
593,213,2,False,0.0,0.0,,
593,15,1,False,8.393643645416569,55.444481026571765,7.489774227142334,36.40294647216797
593,120,2,False,1.5301848746023523,14.042622176892746,9.855839729309082,21.029747009277344
593,7,2,False,2.148703942754745,40.58477187388966,15.32795238494873,37.704383850097656
593,156,2,False,0.0,0.0,,
593,132,1,False,0.0,0.0,,
593,236,2,False,0.0,0.0,,
594,1,2,False,8.761941445426459,51.142621114007,19.366727828979492,41.868221282958984
594,6,1,False,3.5081107812395294,50.64313131301664,17.514328002929688,51.544090270996094
594,11,1,False,3.0143623527985635,52.16429026778116,2.6179027557373047,50.716793060302734
594,14,2,False,3.414579613422025,52.26000202538121,3.641573190689087,50.633811950683594
594,34,2,False,4.9773423110860735,42.544858119652254,20.157920837402344,52.56848907470703
594,3,2,False,10.548287961532399,57.68102012580718,1.7281217575073242,44.61701965332031
594,13,2,False,0.0,0.0,,
594,8,2,False,6.876823371419909,46.76108079926702,9.245038986206055,31.550819396972656
594,22,1,False,0.0,0.0,,
594,19,1,False,4.882688286354637,24.478719629308877,17.97724151611328,45.217079162597656
594,142,1,False,0.5032771638473159,30.764898729993373,6.521214962005615,21.241077423095703
594,227,1,False,0.0,0.0,,
594,12,1,False,7.022823045178304,50.42115126167272,0.2698686420917511,44.674766540527344
594,5,1,False,1.9559577586795314,58.14787780617809,11.295841217041016,44.77821731567383
594,213,2,False,0.0,0.0,,
594,15,1,False,8.393643645416569,55.444481026571765,7.610495090484619,36.424659729003906
594,120,2,False,1.5301848746023523,14.042622176892746,9.884952545166016,21.03462028503418
594,7,2,False,2.148703942754745,40.58477187388966,15.376906394958496,37.71318435668945
594,156,2,False,0.0,0.0,,
594,132,1,False,0.0,0.0,,
594,236,2,False,0.0,0.0,,
595,1,2,False,9.142632182508812,51.67170862456885,19.435020446777344,41.78089904785156
595,6,1,False,1.273403467466048,50.716823643309816,17.47356605529785,51.53633117675781
595,11,1,False,6.134164527726031,52.51927664091345,2.6371943950653076,50.72049331665039
595,14,2,False,2.180403688424607,52.38618279438727,3.680391550064087,50.64125442504883
595,34,2,False,2.7146669281178086,42.701956900214626,20.137617111206055,52.564613342285156
595,3,2,False,17.57114031592984,58.697868523719784,1.7871084213256836,44.46126937866211
595,13,2,False,0.0,0.0,,
595,8,2,False,7.164209377260729,47.17567624933998,9.28821086883545,31.68064308166504
595,22,1,False,0.0,0.0,,
595,19,1,False,1.9614630367908839,24.592230221715756,17.9996337890625,45.22122573852539
595,142,1,False,1.006605748736331,30.823151377489687,6.5499372482299805,21.24590301513672
595,227,1,False,0.0,0.0,,
595,12,1,False,15.738708174137416,51.33195613286123,0.28687846660614014,44.595558166503906
595,5,1,False,11.406004883008961,58.80794753320407,11.327446937561035,44.6961669921875
595,213,2,False,0.0,0.0,,
595,15,1,False,10.407724434356618,56.046779894300734,7.677251815795898,36.54412841796875
595,120,2,False,3.504111948429223,14.245406433167584,9.914066314697266,21.039493560791016
595,7,2,True,0.0,40.58477187388966,15.401385307312012,37.717586517333984
595,156,2,False,0.0,0.0,,
595,132,1,False,0.0,0.0,,
596,1,2,False,9.142632182508812,51.67170862456885,19.50349998474121,41.69333267211914
596,6,1,False,1.273403467466048,50.716823643309816,17.469249725341797,51.460533142089844
596,11,1,False,6.134164527726031,52.51927664091345,2.654503345489502,50.58449935913086
596,14,2,False,2.180403688424607,52.38618279438727,3.6998016834259033,50.64497756958008
596,34,2,False,2.7146669281178086,42.701956900214626,20.117313385009766,52.56074142456055
596,3,2,False,17.57114031592984,58.697868523719784,1.8443132638931274,44.220245361328125
596,13,2,False,0.0,0.0,,
596,8,2,False,7.164209377260729,47.17567624933998,9.339749336242676,31.689706802368164
596,22,1,False,0.0,0.0,,
596,19,1,False,1.9614630367908839,24.592230221715756,17.9996337890625,45.22122573852539
596,142,1,False,1.006605748736331,30.823151377489687,6.5499372482299805,21.24590301513672
596,227,1,False,0.0,0.0,,
596,12,1,False,15.738708174137416,51.33195613286123,0.32491499185562134,44.52009201049805
596,5,1,False,11.406004883008961,58.80794753320407,11.403068542480469,44.622066497802734
596,213,2,False,0.0,0.0,,
596,15,1,False,10.407724434356618,56.046779894300734,7.7737226486206055,36.56148910522461
596,120,2,False,3.504111948429223,14.245406433167584,9.943181037902832,21.04436683654785
596,7,2,True,0.0,40.58477187388966,15.450345039367676,37.72639083862305
596,156,2,False,0.0,0.0,,
596,132,1,False,0.0,0.0,,
597,1,2,False,9.142632182508812,51.67170862456885,19.548505783081055,41.60121536254883
597,6,1,False,1.273403467466048,50.716823643309816,17.469249725341797,51.460533142089844
597,11,1,False,6.134164527726031,52.51927664091345,2.653508424758911,50.51441955566406
597,14,2,False,2.180403688424607,52.38618279438727,3.7193989753723145,50.57847213745117
597,34,2,False,2.7146669281178086,42.701956900214626,20.097009658813477,52.55686569213867
597,3,2,False,17.57114031592984,58.697868523719784,1.9039548635482788,44.06254196166992
597,13,2,False,0.0,0.0,,
597,8,2,False,7.164209377260729,47.17567624933998,9.382726669311523,31.819150924682617
597,22,1,False,0.0,0.0,,
597,19,1,False,1.9614630367908839,24.592230221715756,18.040393829345703,45.13837814331055
597,142,1,False,1.006605748736331,30.823151377489687,6.57370138168335,21.402284622192383
597,227,1,False,0.0,0.0,,
597,12,1,False,15.738708174137416,51.33195613286123,0.3763980269432068,44.280731201171875
597,5,1,False,11.406004883008961,58.80794753320407,11.466796875,44.456932067871094
597,213,2,False,0.0,0.0,,
597,15,1,False,10.407724434356618,56.046779894300734,7.870208263397217,36.578853607177734
597,120,2,False,3.504111948429223,14.245406433167584,9.961664199829102,21.202791213989258
597,7,2,True,0.0,40.58477187388966,15.5482759475708,37.743995666503906
597,156,2,False,0.0,0.0,,
597,132,1,False,0.0,0.0,,
597,236,2,False,0.0,0.0,,
598,1,2,False,9.142632182508812,51.67170862456885,20.647645950317383,44.161407470703125
598,6,1,False,1.273403467466048,50.716823643309816,18.42042350769043,53.48313522338867
598,11,1,False,6.134164527726031,52.51927664091345,3.9564895629882812,52.41645431518555
598,14,2,False,2.180403688424607,52.38618279438727,5.0356855392456055,52.558292388916016
598,34,2,False,2.7146669281178086,42.701956900214626,20.970136642456055,54.465946197509766
598,3,2,False,17.57114031592984,58.697868523719784,3.4362292289733887,46.1819953918457
598,13,2,False,0.0,0.0,,
598,8,2,False,7.164209377260729,47.17567624933998,10.933995246887207,35.0565299987793
598,22,1,False,0.0,0.0,,
598,19,1,False,1.9614630367908839,24.592230221715756,19.0870304107666,47.54710006713867
598,142,1,False,1.006605748736331,30.823151377489687,8.351306915283203,25.391803741455078
598,227,1,False,0.0,0.0,,
598,12,1,False,15.738708174137416,51.33195613286123,1.9155969619750977,46.45268249511719
598,5,1,False,11.406004883008961,58.80794753320407,12.748655319213867,46.78286361694336
598,213,2,False,0.0,0.0,,
598,15,1,False,10.407724434356618,56.046779894300734,9.39360237121582,39.5729866027832
598,120,2,False,3.504111948429223,14.245406433167584,11.62707233428955,25.242002487182617
598,7,2,True,0.0,40.58477187388966,16.724084854125977,40.60458755493164
598,156,2,False,0.0,0.0,,
598,132,1,False,0.0,0.0,1.5085411071777344,35.564388275146484
598,236,2,False,0.0,0.0,,
599,1,2,False,9.142632182508812,51.67170862456885,19.68425750732422,41.323360443115234
599,6,1,False,1.273403467466048,50.716823643309816,17.489654541015625,51.46441650390625
599,11,1,False,6.134164527726031,52.51927664091345,2.6331334114074707,50.440467834472656
599,14,2,False,2.180403688424607,52.38618279438727,3.7776994705200195,50.58964538574219
599,34,2,False,2.7146669281178086,42.701956900214626,20.05504035949707,52.474918365478516
599,3,2,False,17.57114031592984,58.697868523719784,2.0668909549713135,43.75273895263672
599,13,2,False,0.0,0.0,,
599,8,2,False,7.164209377260729,47.17567624933998,9.511412620544434,31.841796875
599,22,1,False,0.0,0.0,,
599,19,1,False,1.9614630367908839,24.592230221715756,18.062814712524414,45.14253234863281
599,142,1,False,1.006605748736331,30.823151377489687,6.602379322052002,21.407106399536133
599,227,1,False,0.0,0.0,,
599,12,1,False,15.738708174137416,51.33195613286123,0.4842451214790344,43.8818244934082
599,5,1,False,11.406004883008961,58.80794753320407,11.629335403442383,44.21995162963867
599,213,2,False,0.0,0.0,,
599,15,1,False,10.407724434356618,56.046779894300734,8.098963737487793,36.83412551879883
599,120,2,False,3.504111948429223,14.245406433167584,10.030534744262695,21.05898666381836
599,7,2,True,0.0,40.58477187388966,15.47482681274414,37.73078918457031
599,156,2,False,0.0,0.0,,
599,132,1,False,0.0,0.0,,
599,236,2,False,0.0,0.0,,
600,1,2,False,7.3192493413675095,52.09527629478688,19.708019256591797,41.32768249511719
600,6,1,False,5.023837522808919,51.007554981435334,17.489654541015625,51.46441650390625
600,11,1,False,1.1977396340229471,52.588590277141634,2.612713575363159,50.36635208129883
600,14,2,False,2.1856557502921397,52.512667502158806,3.7971343994140625,50.5933723449707
600,34,2,False,5.718865925909569,43.032909789445505,20.014392852783203,52.467166900634766
600,3,2,False,12.269605092620665,59.40791511472793,2.1472508907318115,43.51033401489258
600,13,2,False,0.0,0.0,,
600,8,2,False,4.059890878831272,47.41062363816123,9.579792022705078,31.975379943847656
600,22,1,False,0.0,0.0,,
600,19,1,False,2.1769071036843655,24.71820864206786,18.085237503051758,45.14668273925781
600,142,1,False,5.492460188192077,31.141002082824876,6.607385158538818,21.255552291870117
600,227,1,False,0.0,0.0,,
600,12,1,False,11.723605468491526,52.01040552339893,0.5617576837539673,43.72722244262695
600,5,1,False,11.614283521653821,59.48007042218867,11.683795928955078,44.14055252075195
600,213,2,False,0.0,0.0,,
600,15,1,False,5.910707587536123,56.38883473154241,8.195235252380371,36.85146713256836
600,120,2,False,2.5470500958807287,14.39280516556809,10.019804000854492,21.212528228759766
600,7,2,True,7.503592168507832,41.01900753178941,15.401385307312012,37.717586517333984
600,156,2,False,0.0,0.0,,
600,132,1,False,0.0,0.0,,
600,236,2,False,0.0,0.0,,
601,1,2,False,7.3192493413675095,52.09527629478688,19.77537727355957,41.13685607910156
601,6,1,False,5.023837522808919,51.007554981435334,17.469249725341797,51.460533142089844
601,11,1,False,1.1977396340229471,52.588590277141634,2.612713575363159,50.36635208129883
601,14,2,False,2.1856557502921397,52.512667502158806,3.836005449295044,50.60082244873047
601,34,2,False,5.718865925909569,43.032909789445505,19.933103561401367,52.451663970947266
601,3,2,False,12.269605092620665,59.40791511472793,2.229849338531494,43.353057861328125
601,13,2,False,0.0,0.0,,
601,8,2,False,4.059890878831272,47.41062363816123,9.605498313903809,31.97990608215332
601,22,1,False,0.0,0.0,,
601,19,1,False,2.1769071036843655,24.71820864206786,18.08125877380371,45.05531311035156
601,142,1,False,5.492460188192077,31.141002082824876,6.5836358070373535,21.09867286682129
601,227,1,False,0.0,0.0,,
601,12,1,False,11.723605468491526,52.01040552339893,0.5970516800880432,43.56389617919922
601,5,1,False,11.614283521653821,59.48007042218867,11.738397598266602,44.060943603515625
601,213,2,False,0.0,0.0,,
601,15,1,False,5.910707587536123,56.38883473154241,8.267448425292969,36.86447525024414
601,120,2,False,2.5470500958807287,14.39280516556809,10.05965518951416,21.063861846923828
601,7,2,True,7.503592168507832,41.01900753178941,15.32795238494873,37.704383850097656
601,156,2,False,0.0,0.0,,
601,132,1,False,0.0,0.0,,
601,236,2,False,0.0,0.0,,
602,1,2,False,7.3192493413675095,52.09527629478688,19.823036193847656,41.14552307128906
602,6,1,False,5.023837522808919,51.007554981435334,17.412424087524414,51.52469253540039
602,11,1,False,1.1977396340229471,52.588590277141634,2.612713575363159,50.36635208129883
602,14,2,False,2.1856557502921397,52.512667502158806,3.8554420471191406,50.604549407958984
602,34,2,False,5.718865925909569,43.032909789445505,19.8331241607666,52.506526947021484
602,3,2,False,12.269605092620665,59.40791511472793,2.3143975734710693,43.28213882446289
602,13,2,False,0.0,0.0,,
602,8,2,False,4.059890878831272,47.41062363816123,9.656912803649902,31.98895835876465
602,22,1,False,0.0,0.0,,
602,19,1,False,2.1769071036843655,24.71820864206786,18.058807373046875,45.05115509033203
602,142,1,False,5.492460188192077,31.141002082824876,6.5836358070373535,21.09867286682129
602,227,1,False,0.0,0.0,,
602,12,1,False,11.723605468491526,52.01040552339893,0.653878390789032,43.40373611450195
602,5,1,False,11.614283521653821,59.48007042218867,11.793140411376953,43.98112869262695
602,213,2,False,0.0,0.0,,
602,15,1,False,5.910707587536123,56.38883473154241,8.339670181274414,36.87748336791992
602,120,2,False,2.5470500958807287,14.39280516556809,10.088777542114258,21.068735122680664
602,7,2,True,7.503592168507832,41.01900753178941,15.287179946899414,37.80546188354492
602,156,2,False,0.0,0.0,,
602,132,1,False,0.0,0.0,,
602,236,2,False,0.0,0.0,,
603,1,2,False,7.3192493413675095,52.09527629478688,19.844985961914062,41.04755783081055
603,6,1,False,5.023837522808919,51.007554981435334,17.351289749145508,51.513057708740234
603,11,1,False,1.1977396340229471,52.588590277141634,2.6321122646331787,50.37007141113281
603,14,2,False,2.1856557502921397,52.512667502158806,3.8748791217803955,50.608272552490234
603,34,2,False,5.718865925909569,43.032909789445505,19.770557403564453,52.4206657409668
603,3,2,False,12.269605092620665,59.40791511472793,2.4193429946899414,43.127689361572266
603,13,2,False,0.0,0.0,,
603,8,2,False,4.059890878831272,47.41062363816123,9.708331108093262,31.998010635375977
603,22,1,False,0.0,0.0,,
603,19,1,False,2.1769071036843655,24.71820864206786,18.036357879638672,45.047000885009766
603,142,1,False,5.492460188192077,31.141002082824876,6.559809684753418,20.941282272338867
603,227,1,False,0.0,0.0,,
603,12,1,False,11.723605468491526,52.01040552339893,0.6895784139633179,43.23878860473633
603,5,1,False,11.614283521653821,59.48007042218867,11.870258331298828,43.90522384643555
603,213,2,False,0.0,0.0,,
603,15,1,False,5.910707587536123,56.38883473154241,8.387822151184082,36.88615798950195
603,120,2,False,2.5470500958807287,14.39280516556809,10.107024192810059,21.22713851928711
603,7,2,True,7.503592168507832,41.01900753178941,15.25472354888916,38.01553726196289
603,156,2,False,0.0,0.0,,
603,132,1,False,0.0,0.0,,
603,236,2,False,0.0,0.0,,
603,247,1,False,0.0,0.0,,
604,1,2,False,7.3192493413675095,52.09527629478688,19.890892028808594,40.953670501708984
604,6,1,False,5.023837522808919,51.007554981435334,17.269784927368164,51.49753952026367
604,11,1,False,1.1977396340229471,52.588590277141634,2.6321122646331787,50.37007141113281
604,14,2,False,2.1856557502921397,52.512667502158806,3.8943169116973877,50.61199951171875
604,34,2,False,5.718865925909569,43.032909789445505,19.709613800048828,52.4090461730957
604,3,2,False,12.269605092620665,59.40791511472793,2.5261003971099854,43.06022262573242
604,13,2,False,0.0,0.0,,
604,8,2,False,4.059890878831272,47.41062363816123,9.759753227233887,32.00706481933594
604,22,1,False,0.0,0.0,,
604,19,1,False,2.1769071036843655,24.71820864206786,18.01390838623047,45.042842864990234
604,142,1,False,5.492460188192077,31.141002082824876,6.559809684753418,20.941282272338867
604,227,1,False,0.0,0.0,,
604,12,1,False,11.723605468491526,52.01040552339893,0.7074952721595764,43.156002044677734
604,5,1,False,11.614283521653821,59.48007042218867,11.947579383850098,43.82911682128906
604,213,2,False,0.0,0.0,,
604,15,1,False,5.910707587536123,56.38883473154241,8.442695617675781,36.78910446166992
604,120,2,False,2.5470500958807287,14.39280516556809,10.136100769042969,21.23200798034668
604,7,2,True,7.503592168507832,41.01900753178941,15.230351448059082,38.011146545410156
604,156,2,False,0.0,0.0,,
604,132,1,False,0.0,0.0,0.029539305716753006,32.406620025634766
604,236,2,False,0.0,0.0,,
604,247,1,False,0.0,0.0,,
605,1,2,False,10.56314357669693,52.70656932584573,19.91478729248047,40.958011627197266
605,6,1,False,6.388798082348502,51.377277092682355,17.20404815673828,51.41006851196289
605,11,1,False,6.014348043581849,52.93664282596003,2.631089210510254,50.29951858520508
605,14,2,False,2.7144269716505254,52.66975239635154,3.914158821105957,50.54537582397461
605,34,2,False,4.287189480518123,43.28101103253105,19.689298629760742,52.40517044067383
605,3,2,False,9.957431361984034,59.98415535558348,2.633141279220581,42.99257278442383
605,13,2,False,0.0,0.0,,
605,8,2,False,0.0,0.0,9.811180114746094,32.01612091064453
605,22,1,False,0.0,0.0,,
605,19,1,False,2.230218549919729,24.847272215558586,18.01390838623047,45.042842864990234
605,142,1,False,3.210867285602703,31.32681616185281,6.559809684753418,20.941282272338867
605,227,1,False,0.0,0.0,,
605,12,1,False,8.599506911862447,52.50806217339097,0.7683895230293274,43.08100509643555
605,5,1,False,12.151281597207662,60.18326958869374,12.046649932861328,43.574790954589844
605,213,2,False,0.0,0.0,,
605,15,1,False,11.095994684490913,57.03096405356156,8.497725486755371,36.691776275634766
605,120,2,False,2.9277236951031993,14.562233620145822,10.165177345275879,21.236879348754883
605,7,2,True,7.438207427655683,41.44945935051949,15.23856258392334,38.120140075683594
605,156,2,False,0.0,0.0,,
605,132,1,False,0.0,0.0,0.0739559456706047,32.29997634887695
605,236,2,False,0.0,0.0,,
606,1,2,False,10.56314357669693,52.70656932584573,19.960853576660156,40.86387252807617
606,6,1,False,6.388798082348502,51.377277092682355,17.199420928955078,51.33405303955078
606,11,1,False,6.014348043581849,52.93664282596003,2.631089210510254,50.29951858520508
606,14,2,False,2.7144269716505254,52.66975239635154,3.914158821105957,50.54537582397461
606,34,2,False,4.287189480518123,43.28101103253105,19.66718292236328,52.326866149902344
606,3,2,False,9.957431361984034,59.98415535558348,2.7198057174682617,43.0086784362793
606,13,2,False,0.0,0.0,,
606,8,2,False,0.0,0.0,9.862611770629883,32.025177001953125
606,22,1,False,0.0,0.0,,
606,19,1,False,2.230218549919729,24.847272215558586,17.99555206298828,45.130069732666016
606,142,1,False,3.210867285602703,31.32681616185281,6.588627815246582,20.946115493774414
606,227,1,False,0.0,0.0,,
606,12,1,False,8.599506911862447,52.50806217339097,0.8113251328468323,43.08899688720703
606,5,1,False,12.151281597207662,60.18326958869374,12.157946586608887,43.41242599487305
606,213,2,False,0.0,0.0,,
606,15,1,False,11.095994684490913,57.03096405356156,8.601277351379395,36.60287094116211
606,120,2,False,2.9277236951031993,14.562233620145822,10.183271408081055,21.394756317138672
606,7,2,True,7.438207427655683,41.44945935051949,15.24675178527832,38.22883224487305
606,156,2,False,0.0,0.0,,
606,132,1,False,0.0,0.0,0.12823013961315155,32.424163818359375
606,236,2,False,0.0,0.0,,
607,1,2,False,10.56314357669693,52.70656932584573,20.007043838500977,40.769474029541016
607,6,1,False,6.388798082348502,51.377277092682355,17.158584594726562,51.32628631591797
607,11,1,False,6.014348043581849,52.93664282596003,2.6485002040863037,50.16166687011719
607,14,2,False,2.7144269716505254,52.66975239635154,3.933619499206543,50.549102783203125
607,34,2,False,4.287189480518123,43.28101103253105,19.606178283691406,52.31523513793945
607,3,2,False,9.957431361984034,59.98415535558348,2.805556058883667,42.93683624267578
607,13,2,False,0.0,0.0,,
607,8,2,False,0.0,0.0,9.914046287536621,32.03423309326172
607,22,1,False,0.0,0.0,,
607,19,1,False,2.230218549919729,24.847272215558586,17.99555206298828,45.130069732666016
607,142,1,False,3.210867285602703,31.32681616185281,6.588627815246582,20.946115493774414
607,227,1,False,0.0,0.0,,
607,12,1,False,8.599506911862447,52.50806217339097,0.8724331259727478,43.01381301879883
607,5,1,False,12.151281597207662,60.18326958869374,12.258699417114258,43.33921432495117
607,213,2,False,0.0,0.0,,
607,15,1,False,11.095994684490913,57.03096405356156,8.680910110473633,36.50935363769531
607,120,2,False,2.9277236951031993,14.562233620145822,10.183271408081055,21.394756317138672
607,7,2,True,7.438207427655683,41.44945935051949,15.287242889404297,38.12890625
607,156,2,False,0.0,0.0,,
607,132,1,False,0.0,0.0,0.17279420793056488,32.317535400390625
607,236,2,False,0.0,0.0,,
608,1,2,False,10.56314357669693,52.70656932584573,20.051746368408203,40.57118225097656
608,6,1,False,6.388798082348502,51.377277092682355,17.133459091186523,51.2462043762207
608,11,1,False,6.014348043581849,52.93664282596003,2.647491693496704,50.09064483642578
608,14,2,False,2.7144269716505254,52.66975239635154,3.953080654144287,50.552833557128906
608,34,2,False,4.287189480518123,43.28101103253105,19.565513610839844,52.3074836730957
608,3,2,False,9.957431361984034,59.98415535558348,2.870651960372925,42.94892883300781
608,13,2,False,0.0,0.0,,
608,8,2,False,0.0,0.0,9.991207122802734,32.04781723022461
608,22,1,False,0.0,0.0,,
608,19,1,False,2.230218549919729,24.847272215558586,17.97313117980957,45.12591552734375
608,142,1,False,3.210867285602703,31.32681616185281,6.61240816116333,21.10350227355957
608,227,1,False,0.0,0.0,,
608,12,1,False,8.599506911862447,52.50806217339097,0.9520136117935181,42.85485076904297
608,5,1,False,12.151281597207662,60.18326958869374,12.393501281738281,43.17973709106445
608,213,2,False,0.0,0.0,,
608,15,1,False,11.095994684490913,57.03096405356156,8.785030364990234,36.419925689697266
608,120,2,False,2.9277236951031993,14.562233620145822,10.212303161621094,21.399621963500977
608,7,2,True,7.438207427655683,41.44945935051949,15.368292808532715,38.250736236572266
608,156,2,False,0.0,0.0,,
608,132,1,False,0.0,0.0,0.22221916913986206,32.326316833496094
608,236,2,False,0.0,0.0,,
609,1,2,False,10.56314357669693,52.70656932584573,20.074188232421875,40.47163009643555
609,6,1,False,6.388798082348502,51.377277092682355,17.108278274536133,51.16594314575195
609,11,1,False,6.014348043581849,52.93664282596003,2.6464812755584717,50.01946258544922
609,14,2,False,2.7144269716505254,52.66975239635154,3.9924960136413574,50.48979568481445
609,34,2,False,4.287189480518123,43.28101103253105,19.506507873535156,52.37031173706055
609,3,2,False,9.957431361984034,59.98415535558348,2.9777333736419678,42.79258728027344
609,13,2,False,0.0,0.0,,
609,8,2,False,0.0,0.0,10.05884075164795,32.180965423583984
609,22,1,False,0.0,0.0,,
609,19,1,False,2.230218549919729,24.847272215558586,17.928295135498047,45.117610931396484
609,142,1,False,3.210867285602703,31.32681616185281,6.641181468963623,21.10833168029785
609,227,1,False,0.0,0.0,,
609,12,1,False,8.599506911862447,52.50806217339097,1.035119891166687,42.78308868408203
609,5,1,False,12.151281597207662,60.18326958869374,12.5175142288208,43.11007308959961
609,213,2,False,0.0,0.0,,
609,15,1,False,11.095994684490913,57.03096405356156,8.872530937194824,36.21844482421875
609,120,2,False,2.9277236951031993,14.562233620145822,10.24133586883545,21.404489517211914
609,7,2,True,7.438207427655683,41.44945935051949,15.465542793273926,38.26826095581055
609,156,2,False,0.0,0.0,,
609,132,1,False,0.0,0.0,0.2963639199733734,32.3394889831543
609,236,2,False,0.0,0.0,,
610,1,2,False,4.531672947097287,52.968818917691635,20.072595596313477,40.36743927001953
610,6,1,False,3.6024540979929673,51.585752445575466,17.042070388793945,51.07771682739258
610,11,1,False,2.9131708647660326,53.105229102856214,2.6845293045043945,49.95559310913086
610,14,2,False,3.089240464798705,52.84852788621258,4.012495040893555,50.42287826538086
610,34,2,False,5.228040651218006,43.58355968132839,19.445589065551758,52.35869598388672
610,3,2,False,13.138806469049786,60.74450295217201,3.0853686332702637,42.635440826416016
610,13,2,False,0.0,0.0,,
610,22,1,False,0.0,0.0,,
610,19,1,False,1.9205461809357791,24.95841493436274,17.9058780670166,45.113460540771484
610,142,1,False,2.016874134512297,31.443533415007458,6.641181468963623,21.10833168029785
610,227,1,False,0.0,0.0,,
610,12,1,False,13.509361565412128,53.28985393064861,1.0968315601348877,42.707122802734375
610,5,1,False,10.699287847413363,60.80244133912275,12.58513355255127,43.1225471496582
610,213,2,False,0.0,0.0,,
610,15,1,False,7.681283760788516,57.475482789718306,8.945520401000977,36.23154830932617
610,120,2,False,8.138236249291555,15.033196366053899,10.212303161621094,21.399621963500977
610,7,2,True,8.154323748109313,41.921353085942485,15.570547103881836,38.39413833618164
610,156,2,False,0.0,0.0,,
610,236,2,False,0.0,0.0,,
611,1,2,False,4.531672947097287,52.968818917691635,20.072595596313477,40.36743927001953
611,6,1,False,3.6024540979929673,51.585752445575466,16.96505355834961,51.13871383666992
611,11,1,False,2.9131708647660326,53.105229102856214,2.723592519760132,49.963069915771484
611,14,2,False,3.089240464798705,52.84852788621258,4.071018218994141,50.434085845947266
611,34,2,False,5.228040651218006,43.58355968132839,19.36437225341797,52.34320831298828
611,3,2,False,13.138806469049786,60.74450295217201,3.2377052307128906,42.57478713989258
611,13,2,False,0.0,0.0,,
611,22,1,False,0.0,0.0,,
611,19,1,False,1.9205461809357791,24.95841493436274,17.861045837402344,45.10515594482422
611,142,1,False,2.016874134512297,31.443533415007458,6.669956207275391,21.113162994384766
611,227,1,False,0.0,0.0,,
611,12,1,False,13.509361565412128,53.28985393064861,1.1803441047668457,42.634979248046875
611,5,1,False,10.699287847413363,60.80244133912275,12.687012672424316,43.04854202270508
611,213,2,False,0.0,0.0,,
611,15,1,False,7.681283760788516,57.475482789718306,9.050482749938965,36.14132308959961
611,120,2,False,8.138236249291555,15.033196366053899,10.223336219787598,21.246620178222656
611,7,2,True,8.154323748109313,41.921353085942485,15.626771926879883,38.51094055175781
611,156,2,False,0.0,0.0,,
611,236,2,False,0.0,0.0,,
611,8,2,False,0.0,0.0,10.161598205566406,32.19906997680664
612,1,2,False,4.531672947097287,52.968818917691635,20.048500061035156,40.363075256347656
612,6,1,False,3.6024540979929673,51.585752445575466,16.90865707397461,51.203453063964844
612,11,1,False,2.9131708647660326,53.105229102856214,2.7431249618530273,49.96680450439453
612,14,2,False,3.089240464798705,52.84852788621258,4.091129302978516,50.36702346801758
612,34,2,False,5.228040651218006,43.58355968132839,19.303466796875,52.33159255981445
612,3,2,False,13.138806469049786,60.74450295217201,3.368579864501953,42.509910583496094
612,13,2,False,0.0,0.0,,
612,22,1,False,0.0,0.0,,
612,19,1,False,1.9205461809357791,24.95841493436274,17.861045837402344,45.10515594482422
612,142,1,False,2.016874134512297,31.443533415007458,6.727509498596191,21.12282371520996
612,227,1,False,0.0,0.0,,
612,12,1,False,13.509361565412128,53.28985393064861,1.261228322982788,42.47401428222656
612,5,1,False,10.699287847413363,60.80244133912275,12.78803539276123,43.159969329833984
612,213,2,False,0.0,0.0,,
612,15,1,False,7.681283760788516,57.475482789718306,9.115862846374512,36.26212692260742
612,120,2,False,8.138236249291555,15.033196366053899,10.194256782531738,21.241748809814453
612,7,2,True,8.154323748109313,41.921353085942485,15.723795890808105,38.5284423828125
612,156,2,False,0.0,0.0,,
612,236,2,False,0.0,0.0,,
612,8,2,False,0.0,0.0,10.212982177734375,32.20812225341797
612,132,1,False,0.0,0.0,0.46940240263938904,32.37023162841797
613,1,2,False,4.531672947097287,52.968818917691635,20.00031089782715,40.35434341430664
613,6,1,False,3.6024540979929673,51.585752445575466,16.8677921295166,51.195682525634766
613,11,1,False,2.9131708647660326,53.105229102856214,2.763540267944336,50.041866302490234
613,14,2,False,3.089240464798705,52.84852788621258,4.110661029815674,50.370765686035156
613,34,2,False,5.228040651218006,43.58355968132839,19.224573135375977,52.39044189453125
613,3,2,False,13.138806469049786,60.74450295217201,3.477898597717285,42.440799713134766
613,13,2,False,0.0,0.0,,
613,22,1,False,0.0,0.0,,
613,19,1,False,1.9205461809357791,24.95841493436274,17.85678482055664,45.01374816894531
613,142,1,False,2.016874134512297,31.443533415007458,6.727509498596191,21.12282371520996
613,227,1,False,0.0,0.0,,
613,12,1,False,13.509361565412128,53.28985393064861,1.339767336845398,42.22294235229492
613,5,1,False,10.699287847413363,60.80244133912275,12.92333984375,43.18492889404297
613,213,2,False,0.0,0.0,,
613,15,1,False,7.681283760788516,57.475482789718306,9.18887996673584,36.275238037109375
613,120,2,False,8.138236249291555,15.033196366053899,10.17615032196045,21.08336067199707
613,7,2,True,8.154323748109313,41.921353085942485,15.779749870300293,38.64492416381836
613,156,2,False,0.0,0.0,,
613,236,2,False,0.0,0.0,,
613,8,2,False,0.0,0.0,10.264370918273926,32.2171745300293
613,132,1,False,0.0,0.0,0.5145404934883118,32.263343811035156
614,1,2,False,4.531672947097287,52.968818917691635,19.9744930267334,40.24549102783203
614,6,1,False,3.6024540979929673,51.585752445575466,16.862770080566406,51.11927032470703
614,11,1,False,2.9131708647660326,53.105229102856214,2.8025646209716797,50.04933547973633
614,14,2,False,3.089240464798705,52.84852788621258,4.149725437164307,50.37824249267578
614,34,2,False,5.228040651218006,43.58355968132839,19.20429801940918,52.386573791503906
614,3,2,False,13.138806469049786,60.74450295217201,3.587601661682129,42.19164276123047
614,13,2,False,0.0,0.0,,
614,19,1,False,1.9205461809357791,24.95841493436274,17.85678482055664,45.01374816894531
614,142,1,False,2.016874134512297,31.443533415007458,6.756288051605225,21.127655029296875
614,227,1,False,0.0,0.0,,
614,12,1,False,13.509361565412128,53.28985393064861,1.4460580348968506,42.15364456176758
614,5,1,False,10.699287847413363,60.80244133912275,13.081231117248535,43.21405029296875
614,213,2,False,0.0,0.0,,
614,15,1,False,7.681283760788516,57.475482789718306,9.286250114440918,36.29271697998047
614,120,2,False,8.138236249291555,15.033196366053899,10.17615032196045,21.08336067199707
614,7,2,True,8.154323748109313,41.921353085942485,15.876665115356445,38.66241455078125
614,156,2,False,0.0,0.0,,
614,236,2,False,0.0,0.0,,
614,8,2,False,0.0,0.0,10.315764427185059,32.226226806640625
614,132,1,False,0.0,0.0,0.5640628337860107,32.27213668823242
615,1,2,False,4.080937833385073,53.20498430156809,19.948604583740234,40.1363525390625
615,6,1,False,9.07631582738619,52.11100220410476,16.837261199951172,51.03879165649414
615,11,1,False,2.1816765397051863,53.2314835322373,2.822077751159668,50.053070068359375
615,14,2,False,1.4525196338983812,52.932585735396515,4.188080310821533,50.45650100708008
615,34,2,False,7.606677677211809,44.023760935796666,19.143478393554688,52.374969482421875
615,3,2,False,10.005743600147136,61.323539040143494,3.7196044921875,42.216068267822266
615,13,2,False,0.0,0.0,,
615,19,1,False,1.5775134576233463,25.049706222419648,17.85678482055664,45.01374816894531
615,142,1,False,5.900071689757194,31.784972748905442,6.756288051605225,21.127655029296875
615,227,1,False,0.0,0.0,,
615,12,1,False,10.274043795626332,53.88441665030291,1.5744785070419312,42.08821105957031
615,5,1,False,5.9328134067587195,61.145775448310175,13.194034576416016,43.23485565185547
615,213,2,False,0.0,0.0,,
615,15,1,False,5.618720569416596,57.800640230078066,9.351239204406738,36.413177490234375
615,120,2,False,2.7655342307928907,15.19323885626182,10.18716049194336,20.929330825805664
615,7,2,True,10.375977108847641,42.52181472418598,15.949361801147461,38.675533294677734
615,156,2,False,0.0,0.0,,
615,236,2,False,0.0,0.0,,
615,8,2,False,4.713932680384632,47.683420668276085,10.367161750793457,32.23528289794922
615,132,1,False,4.393555818932737,37.02622229393876,0.6135891079902649,32.28093338012695
616,1,2,False,4.080937833385073,53.20498430156809,19.924448013305664,40.13197708129883
616,6,1,False,9.07631582738619,52.11100220410476,16.755353927612305,51.023223876953125
616,11,1,False,2.1816765397051863,53.2314835322373,2.860333204269409,49.98923110961914
616,14,2,False,1.4525196338983812,52.932585735396515,4.227106094360352,50.4639778137207
616,34,2,False,7.606677677211809,44.023760935796666,19.06487464904785,52.433692932128906
616,3,2,False,10.005743600147136,61.323539040143494,3.8296282291412354,42.23642349243164
616,13,2,False,0.0,0.0,,
616,19,1,False,1.5775134576233463,25.049706222419648,17.879228591918945,45.01790237426758
616,142,1,False,5.900071689757194,31.784972748905442,6.756288051605225,21.127655029296875
616,227,1,False,0.0,0.0,,
616,12,1,False,10.274043795626332,53.88441665030291,1.683714509010315,42.10844421386719
616,5,1,False,5.9328134067587195,61.145775448310175,13.28429126739502,43.251502990722656
616,213,2,False,0.0,0.0,,
616,15,1,False,5.618720569416596,57.800640230078066,9.416054725646973,36.533321380615234
616,120,2,False,2.7655342307928907,15.19323885626182,10.18716049194336,20.929330825805664
616,7,2,True,10.375977108847641,42.52181472418598,15.98075008392334,38.787315368652344
616,156,2,False,0.0,0.0,,
616,236,2,False,0.0,0.0,,
616,8,2,False,4.713932680384632,47.683420668276085,10.418562889099121,32.24433898925781
616,132,1,False,4.393555818932737,37.02622229393876,0.6631192564964294,32.28972625732422
617,1,2,False,4.080937833385073,53.20498430156809,19.92264747619629,40.026920318603516
617,6,1,False,9.07631582738619,52.11100220410476,16.61735725402832,51.07261276245117
617,11,1,False,2.1816765397051863,53.2314835322373,2.8798699378967285,49.99296951293945
617,14,2,False,1.4525196338983812,52.932585735396515,4.24584436416626,50.538326263427734
617,34,2,False,7.606677677211809,44.023760935796666,18.966236114501953,52.4884147644043
617,3,2,False,10.005743600147136,61.323539040143494,3.939671039581299,42.25678634643555
617,13,2,False,0.0,0.0,,
617,19,1,False,1.5775134576233463,25.049706222419648,17.83863067626953,45.10100173950195
617,142,1,False,5.900071689757194,31.784972748905442,6.703913688659668,20.9654541015625
617,227,1,False,0.0,0.0,,
617,12,1,False,10.274043795626332,53.88441665030291,1.7688831090927124,42.03474807739258
617,5,1,False,5.9328134067587195,61.145775448310175,13.36457633972168,43.17346954345703
617,213,2,False,0.0,0.0,,
617,15,1,False,5.618720569416596,57.800640230078066,9.464621543884277,36.542049407958984
617,120,2,False,2.7655342307928907,15.19323885626182,10.216336250305176,20.93421173095703
617,7,2,True,10.375977108847641,42.52181472418598,16.036224365234375,38.90316390991211
617,156,2,False,0.0,0.0,,
617,236,2,False,0.0,0.0,,
617,8,2,False,4.713932680384632,47.683420668276085,10.459856033325195,32.37253952026367
617,132,1,False,4.393555818932737,37.02622229393876,0.7126533389091492,32.29852294921875
618,1,2,False,4.080937833385073,53.20498430156809,19.92264747619629,40.026920318603516
618,6,1,False,9.07631582738619,52.11100220410476,16.494686126708984,51.04928970336914
618,11,1,False,2.1816765397051863,53.2314835322373,2.899407386779785,49.996707916259766
618,14,2,False,1.4525196338983812,52.932585735396515,4.265336990356445,50.54206085205078
618,34,2,False,7.606677677211809,44.023760935796666,18.925796508789062,52.48069763183594
618,3,2,False,10.005743600147136,61.323539040143494,4.071747779846191,42.28122329711914
618,13,2,False,0.0,0.0,,
618,19,1,False,1.5775134576233463,25.049706222419648,17.81621551513672,45.09685134887695
618,142,1,False,5.900071689757194,31.784972748905442,6.675090312957764,20.96061897277832
618,227,1,False,0.0,0.0,,
618,12,1,False,10.274043795626332,53.88441665030291,1.8564072847366333,42.05095672607422
618,5,1,False,5.9328134067587195,61.145775448310175,13.409772872924805,43.181800842285156
618,213,2,False,0.0,0.0,,
618,15,1,False,5.618720569416596,57.800640230078066,9.53747844696045,36.55514144897461
618,120,2,False,2.7655342307928907,15.19323885626182,10.205278396606445,21.08823585510254
618,7,2,True,10.375977108847641,42.52181472418598,16.067415237426758,39.014347076416016
618,156,2,False,0.0,0.0,,
618,236,2,False,0.0,0.0,,
618,8,2,False,4.713932680384632,47.683420668276085,10.511189460754395,32.381587982177734
618,132,1,False,4.393555818932737,37.02622229393876,0.7621912956237793,32.30731964111328
619,1,2,False,4.080937833385073,53.20498430156809,19.920841217041016,39.92158126831055
619,6,1,False,9.07631582738619,52.11100220410476,16.38690948486328,50.95319747924805
619,11,1,False,2.1816765397051863,53.2314835322373,2.9189453125,50.00044631958008
619,14,2,False,1.4525196338983812,52.932585735396515,4.266134262084961,50.47145080566406
619,34,2,False,7.606677677211809,44.023760935796666,18.807254791259766,52.53144073486328
619,3,2,False,10.005743600147136,61.323539040143494,4.182628154754639,42.2114143371582
619,13,2,False,0.0,0.0,,
619,19,1,False,1.5775134576233463,25.049706222419648,17.79380226135254,45.09269714355469
619,142,1,False,5.900071689757194,31.784972748905442,6.646268367767334,20.95578384399414
619,227,1,False,0.0,0.0,,
619,12,1,False,10.274043795626332,53.88441665030291,1.93989896774292,41.88677215576172
619,5,1,False,5.9328134067587195,61.145775448310175,13.477574348449707,43.19430160522461
619,213,2,False,0.0,0.0,,
619,15,1,False,5.618720569416596,57.800640230078066,9.610343933105469,36.568233489990234
619,120,2,False,2.7655342307928907,15.19323885626182,10.17615032196045,21.08336067199707
619,7,2,True,10.375977108847641,42.52181472418598,16.081396102905273,39.22711944580078
619,156,2,False,0.0,0.0,,
619,236,2,False,0.0,0.0,,
619,8,2,False,4.713932680384632,47.683420668276085,10.536858558654785,32.386112213134766
619,132,1,False,4.393555818932737,37.02622229393876,0.8326403498649597,32.20456314086914
620,1,2,False,4.167211314359658,53.44614236374168,19.87240219116211,39.912818908691406
620,6,1,False,10.53488533925922,52.72065992049707,16.340356826782227,50.86857604980469
620,11,1,False,2.694312984648424,53.3874044225526,2.938483953475952,50.00418472290039
620,14,2,False,9.827959839432268,53.501333411289586,4.247396945953369,50.396942138671875
620,34,2,False,4.159297916108632,44.264461046682584,18.726486206054688,52.51601791381836
620,3,2,False,11.117165644726278,61.966893533472565,4.293808460235596,42.14141845703125
620,13,2,False,0.0,0.0,,
620,19,1,False,1.5773514171827776,25.140988133136243,17.767019271850586,44.997127532958984
620,142,1,False,2.954745753427887,31.955964980006595,6.651371955871582,20.802734375
620,227,1,False,0.0,0.0,,
620,12,1,False,10.412429728040792,54.48698781512009,2.045822858810425,41.72580337524414
620,5,1,False,7.97839535403798,61.60748814240959,13.512968063354492,43.10773468017578
620,213,2,False,0.0,0.0,,
620,15,1,False,3.7231500024263795,58.016100299662924,9.634634017944336,36.57259750366211
620,120,2,False,2.7641431936959546,15.353200846637742,10.117899894714355,21.073610305786133
620,7,2,True,8.311393131941253,43.00279812302517,16.153623580932617,39.24018478393555
620,156,2,False,0.0,0.0,,
620,236,2,False,0.0,0.0,,
620,8,2,False,0.9009228482299195,47.73555740717828,10.5881986618042,32.39516067504883
620,132,1,False,3.9192975632565568,37.25303349551611,0.857448935508728,32.20896911621094
621,1,2,False,4.167211314359658,53.44614236374168,19.82396697998047,39.90406036376953
621,6,1,False,10.53488533925922,52.72065992049707,16.34959602355957,50.71826171875
621,11,1,False,2.694312984648424,53.3874044225526,2.9580233097076416,50.0079231262207
621,14,2,False,9.827959839432268,53.501333411289586,4.248176097869873,50.326011657714844
621,34,2,False,4.159297916108632,44.264461046682584,18.686105728149414,52.50830841064453
621,3,2,False,11.117165644726278,61.966893533472565,4.383179664611816,42.0671501159668
621,13,2,False,0.0,0.0,,
621,19,1,False,1.5773514171827776,25.140988133136243,17.762636184692383,44.90547561645508
621,142,1,False,2.954745753427887,31.955964980006595,6.656492233276367,20.64917755126953
621,227,1,False,0.0,0.0,,
621,12,1,False,10.412429728040792,54.48698781512009,2.1100072860717773,41.64704132080078
621,5,1,False,7.97839535403798,61.60748814240959,13.548454284667969,43.02094268798828
621,213,2,False,0.0,0.0,,
621,15,1,False,3.7231500024263795,58.016100299662924,9.691717147827148,36.474334716796875
621,120,2,False,2.7641431936959546,15.353200846637742,10.107024192810059,21.22713851928711
621,7,2,True,8.311393131941253,43.00279812302517,16.232627868652344,39.35918426513672
621,156,2,False,0.0,0.0,,
621,236,2,False,0.0,0.0,,
621,8,2,False,0.9009228482299195,47.73555740717828,10.613870620727539,32.39968490600586
621,132,1,False,3.9192975632565568,37.25303349551611,0.9070690274238586,32.2177734375
622,1,2,False,4.167211314359658,53.44614236374168,19.775535583496094,39.89529800415039
622,6,1,False,10.53488533925922,52.72065992049707,16.33829689025879,50.5633430480957
622,11,1,False,2.694312984648424,53.3874044225526,2.9775631427764893,50.011661529541016
622,14,2,False,9.827959839432268,53.501333411289586,4.249739170074463,50.18367385864258
622,34,2,False,4.159297916108632,44.264461046682584,18.665916442871094,52.504451751708984
622,3,2,False,11.117165644726278,61.966893533472565,4.49373722076416,42.087581634521484
622,13,2,False,0.0,0.0,,
622,19,1,False,1.5773514171827776,25.140988133136243,17.74016761779785,44.90131759643555
622,142,1,False,2.954745753427887,31.955964980006595,6.656492233276367,20.64917755126953
622,227,1,False,0.0,0.0,,
622,12,1,False,10.412429728040792,54.48698781512009,2.1947052478790283,41.48073196411133
622,5,1,False,7.97839535403798,61.60748814240959,13.584033012390137,42.933921813964844
622,213,2,False,0.0,0.0,,
622,120,2,False,2.7641431936959546,15.353200846637742,10.077949523925781,21.22226905822754
622,7,2,True,8.311393131941253,43.00279812302517,16.304777145385742,39.37223815917969
622,156,2,False,0.0,0.0,,
622,236,2,False,0.0,0.0,,
622,8,2,False,0.9009228482299195,47.73555740717828,10.639543533325195,32.404212951660156
622,132,1,False,3.9192975632565568,37.25303349551611,0.9566930532455444,32.22658157348633
623,1,2,False,4.167211314359658,53.44614236374168,19.70289421081543,39.88216018676758
623,6,1,False,10.53488533925922,52.72065992049707,16.29142189025879,50.47779846191406
623,11,1,False,2.694312984648424,53.3874044225526,2.9769198894500732,49.94021224975586
623,14,2,False,9.827959839432268,53.501333411289586,4.231663703918457,50.03694534301758
623,34,2,False,4.159297916108632,44.264461046682584,18.6053524017334,52.492889404296875
623,3,2,False,11.117165644726278,61.966893533472565,4.605648040771484,42.0172233581543
623,13,2,False,0.0,0.0,,
623,19,1,False,1.5773514171827776,25.140988133136243,17.722139358520508,44.98881530761719
623,142,1,False,2.954745753427887,31.955964980006595,6.651371955871582,20.802734375
623,227,1,False,0.0,0.0,,
623,12,1,False,10.412429728040792,54.48698781512009,2.2814576625823975,41.405418395996094
623,5,1,False,7.97839535403798,61.60748814240959,13.574261665344238,42.83831024169922
623,213,2,False,0.0,0.0,,
623,120,2,False,2.7641431936959546,15.353200846637742,10.107024192810059,21.22713851928711
623,7,2,True,8.311393131941253,43.00279812302517,16.359468460083008,39.486576080322266
623,156,2,False,0.0,0.0,,
623,236,2,False,0.0,0.0,,
623,8,2,False,0.9009228482299195,47.73555740717828,10.639543533325195,32.404212951660156
623,132,1,False,3.9192975632565568,37.25303349551611,0.9851605892181396,32.3469123840332
623,22,1,False,0.0,0.0,,
624,1,2,False,4.167211314359658,53.44614236374168,19.700788497924805,39.7765007019043
624,6,1,False,10.53488533925922,52.72065992049707,16.223817825317383,50.388153076171875
624,11,1,False,2.694312984648424,53.3874044225526,2.9566915035247803,49.86486053466797
624,14,2,False,9.827959839432268,53.501333411289586,4.2528862953186035,49.89707946777344
624,34,2,False,4.159297916108632,44.264461046682584,18.564979553222656,52.48517990112305
624,3,2,False,11.117165644726278,61.966893533472565,4.760684490203857,42.04586410522461
624,13,2,False,0.0,0.0,,
624,19,1,False,1.5773514171827776,25.140988133136243,17.6997013092041,44.98466110229492
624,142,1,False,2.954745753427887,31.955964980006595,6.675090312957764,20.96061897277832
624,227,1,False,0.0,0.0,,
624,12,1,False,10.412429728040792,54.48698781512009,2.39206600189209,41.42583465576172
624,5,1,False,7.97839535403798,61.60748814240959,13.56446647644043,42.742454528808594
624,213,2,False,0.0,0.0,,
624,120,2,False,2.7641431936959546,15.353200846637742,10.088777542114258,21.068735122680664
624,7,2,True,8.311393131941253,43.00279812302517,16.390029907226562,39.59626770019531
624,156,2,False,0.0,0.0,,
624,236,2,False,0.0,0.0,,
624,8,2,False,0.9009228482299195,47.73555740717828,10.665217399597168,32.40873718261719
624,132,1,False,3.9192975632565568,37.25303349551611,1.0347200632095337,32.355712890625
624,22,1,False,0.0,0.0,,
625,1,2,False,3.4272209992647245,53.64447691231024,19.676544189453125,39.772117614746094
625,6,1,False,6.418083815627434,53.09207680797551,16.135419845581055,50.294395446777344
625,11,1,False,3.55718058061154,53.59325978022688,2.897944211959839,49.8536262512207
625,14,2,False,3.6935820958186434,53.71508237516798,4.273390293121338,49.82878875732422
625,34,2,False,8.898301015971441,44.779409022143895,18.48736572265625,52.543548583984375
625,3,2,False,11.264822981341805,62.618793011559475,4.917490482330322,41.98353958129883
625,13,2,False,0.0,0.0,,
625,19,1,False,3.1598134228584116,25.323847706218327,17.677263259887695,44.980506896972656
625,142,1,False,0.5050515450821029,31.985192499976623,6.703913688659668,20.9654541015625
625,227,1,False,0.0,0.0,,
625,12,1,False,11.496247161910343,55.15227989624916,2.5235178470611572,41.358516693115234
625,5,1,False,3.537839905634619,61.81222424805974,13.577424049377441,42.650543212890625
625,213,2,False,0.0,0.0,,
625,120,2,False,2.555101447987991,15.501065513766678,10.099640846252441,20.91469383239746
625,7,2,True,3.792565512176397,43.22227529386871,16.46200180053711,39.60930252075195
625,156,2,False,0.0,0.0,,
625,236,2,False,0.0,0.0,,
625,8,2,False,1.8020290045057328,47.83984149308717,10.639543533325195,32.404212951660156
625,132,1,False,4.356414531544635,37.505140817943456,1.0807702541351318,32.24860382080078
625,22,1,False,0.0,0.0,,
625,15,1,False,3.4180159848752076,58.2139021506395,9.837692260742188,36.500553131103516
626,1,2,False,3.4272209992647245,53.64447691231024,19.559770584106445,39.527862548828125
626,6,1,False,6.418083815627434,53.09207680797551,15.95074462890625,50.17365646362305
626,11,1,False,3.55718058061154,53.59325978022688,2.7456376552581787,49.74491882324219
626,14,2,False,3.6935820958186434,53.71508237516798,4.200723648071289,49.73451614379883
626,34,2,False,8.898301015971441,44.779409022143895,18.31329917907715,52.502201080322266
626,3,2,False,11.264822981341805,62.618793011559475,4.925467491149902,41.88332748413086
626,13,2,False,0.0,0.0,,
626,19,1,False,3.1598134228584116,25.323847706218327,17.52829933166504,44.942867279052734
626,142,1,False,0.5050515450821029,31.985192499976623,6.573182106018066,20.772539138793945
626,227,1,False,0.0,0.0,,
626,12,1,False,11.496247161910343,55.15227989624916,2.5515668392181396,41.3535270690918
626,5,1,False,3.537839905634619,61.81222424805974,13.46120834350586,42.524147033691406
626,213,2,False,0.0,0.0,,
626,120,2,False,2.555101447987991,15.501065513766678,9.9151611328125,20.71012306213379
626,7,2,True,3.792565512176397,43.22227529386871,16.3919677734375,39.48089599609375
626,156,2,False,0.0,0.0,,
626,236,2,False,0.0,0.0,,
626,8,2,False,1.8020290045057328,47.83984149308717,10.503799438476562,32.24592971801758
626,132,1,False,4.356414531544635,37.505140817943456,0.9842022061347961,32.103023529052734
626,22,1,False,0.0,0.0,,
626,15,1,False,3.4180159848752076,58.2139021506395,9.740778923034668,36.253074645996094
627,1,2,False,3.4272209992647245,53.64447691231024,19.51422691345215,39.416568756103516
627,6,1,False,6.418083815627434,53.09207680797551,15.852171897888184,50.157222747802734
627,11,1,False,3.55718058061154,53.59325978022688,2.6515560150146484,49.6572151184082
627,14,2,False,3.6935820958186434,53.71508237516798,4.186617851257324,49.66138458251953
627,34,2,False,8.898301015971441,44.779409022143895,18.220491409301758,52.55961990356445
627,3,2,False,11.264822981341805,62.618793011559475,5.043952465057373,41.81607437133789
627,13,2,False,0.0,0.0,,
627,19,1,False,3.1598134228584116,25.323847706218327,17.515649795532227,45.03377151489258
627,142,1,False,0.5050515450821029,31.985192499976623,6.580252647399902,20.7782039642334
627,227,1,False,0.0,0.0,,
627,12,1,False,11.496247161910343,55.15227989624916,2.6679511070251465,41.37766647338867
627,5,1,False,3.537839905634619,61.81222424805974,13.479400634765625,42.435447692871094
627,213,2,False,0.0,0.0,,
627,120,2,False,2.555101447987991,15.501065513766678,9.892940521240234,20.710960388183594
627,7,2,True,3.792565512176397,43.22227529386871,16.397464752197266,39.484920501708984
627,156,2,False,0.0,0.0,,
627,236,2,False,0.0,0.0,,
627,8,2,False,1.8020290045057328,47.83984149308717,10.509929656982422,32.250526428222656
627,132,1,False,4.356414531544635,37.505140817943456,1.0153733491897583,32.111915588378906
627,22,1,False,0.0,0.0,,
627,15,1,False,3.4180159848752076,58.2139021506395,9.771026611328125,36.26167678833008
628,1,2,False,3.4272209992647245,53.64447691231024,19.623634338378906,39.5511474609375
628,6,1,False,6.418083815627434,53.09207680797551,15.94350814819336,50.180850982666016
628,11,1,False,3.55718058061154,53.59325978022688,2.7608883380889893,49.82741928100586
628,14,2,False,3.6935820958186434,53.71508237516798,4.333414077758789,49.767879486083984
628,34,2,False,8.898301015971441,44.779409022143895,18.255624771118164,52.71781921386719
628,3,2,False,11.264822981341805,62.618793011559475,5.299175262451172,41.87068557739258
628,13,2,False,0.0,0.0,,
628,19,1,False,3.1598134228584116,25.323847706218327,17.66383934020996,45.159000396728516
628,142,1,False,0.5050515450821029,31.985192499976623,6.7903923988342285,20.97995948791504
628,227,1,False,0.0,0.0,,
628,12,1,False,11.496247161910343,55.15227989624916,2.945399284362793,41.527976989746094
628,5,1,False,3.537839905634619,61.81222424805974,13.636034965515137,42.5667839050293
628,213,2,False,0.0,0.0,,
628,120,2,False,2.555101447987991,15.501065513766678,10.041300773620605,20.904935836791992
628,7,2,True,3.792565512176397,43.22227529386871,16.581972122192383,39.63103103637695
628,156,2,False,0.0,0.0,,
628,236,2,False,0.0,0.0,,
628,8,2,False,1.8020290045057328,47.83984149308717,10.690892219543457,32.41326141357422
628,132,1,False,4.356414531544635,37.505140817943456,1.2296953201293945,32.2750358581543
628,22,1,False,0.0,0.0,,
628,15,1,False,3.4180159848752076,58.2139021506395,9.943891525268555,36.41078186035156
629,1,2,False,3.4272209992647245,53.64447691231024,19.623634338378906,39.5511474609375
629,6,1,False,6.418083815627434,53.09207680797551,15.916671752929688,50.098426818847656
629,11,1,False,3.55718058061154,53.59325978022688,2.7226648330688477,49.891578674316406
629,14,2,False,3.6935820958186434,53.71508237516798,4.315402984619141,49.61920928955078
629,34,2,False,8.898301015971441,44.779409022143895,18.19880485534668,52.77946853637695
629,3,2,False,11.264822981341805,62.618793011559475,5.432714939117432,41.89532470703125
629,13,2,False,0.0,0.0,,
629,19,1,False,3.1598134228584116,25.323847706218327,17.6683292388916,45.24998092651367
629,142,1,False,0.5050515450821029,31.985192499976623,6.7903923988342285,20.97995948791504
629,227,1,False,0.0,0.0,,
629,12,1,False,11.496247161910343,55.15227989624916,3.0782718658447266,41.55250549316406
629,5,1,False,3.537839905634619,61.81222424805974,13.658845901489258,42.57097625732422
629,213,2,False,0.0,0.0,,
629,120,2,False,2.555101447987991,15.501065513766678,10.012133598327637,20.900056838989258
629,7,2,True,3.792565512176397,43.22227529386871,16.629966735839844,39.63972473144531
629,156,2,False,0.0,0.0,,
629,236,2,False,0.0,0.0,,
629,8,2,False,1.8020290045057328,47.83984149308717,10.716567993164062,32.417789459228516
629,132,1,False,4.356414531544635,37.505140817943456,1.279344916343689,32.283843994140625
629,22,1,False,0.0,0.0,,
629,15,1,False,3.4180159848752076,58.2139021506395,9.983701705932617,36.52677536010742
630,1,2,False,8.004384036072452,54.10769358106443,19.528757095336914,39.63984680175781
630,6,1,False,11.903729585305676,53.780950047865886,15.889774322509766,50.015811920166016
630,11,1,False,4.075726690690977,53.82912359334557,2.723592519760132,49.963069915771484
630,14,2,False,7.70229853856803,54.16081724429807,4.315402984619141,49.61920928955078
630,34,2,False,11.594765842630554,45.450402415814644,18.125585556030273,52.90999984741211
630,3,2,False,9.158151855277328,63.14877865133247,5.566283226013184,41.91997146606445
630,13,2,False,0.0,0.0,,
630,19,1,False,2.776971063877642,25.48455205019273,17.686220169067383,45.16314697265625
630,142,1,False,10.321723182208162,32.582514443391446,6.732738494873047,20.97028923034668
630,227,1,False,0.0,0.0,,
630,12,1,False,11.097702099848734,55.79450802702745,3.188098192214966,41.3892822265625
630,5,1,False,5.7879141745553575,62.14717298501318,13.694802284240723,42.48279571533203
630,213,2,False,0.0,0.0,,
630,120,2,False,8.306205586349316,15.981748707421152,9.953802108764648,20.890300750732422
630,7,2,True,3.535509407271661,43.426876532715454,16.67796516418457,39.64841842651367
630,156,2,False,0.0,0.0,,
630,236,2,False,0.0,0.0,,
630,8,2,False,3.610315008444275,48.04877175977955,10.742244720458984,32.42231369018555
630,132,1,False,1.6045965313004193,37.59799941350482,1.328998327255249,32.292659759521484
630,22,1,False,0.0,0.0,,
630,15,1,False,8.826787553294633,58.72471161552924,10.032379150390625,36.535518646240234
631,1,2,False,8.004384036072452,54.10769358106443,19.48021697998047,39.63107681274414
631,6,1,False,11.903729585305676,53.780950047865886,15.8213529586792,49.9251594543457
631,11,1,False,4.075726690690977,53.82912359334557,2.723592519760132,49.963069915771484
631,14,2,False,7.70229853856803,54.16081724429807,4.235508918762207,49.676658630371094
631,34,2,False,11.594765842630554,45.450402415814644,18.02913475036621,52.96356201171875
631,3,2,False,9.158151855277328,63.14877865133247,5.719388961791992,42.0400390625
631,13,2,False,0.0,0.0,,
631,19,1,False,2.776971063877642,25.48455205019273,17.708600997924805,45.167293548583984
631,142,1,False,10.321723182208162,32.582514443391446,6.680241584777832,20.807573318481445
631,227,1,False,0.0,0.0,,
631,12,1,False,11.097702099848734,55.79450802702745,3.3213601112365723,41.41386032104492
631,5,1,False,5.7879141745553575,62.14717298501318,13.671960830688477,42.478599548339844
631,213,2,False,0.0,0.0,,
631,120,2,False,8.306205586349316,15.981748707421152,9.906033515930176,20.72595977783203
631,7,2,True,3.535509407271661,43.426876532715454,16.725967407226562,39.65711212158203
631,156,2,False,0.0,0.0,,
631,236,2,False,0.0,0.0,,
631,8,2,False,3.610315008444275,48.04877175977955,10.757387161254883,32.545589447021484
631,132,1,False,1.6045965313004193,37.59799941350482,1.3538265228271484,32.29706573486328
631,22,1,False,0.0,0.0,,
631,15,1,False,8.826787553294633,58.72471161552924,10.038727760314941,36.75346755981445
632,1,2,False,8.004384036072452,54.10769358106443,19.289066314697266,39.386962890625
632,6,1,False,11.903729585305676,53.780950047865886,15.699110984802246,49.591190338134766
632,11,1,False,4.075726690690977,53.82912359334557,2.649535655975342,49.736087799072266
632,14,2,False,7.70229853856803,54.16081724429807,4.085827350616455,49.50416564941406
632,34,2,False,11.594765842630554,45.450402415814644,17.892353057861328,52.866973876953125
632,3,2,False,9.158151855277328,63.14877865133247,5.760859489440918,41.68106460571289
632,13,2,False,0.0,0.0,,
632,19,1,False,2.776971063877642,25.48455205019273,17.658042907714844,44.88813018798828
632,142,1,False,10.321723182208162,32.582514443391446,6.478973388671875,20.15665626525879
632,227,1,False,0.0,0.0,,
632,12,1,False,11.097702099848734,55.79450802702745,3.373157262802124,41.14842224121094
632,5,1,False,5.7879141745553575,62.14717298501318,13.581951141357422,42.17836380004883
632,213,2,False,0.0,0.0,,
632,120,2,False,8.306205586349316,15.981748707421152,9.772196769714355,20.23496437072754
632,7,2,True,3.535509407271661,43.426876532715454,16.698022842407227,39.445716857910156
632,156,2,False,0.0,0.0,,
632,236,2,False,0.0,0.0,,
632,8,2,False,3.610315008444275,48.04877175977955,10.70566177368164,32.05465316772461
632,132,1,False,1.6045965313004193,37.59799941350482,1.2537661790847778,31.93399429321289
632,22,1,False,0.0,0.0,,
632,15,1,False,8.826787553294633,58.72471161552924,9.967981338500977,36.526363372802734
633,1,2,False,8.004384036072452,54.10769358106443,19.163528442382812,39.49737548828125
633,6,1,False,11.903729585305676,53.780950047865886,15.534509658813477,49.658416748046875
633,11,1,False,4.075726690690977,53.82912359334557,2.6095802783966064,49.7467155456543
633,14,2,False,7.70229853856803,54.16081724429807,4.005471706390381,49.507415771484375
633,34,2,False,11.594765842630554,45.450402415814644,17.735050201416016,52.99898910522461
633,3,2,False,9.158151855277328,63.14877865133247,5.845426559448242,41.812713623046875
633,13,2,False,0.0,0.0,,
633,19,1,False,2.776971063877642,25.48455205019273,17.584918975830078,44.89775848388672
633,142,1,False,10.321723182208162,32.582514443391446,6.384390354156494,20.336400985717773
633,227,1,False,0.0,0.0,,
633,12,1,False,11.097702099848734,55.79450802702745,3.4835054874420166,41.19236755371094
633,5,1,False,5.7879141745553575,62.14717298501318,13.47282886505127,42.278133392333984
633,213,2,False,0.0,0.0,,
633,120,2,False,8.306205586349316,15.981748707421152,9.669766426086426,20.415904998779297
633,7,2,True,3.535509407271661,43.426876532715454,16.674293518066406,39.57245635986328
633,156,2,False,0.0,0.0,,
633,236,2,False,0.0,0.0,,
633,8,2,False,3.610315008444275,48.04877175977955,10.665404319763184,32.200157165527344
633,132,1,False,1.6045965313004193,37.59799941350482,1.256567120552063,32.080360412597656
633,22,1,False,0.0,0.0,,
633,15,1,False,8.826787553294633,58.72471161552924,9.922442436218262,36.762489318847656
634,1,2,False,8.004384036072452,54.10769358106443,19.106714248657227,39.59226608276367
634,6,1,False,11.903729585305676,53.780950047865886,15.372340202331543,49.78346252441406
634,11,1,False,4.075726690690977,53.82912359334557,2.621103286743164,49.82011413574219
634,14,2,False,7.70229853856803,54.16081724429807,3.9364819526672363,49.56665802001953
634,34,2,False,11.594765842630554,45.450402415814644,17.634197235107422,53.12239456176758
634,3,2,False,9.158151855277328,63.14877865133247,5.965933799743652,41.92667770385742
634,13,2,False,0.0,0.0,,
634,19,1,False,2.776971063877642,25.48455205019273,17.579195022583008,44.986976623535156
634,142,1,False,10.321723182208162,32.582514443391446,6.337343692779541,20.482954025268555
634,227,1,False,0.0,0.0,,
634,12,1,False,11.097702099848734,55.79450802702745,3.6738336086273193,41.2269401550293
634,5,1,False,5.7879141745553575,62.14717298501318,13.449392318725586,42.36851119995117
634,213,2,False,0.0,0.0,,
634,120,2,False,8.306205586349316,15.981748707421152,9.61680793762207,20.563434600830078
634,7,2,True,3.535509407271661,43.426876532715454,16.717370986938477,39.68380355834961
634,156,2,False,0.0,0.0,,
634,236,2,False,0.0,0.0,,
634,8,2,False,3.610315008444275,48.04877175977955,10.617403984069824,32.312252044677734
634,132,1,False,1.6045965313004193,37.59799941350482,1.2763656377792358,32.314666748046875
634,22,1,False,0.0,0.0,,
634,15,1,False,8.826787553294633,58.72471161552924,9.942068099975586,36.98088073730469
635,1,2,False,6.3841203933101704,54.47714499271432,19.065542221069336,39.641136169433594
635,6,1,False,7.85185368923964,54.23533972895614,15.235854148864746,49.79916763305664
635,11,1,False,5.151296592328442,54.127231035031244,2.5769660472869873,49.7783203125
635,14,2,False,6.5033016956065275,54.53716572205308,3.8720991611480713,49.66569900512695
635,34,2,False,6.127012670080361,45.804974908296145,17.525863647460938,53.210941314697266
635,3,2,False,11.156267036997924,63.7943959567143,6.096127033233643,41.907711029052734
635,13,2,False,0.0,0.0,,
635,19,1,False,0.8763725529432717,25.535268054413983,17.58695411682129,45.036766052246094
635,142,1,False,7.46432627826867,33.01447776968014,6.29933500289917,20.559247970581055
635,227,1,False,0.0,0.0,,
635,12,1,False,13.054783068317759,56.549993158295834,3.824659824371338,41.30415725708008
635,5,1,False,4.557082154605275,62.41089301710839,13.404399871826172,42.31589126586914
635,213,2,False,0.0,0.0,,
635,120,2,False,7.19314236136362,16.398018520000065,9.546299934387207,20.635353088378906
635,7,2,True,13.545503017591955,44.21075980919647,16.732357025146484,39.84565734863281
635,156,2,False,0.0,0.0,,
635,236,2,False,0.0,0.0,,
635,8,2,False,1.4802278263028772,48.13443309232022,10.61631965637207,32.25559616088867
635,132,1,False,5.832100146506671,37.935505209020256,1.2971937656402588,32.37990188598633
635,22,1,False,0.0,0.0,,
635,15,1,False,1.113704486494048,58.78916210664579,9.931815147399902,37.03633117675781
636,1,2,False,6.3841203933101704,54.47714499271432,19.143402099609375,39.67572784423828
636,6,1,False,7.85185368923964,54.23533972895614,15.296385765075684,49.7479248046875
636,11,1,False,5.151296592328442,54.127231035031244,2.6620121002197266,49.736881256103516
636,14,2,False,6.5033016956065275,54.53716572205308,3.939234733581543,49.6201057434082
636,34,2,False,6.127012670080361,45.804974908296145,17.570178985595703,53.233280181884766
636,3,2,False,11.156267036997924,63.7943959567143,6.390579700469971,42.07207107543945
636,13,2,False,0.0,0.0,,
636,19,1,False,0.8763725529432717,25.535268054413983,17.748977661132812,45.08439636230469
636,142,1,False,7.46432627826867,33.01447776968014,6.483014106750488,20.620121002197266
636,12,1,False,13.054783068317759,56.549993158295834,4.100683689117432,41.37303924560547
636,5,1,False,4.557082154605275,62.41089301710839,13.547897338867188,42.360774993896484
636,213,2,False,0.0,0.0,,
636,120,2,False,7.19314236136362,16.398018520000065,9.662224769592285,20.841533660888672
636,7,2,True,13.545503017591955,44.21075980919647,16.93541717529297,40.0059814453125
636,156,2,False,0.0,0.0,,
636,236,2,False,0.0,0.0,,
636,8,2,False,1.4802278263028772,48.13443309232022,10.78908634185791,32.18830108642578
636,132,1,False,5.832100146506671,37.935505209020256,1.505730390548706,32.43935012817383
636,22,1,False,0.0,0.0,,
636,15,1,False,1.113704486494048,58.78916210664579,10.108622550964355,37.08903503417969
637,1,2,False,6.3841203933101704,54.47714499271432,19.070735931396484,39.66259002685547
637,6,1,False,7.85185368923964,54.23533972895614,15.227176666259766,49.656803131103516
637,11,1,False,5.151296592328442,54.127231035031244,2.6021602153778076,49.653656005859375
637,14,2,False,6.5033016956065275,54.53716572205308,3.820460081100464,49.66994094848633
637,34,2,False,6.127012670080361,45.804974908296145,17.54619598388672,53.157493591308594
637,3,2,False,11.156267036997924,63.7943959567143,6.502053737640381,42.0926399230957
637,13,2,False,0.0,0.0,,
637,19,1,False,0.8763725529432717,25.535268054413983,17.771390914916992,45.08854675292969
637,142,1,False,7.46432627826867,33.01447776968014,6.3962931632995605,20.605594635009766
637,12,1,False,13.054783068317759,56.549993158295834,4.235352516174316,41.30521011352539
637,5,1,False,4.557082154605275,62.41089301710839,13.525031089782715,42.35657501220703
637,213,2,False,0.0,0.0,,
637,120,2,False,7.19314236136362,16.398018520000065,9.574777603149414,20.826908111572266
637,7,2,True,13.545503017591955,44.21075980919647,16.941186904907227,40.1101188659668
637,156,2,False,0.0,0.0,,
637,236,2,False,0.0,0.0,,
637,8,2,False,1.4802278263028772,48.13443309232022,10.76333236694336,32.18376541137695
637,132,1,False,5.832100146506671,37.935505209020256,1.5305302143096924,32.44375228881836
637,22,1,False,0.0,0.0,,
637,15,1,False,1.113704486494048,58.78916210664579,10.132798194885254,37.093387603759766
637,227,1,False,0.0,0.0,,
638,1,2,False,6.3841203933101704,54.47714499271432,19.025314331054688,39.75960159301758
638,6,1,False,7.85185368923964,54.23533972895614,15.18565845489502,49.648948669433594
638,11,1,False,5.151296592328442,54.127231035031244,2.5825440883636475,49.649906158447266
638,14,2,False,6.5033016956065275,54.53716572205308,3.7812788486480713,49.5899543762207
638,34,2,False,6.127012670080361,45.804974908296145,17.50642967224121,53.149871826171875
638,3,2,False,11.156267036997924,63.7943959567143,6.617453098297119,42.021820068359375
638,13,2,False,0.0,0.0,,
638,19,1,False,0.8763725529432717,25.535268054413983,17.771390914916992,45.08854675292969
638,142,1,False,7.46432627826867,33.01447776968014,6.362746238708496,20.75435447692871
638,12,1,False,13.054783068317759,56.549993158295834,4.392758846282959,41.24131393432617
638,5,1,False,4.557082154605275,62.41089301710839,13.489256858825684,42.44502258300781
638,213,2,False,0.0,0.0,,
638,120,2,False,7.19314236136362,16.398018520000065,9.516486167907715,20.81715965270996
638,7,2,True,13.545503017591955,44.21075980919647,16.952682495117188,40.317562103271484
638,156,2,False,0.0,0.0,,
638,236,2,False,0.0,0.0,,
638,8,2,False,1.4802278263028772,48.13443309232022,10.77392292022705,32.06396484375
638,132,1,False,5.832100146506671,37.935505209020256,1.55816650390625,32.563663482666016
638,22,1,False,0.0,0.0,,
638,15,1,False,1.113704486494048,58.78916210664579,10.123746871948242,37.19883728027344
638,227,1,False,0.0,0.0,,
639,1,2,False,6.3841203933101704,54.47714499271432,18.952760696411133,39.74647903442383
639,6,1,False,7.85185368923964,54.23533972895614,15.15781307220459,49.56548309326172
639,11,1,False,5.151296592328442,54.127231035031244,2.5629286766052246,49.646156311035156
639,14,2,False,6.5033016956065275,54.53716572205308,3.7417960166931152,49.58241653442383
639,34,2,False,6.127012670080361,45.804974908296145,17.411296844482422,53.20282745361328
639,3,2,False,11.156267036997924,63.7943959567143,6.773777484893799,42.05065155029297
639,13,2,False,0.0,0.0,,
639,19,1,False,0.8763725529432717,25.535268054413983,17.771390914916992,45.08854675292969
639,142,1,False,7.46432627826867,33.01447776968014,6.300504684448242,20.897785186767578
639,12,1,False,13.054783068317759,56.549993158295834,4.550608158111572,41.1772346496582
639,5,1,False,4.557082154605275,62.41089301710839,13.476380348205566,42.53742980957031
639,213,2,False,0.0,0.0,,
639,120,2,False,7.19314236136362,16.398018520000065,9.458200454711914,20.807411193847656
639,7,2,True,13.545503017591955,44.21075980919647,16.95840835571289,40.42087173461914
639,156,2,False,0.0,0.0,,
639,236,2,False,0.0,0.0,,
639,8,2,False,1.4802278263028772,48.13443309232022,10.76333236694336,32.18376541137695
639,132,1,False,5.832100146506671,37.935505209020256,1.5829330682754517,32.56806564331055
639,22,1,False,0.0,0.0,,
639,15,1,False,1.113704486494048,58.78916210664579,10.099604606628418,37.194488525390625
639,227,1,False,0.0,0.0,,
640,1,2,False,3.471499351574968,54.67804194593047,18.709501266479492,39.73977279663086
640,6,1,False,5.6130851019667185,54.56017104272736,14.92219352722168,49.470401763916016
640,11,1,False,3.458633175983068,54.327383417900634,2.370734691619873,49.56306076049805
640,14,2,False,8.119868672106376,55.007065529466644,3.5097811222076416,49.56389617919922
640,34,2,False,8.100345568438025,46.273744906469645,17.17245101928711,53.18228530883789
640,3,2,False,14.2172710195625,64.61715469627231,6.737176895141602,41.984371185302734
640,13,2,False,0.0,0.0,,
640,19,1,False,4.711121756898765,25.807902415345623,17.59125518798828,45.08729934692383
640,142,1,False,3.552591599811721,33.22006756133591,6.046871185302734,20.909753799438477
640,12,1,False,16.678562271883543,57.51518773421502,4.556901931762695,41.118202209472656
640,5,1,False,6.468874424718634,62.78524917594628,13.249470710754395,42.52930450439453
640,213,2,False,0.0,0.0,,
640,120,2,False,6.535292980998843,16.77621834528935,9.170641899108887,20.81468963623047
640,7,2,True,10.339690465253101,44.80912152593565,16.779521942138672,40.62812042236328
640,156,2,False,0.0,0.0,,
640,236,2,False,0.0,0.0,,
640,8,2,False,3.5163746543347605,48.33792699592756,10.559969902038574,32.191078186035156
640,132,1,False,4.579374627112001,38.200515314755904,1.419729471206665,32.69437789916992
640,22,1,False,0.0,0.0,,
640,15,1,False,2.8089388501413466,58.95171643825119,9.893871307373047,37.08842849731445
640,227,1,False,0.0,0.0,,
641,1,2,False,3.471499351574968,54.67804194593047,18.665935516357422,39.87329864501953
641,6,1,False,5.6130851019667185,54.56017104272736,14.849140167236328,49.56222915649414
641,11,1,False,3.458633175983068,54.327383417900634,2.3571319580078125,49.513641357421875
641,14,2,False,8.119868672106376,55.007065529466644,3.457679510116577,49.65167236328125
641,34,2,False,8.100345568438025,46.273744906469645,17.123729705810547,53.339420318603516
641,3,2,False,14.2172710195625,64.61715469627231,6.900018215179443,42.04670715332031
641,13,2,False,0.0,0.0,,
641,19,1,False,4.711121756898765,25.807902415345623,17.66005516052246,45.131656646728516
641,142,1,False,3.552591599811721,33.22006756133591,6.055540561676025,20.96483612060547
641,12,1,False,16.678562271883543,57.51518773421502,4.764468193054199,41.28230285644531
641,5,1,False,6.468874424718634,62.78524917594628,13.228034019470215,42.74686050415039
641,213,2,False,0.0,0.0,,
641,120,2,False,6.535292980998843,16.77621834528935,9.18695068359375,20.715991973876953
641,7,2,True,10.339690465253101,44.80912152593565,16.834884643554688,40.774925231933594
641,156,2,False,0.0,0.0,,
641,236,2,False,0.0,0.0,,
641,8,2,False,3.5163746543347605,48.33792699592756,10.616854667663574,32.2435188293457
641,132,1,False,4.579374627112001,38.200515314755904,1.503571629524231,32.7492790222168
641,22,1,False,0.0,0.0,,
641,15,1,False,2.8089388501413466,58.95171643825119,9.923446655273438,37.131202697753906
641,227,1,False,0.0,0.0,,
642,1,2,False,3.471499351574968,54.67804194593047,18.729778289794922,40.26361083984375
642,6,1,False,5.6130851019667185,54.56017104272736,14.954262733459473,49.78776550292969
642,11,1,False,3.458633175983068,54.327383417900634,2.4737064838409424,49.725582122802734
642,14,2,False,8.119868672106376,55.007065529466644,3.551680326461792,49.93167495727539
642,34,2,False,8.100345568438025,46.273744906469645,17.127771377563477,53.6663703918457
642,3,2,False,14.2172710195625,64.61715469627231,7.244869709014893,42.261409759521484
642,13,2,False,0.0,0.0,,
642,19,1,False,4.711121756898765,25.807902415345623,17.85341453552246,45.405174255371094
642,142,1,False,3.552591599811721,33.22006756133591,6.3004961013793945,21.256559371948242
642,12,1,False,16.678562271883543,57.51518773421502,5.154979228973389,41.6916389465332
642,5,1,False,6.468874424718634,62.78524917594628,13.403780937194824,43.11971664428711
642,213,2,False,0.0,0.0,,
642,120,2,False,6.535292980998843,16.77621834528935,9.426661491394043,21.011476516723633
642,7,2,True,10.339690465253101,44.80912152593565,17.096418380737305,40.78605651855469
642,156,2,False,0.0,0.0,,
642,8,2,False,3.5163746543347605,48.33792699592756,10.829463958740234,32.71992111206055
642,132,1,False,4.579374627112001,38.200515314755904,1.7517774105072021,33.09400177001953
642,22,1,False,0.0,0.0,,
642,15,1,False,2.8089388501413466,58.95171643825119,10.135543823242188,37.45087814331055
642,227,1,False,0.0,0.0,,
642,252,2,False,0.0,0.0,16.01793670654297,31.914260864257812
643,1,2,False,3.471499351574968,54.67804194593047,18.545141220092773,39.85345458984375
643,6,1,False,5.6130851019667185,54.56017104272736,14.683023452758789,49.53231430053711
643,11,1,False,3.458633175983068,54.327383417900634,2.2183570861816406,49.41638946533203
643,14,2,False,8.119868672106376,55.007065529466644,3.241931676864624,49.75608825683594
643,34,2,False,8.100345568438025,46.273744906469645,16.876070022583008,53.434261322021484
643,3,2,False,14.2172710195625,64.61715469627231,7.177577495574951,41.91453552246094
643,13,2,False,0.0,0.0,,
643,19,1,False,4.711121756898765,25.807902415345623,17.700199127197266,45.0504035949707
643,142,1,False,3.552591599811721,33.22006756133591,6.006220817565918,20.6520938873291
643,12,1,False,16.678562271883543,57.51518773421502,5.078075408935547,41.34185028076172
643,5,1,False,6.468874424718634,62.78524917594628,13.23816967010498,42.844398498535156
643,213,2,False,0.0,0.0,,
643,120,2,False,6.535292980998843,16.77621834528935,9.156633377075195,20.243175506591797
643,7,2,True,10.339690465253101,44.80912152593565,16.966310501098633,40.189178466796875
643,156,2,False,0.0,0.0,,
643,8,2,False,3.5163746543347605,48.33792699592756,10.627204895019531,32.12629318237305
643,132,1,False,4.579374627112001,38.200515314755904,1.5256404876708984,32.64097595214844
643,22,1,False,0.0,0.0,,
643,15,1,False,2.8089388501413466,58.95171643825119,9.908052444458008,37.02335739135742
643,227,1,False,0.0,0.0,,
643,252,2,False,0.0,0.0,15.85361099243164,31.428752899169922
643,236,2,False,0.0,0.0,,
644,1,2,False,3.471499351574968,54.67804194593047,18.597291946411133,39.89170837402344
644,6,1,False,5.6130851019667185,54.56017104272736,14.708398818969727,49.55864715576172
644,11,1,False,3.458633175983068,54.327383417900634,2.247699499130249,49.51398849487305
644,14,2,False,8.119868672106376,55.007065529466644,3.249833583831787,49.77743148803711
644,34,2,False,8.100345568438025,46.273744906469645,16.919269561767578,53.461936950683594
644,3,2,False,14.2172710195625,64.61715469627231,7.426764965057373,42.07868576049805
644,13,2,False,0.0,0.0,,
644,19,1,False,4.711121756898765,25.807902415345623,17.820520401000977,45.18803405761719
644,142,1,False,3.552591599811721,33.22006756133591,6.131940841674805,20.715665817260742
644,12,1,False,16.678562271883543,57.51518773421502,5.355162620544434,41.41854476928711
644,5,1,False,6.468874424718634,62.78524917594628,13.425209045410156,42.9046745300293
644,213,2,False,0.0,0.0,,
644,120,2,False,6.535292980998843,16.77621834528935,9.214789390563965,20.453645706176758
644,7,2,True,10.339690465253101,44.80912152593565,17.132266998291016,40.14479064941406
644,156,2,False,0.0,0.0,,
644,8,2,False,3.5163746543347605,48.33792699592756,10.78908634185791,32.18830108642578
644,132,1,False,4.579374627112001,38.200515314755904,1.6846611499786377,32.70082473754883
644,22,1,False,0.0,0.0,,
644,15,1,False,2.8089388501413466,58.95171643825119,10.051321983337402,37.185794830322266
644,227,1,False,0.0,0.0,,
644,252,2,False,0.0,0.0,15.972725868225098,31.611083984375
644,236,2,False,0.0,0.0,,
645,1,2,False,5.604402973235095,55.00237082169639,18.57318878173828,39.88734817504883
645,6,1,False,8.386294967408134,55.04548903852644,14.604693412780762,49.539024353027344
645,11,1,False,0.6897148099826357,54.36729746940426,2.170748233795166,49.57120895385742
645,14,2,False,6.415945384987097,55.378358665171916,3.1917359828948975,49.90980529785156
645,34,2,False,9.101711382390677,46.80046431517281,16.845211029052734,53.5179328918457
645,3,2,False,10.524966779242002,65.22623842192289,7.5336174964904785,42.19080352783203
645,13,2,False,0.0,0.0,,
645,19,1,False,1.5738321599276608,25.898980665341437,17.842906951904297,45.19218444824219
645,142,1,False,5.557519685903138,33.54168328389975,6.074252605438232,20.705995559692383
645,12,1,False,13.060841866560677,58.27102349038172,5.467165470123291,41.439170837402344
645,5,1,False,7.80044555578283,63.23666384931334,13.48338508605957,42.82158279418945
645,213,2,False,0.0,0.0,,
645,120,2,False,7.835159525859679,17.229641928961787,9.127114295959473,20.439002990722656
645,7,2,True,2.740125281322391,44.967693590827,17.132266998291016,40.14479064941406
645,156,2,False,0.0,0.0,,
645,8,2,False,1.8072929418451242,48.442515707839895,10.76333236694336,32.18376541137695
645,132,1,False,2.6051330158172505,38.351275327245325,1.6846611499786377,32.70082473754883
645,22,1,False,0.0,0.0,,
645,15,1,False,9.187344751378273,59.483391481733726,10.027181625366211,37.18144607543945
645,227,1,False,0.0,0.0,,
645,236,2,False,0.0,0.0,,
646,1,2,False,5.604402973235095,55.00237082169639,18.561800003051758,40.2418212890625
646,6,1,False,8.386294967408134,55.04548903852644,14.602956771850586,49.72774887084961
646,11,1,False,0.6897148099826357,54.36729746940426,2.2222018241882324,49.75503158569336
646,14,2,False,6.415945384987097,55.378358665171916,3.240727424621582,50.16363525390625
646,34,2,False,9.101711382390677,46.80046431517281,16.822772979736328,53.75315475463867
646,3,2,False,10.524966779242002,65.22623842192289,7.754079341888428,42.454952239990234
646,13,2,False,0.0,0.0,,
646,19,1,False,1.5738321599276608,25.898980665341437,17.880033493041992,45.50724411010742
646,142,1,False,5.557519685903138,33.54168328389975,6.10555362701416,21.083946228027344
646,12,1,False,13.060841866560677,58.27102349038172,5.694416522979736,41.706424713134766
646,5,1,False,7.80044555578283,63.23666384931334,13.585290908813477,43.160972595214844
646,120,2,False,7.835159525859679,17.229641928961787,9.137280464172363,20.976032257080078
646,7,2,True,2.740125281322391,44.967693590827,17.193496704101562,40.40514373779297
646,156,2,False,0.0,0.0,,
646,8,2,False,1.8072929418451242,48.442515707839895,10.85168170928955,32.493309020996094
646,132,1,False,2.6051330158172505,38.351275327245325,1.8251773118972778,33.00298309326172
646,22,1,False,0.0,0.0,,
646,15,1,False,9.187344751378273,59.483391481733726,10.10346794128418,37.5600700378418
646,227,1,False,0.0,0.0,,
646,236,2,False,0.0,0.0,,
647,1,2,False,5.604402973235095,55.00237082169639,18.504587173461914,39.9792594909668
647,6,1,False,8.386294967408134,55.04548903852644,14.480270385742188,49.51548385620117
647,11,1,False,0.6897148099826357,54.36729746940426,2.092341661453247,49.55622482299805
647,14,2,False,6.415945384987097,55.378358665171916,3.0943031311035156,49.96266555786133
647,34,2,False,9.101711382390677,46.80046431517281,16.69761085510254,53.62953567504883
647,3,2,False,10.524966779242002,65.22623842192289,7.8020148277282715,42.24030685424805
647,13,2,False,0.0,0.0,,
647,19,1,False,1.5738321599276608,25.898980665341437,17.8471736907959,45.283138275146484
647,142,1,False,5.557519685903138,33.54168328389975,5.930055141448975,20.681825637817383
647,12,1,False,13.060841866560677,58.27102349038172,5.736053466796875,41.488685607910156
647,5,1,False,7.80044555578283,63.23666384931334,13.548454284667969,43.02094268798828
647,120,2,False,7.835159525859679,17.229641928961787,8.971986770629883,20.569852828979492
647,7,2,True,2.740125281322391,44.967693590827,17.156156539916992,40.14912414550781
647,156,2,False,0.0,0.0,,
647,8,2,False,1.8072929418451242,48.442515707839895,10.737580299377441,32.179229736328125
647,132,1,False,2.6051330158172505,38.351275327245325,1.7341349124908447,32.709617614746094
647,22,1,False,0.0,0.0,,
647,15,1,False,9.187344751378273,59.483391481733726,10.009419441223145,37.391510009765625
647,227,1,False,0.0,0.0,,
647,236,2,False,0.0,0.0,,
647,213,2,False,0.0,0.0,,
648,1,2,True,5.604402973235095,55.00237082169639,18.506589889526367,40.38317108154297
648,6,1,False,8.386294967408134,55.04548903852644,14.438220024108887,49.810081481933594
648,11,1,False,0.6897148099826357,54.36729746940426,2.184147834777832,49.852264404296875
648,14,2,False,6.415945384987097,55.378358665171916,3.0233840942382812,49.941490173339844
648,34,2,False,9.101711382390677,46.80046431517281,16.648237228393555,53.89070129394531
648,3,2,False,10.524966779242002,65.22623842192289,7.989789009094238,42.63266372680664
648,13,2,False,0.0,0.0,,
648,19,1,False,1.5738321599276608,25.898980665341437,17.937101364135742,45.55944061279297
648,142,1,False,5.557519685903138,33.54168328389975,5.987026691436768,21.135080337524414
648,12,1,False,13.060841866560677,58.27102349038172,5.985213279724121,41.71048355102539
648,5,1,False,7.80044555578283,63.23666384931334,13.700538635253906,43.31839370727539
648,120,2,False,7.835159525859679,17.229641928961787,8.995049476623535,20.86910057067871
648,7,2,False,2.740125281322391,44.967693590827,17.231082916259766,40.45952606201172
648,156,2,False,0.0,0.0,,
648,8,2,False,1.8072929418451242,48.442515707839895,10.79385757446289,32.5391845703125
648,132,1,False,2.6051330158172505,38.351275327245325,1.8740839958190918,33.06455612182617
648,22,1,False,0.0,0.0,,
648,15,1,False,9.187344751378273,59.483391481733726,10.079965591430664,37.81609344482422
648,227,1,False,0.0,0.0,,
648,236,2,False,0.0,0.0,,
648,213,2,False,0.0,0.0,,
649,1,2,True,5.604402973235095,55.00237082169639,18.436176300048828,40.07091522216797
649,6,1,False,8.386294967408134,55.04548903852644,14.281052589416504,49.55575180053711
649,11,1,False,0.6897148099826357,54.36729746940426,2.113558053970337,49.63203811645508
649,14,2,False,6.415945384987097,55.378358665171916,2.8768491744995117,49.70615005493164
649,34,2,False,9.101711382390677,46.80046431517281,16.51667022705078,53.80350112915039
649,3,2,False,10.524966779242002,65.22623842192289,8.020060539245605,42.372745513916016
649,13,2,False,0.0,0.0,,
649,19,1,False,1.5738321599276608,25.898980665341437,17.89189338684082,45.29142761230469
649,142,1,False,5.557519685903138,33.54168328389975,5.785891056060791,20.65766143798828
649,12,1,False,13.060841866560677,58.27102349038172,6.027478218078613,41.542354583740234
649,5,1,False,7.80044555578283,63.23666384931334,13.729774475097656,43.05434799194336
649,120,2,False,7.835159525859679,17.229641928961787,8.873025894165039,20.23930549621582
649,7,2,False,2.740125281322391,44.967693590827,17.22243881225586,40.058040618896484
649,156,2,False,0.0,0.0,,
649,8,2,False,1.8072929418451242,48.442515707839895,10.670766830444336,32.045814514160156
649,132,1,False,2.6051330158172505,38.351275327245325,1.783612608909607,32.718414306640625
649,22,1,False,0.0,0.0,,
649,15,1,False,9.187344751378273,59.483391481733726,10.015761375427246,37.60475540161133
649,227,1,False,0.0,0.0,,
649,236,2,False,0.0,0.0,,
649,213,2,False,0.0,0.0,,
650,1,2,False,0.4214878285012871,55.026762478438364,18.415958404541016,40.171016693115234
650,6,1,False,4.838009637142512,55.3254664480833,14.123709678649902,49.60374069213867
650,11,1,False,5.811933521200367,54.703636214844096,2.1315436363220215,49.563716888427734
650,14,2,False,7.081282191503875,55.788155088291354,2.8204431533813477,49.910282135009766
650,34,2,False,5.851614183400999,47.13909939523074,16.443588256835938,53.85871505737305
650,3,2,False,7.7725095119388445,65.67603642608601,8.109468460083008,42.389244079589844
650,13,2,False,0.0,0.0,,
650,19,1,True,3.117634095847532,26.07939930514743,17.93246078491211,45.208778381347656
650,142,1,False,3.092272905191018,33.720634262209416,5.757061958312988,20.652828216552734
650,12,1,False,13.685879274289452,59.06303039282903,6.155353546142578,41.75171661376953
650,5,1,False,14.788392872615272,64.09247362203413,13.784605979919434,43.157798767089844
650,120,2,False,6.412705565580228,17.60074757511805,8.852611541748047,20.078113555908203
650,7,2,False,7.1153582435672,45.3794620077001,17.270288467407227,40.06671905517578
650,156,2,False,0.0,0.0,,
650,8,2,False,2.33126214080692,48.57742671135881,10.660327911376953,32.16563034057617
650,132,1,False,3.9388310997350557,38.57921694181333,1.8330941200256348,32.727210998535156
650,22,1,False,0.0,0.0,,
650,15,1,False,3.842662866549716,59.705767805029424,10.03090763092041,37.71310806274414
650,227,1,False,0.0,0.0,,
650,236,2,False,0.0,0.0,,
650,213,2,False,0.0,0.0,,
651,1,2,False,0.4214878285012871,55.026762478438364,18.278125762939453,40.343544006347656
651,6,1,False,4.838009637142512,55.3254664480833,13.907671928405762,49.86522674560547
651,11,1,False,5.811933521200367,54.703636214844096,1.994742512702942,49.674560546875
651,14,2,False,7.081282191503875,55.788155088291354,2.628077268600464,50.29267883300781
651,34,2,False,5.851614183400999,47.13909939523074,16.229148864746094,54.086883544921875
651,3,2,False,7.7725095119388445,65.67603642608601,8.089258193969727,42.65265655517578
651,13,2,False,0.0,0.0,,
651,19,1,True,3.117634095847532,26.07939930514743,17.831621170043945,45.45193862915039
651,142,1,False,3.092272905191018,33.720634262209416,5.6308770179748535,20.92513656616211
651,12,1,False,13.685879274289452,59.06303039282903,6.157995700836182,42.20448684692383
651,5,1,False,14.788392872615272,64.09247362203413,13.730003356933594,43.51054763793945
651,120,2,False,6.412705565580228,17.60074757511805,8.676753044128418,20.506603240966797
651,7,2,False,7.1153582435672,45.3794620077001,17.159671783447266,40.24346923828125
651,156,2,False,0.0,0.0,,
651,8,2,False,2.33126214080692,48.57742671135881,10.549346923828125,32.49819564819336
651,132,1,False,3.9388310997350557,38.57921694181333,1.7650649547576904,33.16059112548828
651,22,1,False,0.0,0.0,,
651,15,1,False,3.842662866549716,59.705767805029424,9.930017471313477,38.00071716308594
651,227,1,False,0.0,0.0,,
651,236,2,False,0.0,0.0,,
651,213,2,False,0.0,0.0,,
652,1,2,False,0.4214878285012871,55.026762478438364,18.436176300048828,40.07091522216797
652,6,1,False,4.838009637142512,55.3254664480833,13.987419128417969,49.655517578125
652,11,1,False,5.811933521200367,54.703636214844096,2.049767017364502,49.40409469604492
652,14,2,False,7.081282191503875,55.788155088291354,2.666978359222412,50.09437561035156
652,34,2,False,5.851614183400999,47.13909939523074,16.2338924407959,53.887489318847656
652,3,2,False,7.7725095119388445,65.67603642608601,8.288323402404785,42.422245025634766
652,13,2,False,0.0,0.0,,
652,19,1,True,3.117634095847532,26.07939930514743,17.981340408325195,45.30801010131836
652,142,1,False,3.092272905191018,33.720634262209416,5.731827259063721,20.49429702758789
652,12,1,False,13.685879274289452,59.06303039282903,6.364704132080078,42.15916061401367
652,5,1,False,14.788392872615272,64.09247362203413,13.912455558776855,43.55242919921875
652,120,2,False,6.412705565580228,17.60074757511805,8.735392570495605,20.05856704711914
652,7,2,False,7.1153582435672,45.3794620077001,17.3128662109375,39.97104263305664
652,156,2,False,0.0,0.0,,
652,8,2,False,2.33126214080692,48.57742671135881,10.711828231811523,32.17469787597656
652,132,1,False,3.9388310997350557,38.57921694181333,1.9096531867980957,32.855201721191406
652,22,1,False,0.0,0.0,,
652,15,1,False,3.842662866549716,59.705767805029424,10.087788581848145,37.61775207519531
652,227,1,False,0.0,0.0,,
652,236,2,False,0.0,0.0,,
652,213,2,False,0.0,0.0,,
653,1,2,False,0.4214878285012871,55.026762478438364,18.436176300048828,40.07091522216797
653,6,1,False,4.838009637142512,55.3254664480833,13.987419128417969,49.655517578125
653,11,1,False,5.811933521200367,54.703636214844096,2.0480737686157227,49.3315315246582
653,14,2,False,7.081282191503875,55.788155088291354,2.6280059814453125,50.0869140625
653,34,2,False,5.851614183400999,47.13909939523074,16.17527961730957,53.87621307373047
653,3,2,False,7.7725095119388445,65.67603642608601,8.361542701721191,42.34351348876953
653,13,2,False,0.0,0.0,,
653,19,1,True,3.117634095847532,26.07939930514743,18.02606964111328,45.31630325317383
653,142,1,False,3.092272905191018,33.720634262209416,5.731827259063721,20.49429702758789
653,12,1,False,13.685879274289452,59.06303039282903,6.450077533721924,42.26655578613281
653,5,1,False,14.788392872615272,64.09247362203413,14.056746482849121,43.6712532043457
653,120,2,False,6.412705565580228,17.60074757511805,8.706090927124023,20.053680419921875
653,7,2,False,7.1153582435672,45.3794620077001,17.331567764282227,39.87075424194336
653,156,2,False,0.0,0.0,,
653,8,2,False,2.33126214080692,48.57742671135881,10.67563247680664,32.28962326049805
653,132,1,False,3.9388310997350557,38.57921694181333,1.9343633651733398,32.859596252441406
653,22,1,False,0.0,0.0,,
653,15,1,False,3.842662866549716,59.705767805029424,10.111799240112305,37.62208557128906
653,227,1,False,0.0,0.0,,
653,236,2,False,0.0,0.0,,
653,213,2,False,0.0,0.0,,
654,1,2,False,0.4214878285012871,55.026762478438364,18.436176300048828,40.07091522216797
654,6,1,False,4.838009637142512,55.3254664480833,13.97519588470459,49.73060607910156
654,11,1,False,5.811933521200367,54.703636214844096,2.0480737686157227,49.3315315246582
654,14,2,False,7.081282191503875,55.788155088291354,2.590109348297119,50.15048599243164
654,34,2,False,5.851614183400999,47.13909939523074,16.150161743164062,53.80228042602539
654,3,2,False,7.7725095119388445,65.67603642608601,8.4511137008667,42.36003494262695
654,13,2,False,0.0,0.0,,
654,19,1,True,3.117634095847532,26.07939930514743,18.052440643310547,45.4111442565918
654,142,1,False,3.092272905191018,33.720634262209416,5.670583248138428,20.63833236694336
654,12,1,False,13.685879274289452,59.06303039282903,6.561279296875,42.28709030151367
654,5,1,False,14.788392872615272,64.09247362203413,14.155738830566406,43.781497955322266
654,120,2,False,6.412705565580228,17.60074757511805,8.638991355895996,20.20024871826172
654,7,2,False,7.1153582435672,45.3794620077001,17.374345779418945,39.7745475769043
654,156,2,False,0.0,0.0,,
654,8,2,False,2.33126214080692,48.57742671135881,10.70134449005127,32.29415512084961
654,132,1,False,3.9388310997350557,38.57921694181333,1.9613275527954102,32.97845458984375
654,22,1,False,0.0,0.0,,
654,15,1,False,3.842662866549716,59.705767805029424,10.135810852050781,37.62641906738281
654,227,1,False,0.0,0.0,,
654,236,2,False,0.0,0.0,,
654,213,2,False,0.0,0.0,,
655,1,2,False,3.514947996345794,55.23017382081949,18.391958236694336,40.166664123535156
655,6,1,False,7.411123327236587,55.75435089989097,13.921807289123535,49.797706604003906
655,11,1,False,5.1162613122421705,54.99971615189515,2.007002830505371,49.251285552978516
655,14,2,False,12.378460625753162,56.50450118931874,2.473343849182129,50.12812423706055
655,34,2,False,10.529730968639234,47.748458826286246,16.111047744750977,53.79475784301758
655,3,2,False,8.068403152319007,66.14295790480818,8.547078132629395,42.28524398803711
655,13,2,False,0.0,0.0,,
655,19,1,True,2.358747384564742,26.215900889902333,18.07080078125,45.32459259033203
655,142,1,False,6.194751017241125,34.07912679792939,5.6383209228515625,20.78670883178711
655,12,1,False,5.596507856075766,59.38690237524082,6.624105930328369,42.39011001586914
655,5,1,False,11.929259495745402,64.78282428729717,14.232038497924805,43.8873291015625
655,120,2,False,9.496949980005315,18.15033958784984,8.601320266723633,20.351192474365234
655,7,2,False,0.8450423060788581,45.428364918931514,17.3931827545166,39.6737174987793
655,156,2,False,0.0,0.0,,
655,8,2,False,6.495031076353678,48.95329656531446,10.70134449005127,32.29415512084961
655,132,1,False,2.1521436326718204,38.70376229092628,2.0084996223449707,32.872779846191406
655,22,1,False,0.0,0.0,,
655,15,1,False,1.824180982938024,59.811333834134636,10.144829750061035,37.52212905883789
655,227,1,False,0.0,0.0,,
655,236,2,False,0.0,0.0,,
655,213,2,False,0.0,0.0,,
656,1,2,False,3.514947996345794,55.23017382081949,18.34786033630371,40.26215362548828
656,6,1,False,7.411123327236587,55.75435089989097,13.835959434509277,49.935325622558594
656,11,1,False,5.1162613122421705,54.99971615189515,2.007002830505371,49.251285552978516
656,14,2,False,12.378460625753162,56.50450118931874,2.3968000411987305,50.18412399291992
656,34,2,False,10.529730968639234,47.748458826286246,16.024723052978516,53.91618728637695
656,3,2,False,8.068403152319007,66.14295790480818,8.636789321899414,42.30178451538086
656,13,2,False,0.0,0.0,,
656,19,1,True,2.358747384564742,26.215900889902333,18.093168258666992,45.328739166259766
656,142,1,False,6.194751017241125,34.07912679792939,5.609546184539795,20.78188133239746
656,12,1,False,5.596507856075766,59.38690237524082,6.6947479248046875,42.31174087524414
656,5,1,False,11.929259495745402,64.78282428729717,14.330586433410645,43.99705505371094
656,120,2,False,9.496949980005315,18.15033958784984,8.52200698852539,20.180727005004883
656,7,2,False,0.8450423060788581,45.428364918931514,17.3931827545166,39.6737174987793
656,156,2,False,0.0,0.0,,
656,8,2,False,6.495031076353678,48.95329656531446,10.70134449005127,32.29415512084961
656,132,1,False,2.1521436326718204,38.70376229092628,2.0332136154174805,32.877174377441406
656,22,1,False,0.0,0.0,,
656,15,1,False,1.824180982938024,59.811333834134636,10.153873443603516,37.41755294799805
656,227,1,False,0.0,0.0,,
656,236,2,False,0.0,0.0,,
656,213,2,False,0.0,0.0,,
657,1,2,False,3.514947996345794,55.23017382081949,18.34786033630371,40.26215362548828
657,6,1,False,7.411123327236587,55.75435089989097,13.774323463439941,49.92363739013672
657,11,1,False,5.1162613122421705,54.99971615189515,1.9890801906585693,49.32026672363281
657,14,2,False,12.378460625753162,56.50450118931874,2.301025152206421,50.236270904541016
657,34,2,False,10.529730968639234,47.748458826286246,15.971962928771973,53.974822998046875
657,3,2,False,8.068403152319007,66.14295790480818,8.704080581665039,42.31418991088867
657,13,2,False,0.0,0.0,,
657,19,1,True,2.358747384564742,26.215900889902333,18.134000778198242,45.24612808227539
657,142,1,False,6.194751017241125,34.07912679792939,5.580772876739502,20.777053833007812
657,12,1,False,5.596507856075766,59.38690237524082,6.739243507385254,42.3199577331543
657,5,1,False,11.929259495745402,64.78282428729717,14.465192794799805,44.021942138671875
657,120,2,False,9.496949980005315,18.15033958784984,8.492764472961426,20.175846099853516
657,7,2,False,0.8450423060788581,45.428364918931514,17.41724395751953,39.67807388305664
657,156,2,False,0.0,0.0,,
657,8,2,False,6.495031076353678,48.95329656531446,10.711828231811523,32.17469787597656
657,132,1,False,2.1521436326718204,38.70376229092628,2.0826447010040283,32.88596725463867
657,22,1,False,0.0,0.0,,
657,15,1,False,1.824180982938024,59.811333834134636,10.177952766418457,37.42189407348633
657,227,1,False,0.0,0.0,,
657,236,2,False,0.0,0.0,,
657,213,2,False,0.0,0.0,,
658,1,2,False,3.514947996345794,55.23017382081949,18.1525936126709,40.5400505065918
658,6,1,False,7.411123327236587,55.75435089989097,13.552604675292969,50.038143157958984
658,11,1,False,5.1162613122421705,54.99971615189515,1.926897644996643,49.6711311340332
658,14,2,False,12.378460625753162,56.50450118931874,2.157615900039673,50.42243576049805
658,34,2,False,10.529730968639234,47.748458826286246,15.749250411987305,54.208587646484375
658,3,2,False,8.068403152319007,66.14295790480818,8.676490783691406,42.497982025146484
658,13,2,False,0.0,0.0,,
658,19,1,True,2.358747384564742,26.215900889902333,17.970491409301758,45.39995193481445
658,142,1,False,6.194751017241125,34.07912679792939,5.386816024780273,20.90459442138672
658,12,1,False,5.596507856075766,59.38690237524082,6.676530838012695,42.40386962890625
658,5,1,False,11.929259495745402,64.78282428729717,14.43124771118164,44.29288864135742
658,120,2,False,9.496949980005315,18.15033958784984,8.282715797424316,20.461633682250977
658,7,2,False,0.8450423060788581,45.428364918931514,17.243593215942383,39.85944747924805
658,156,2,False,0.0,0.0,,
658,8,2,False,6.495031076353678,48.95329656531446,10.545838356018066,32.39308166503906
658,132,1,False,2.1521436326718204,38.70376229092628,1.9188401699066162,32.86193084716797
658,22,1,False,0.0,0.0,,
658,15,1,False,1.824180982938024,59.811333834134636,10.033056259155273,37.50669860839844
658,227,1,False,0.0,0.0,,
658,236,2,False,0.0,0.0,,
658,213,2,False,0.0,0.0,,
659,1,2,False,3.514947996345794,55.23017382081949,18.35175132751465,40.36606216430664
659,6,1,False,7.411123327236587,55.75435089989097,13.639298439025879,49.97469711303711
659,11,1,False,5.1162613122421705,54.99971615189515,2.0744011402130127,49.62455368041992
659,14,2,False,12.378460625753162,56.50450118931874,2.0410985946655273,50.67546844482422
659,34,2,False,10.529730968639234,47.748458826286246,15.814398765563965,54.149925231933594
659,3,2,False,8.068403152319007,66.14295790480818,8.876747131347656,42.438541412353516
659,13,2,False,0.0,0.0,,
659,19,1,True,2.358747384564742,26.215900889902333,18.178794860839844,45.25442886352539
659,142,1,False,6.194751017241125,34.07912679792939,5.529737949371338,20.460447311401367
659,12,1,False,5.596507856075766,59.38690237524082,6.858903408050537,42.158485412597656
659,5,1,False,11.929259495745402,64.78282428729717,14.712043762207031,44.06758117675781
659,120,2,False,9.496949980005315,18.15033958784984,8.421287536621094,19.847930908203125
659,7,2,False,0.8450423060788581,45.428364918931514,17.441303253173828,39.682430267333984
659,156,2,False,0.0,0.0,,
659,8,2,False,6.495031076353678,48.95329656531446,10.696554183959961,32.050350189208984
659,132,1,False,2.1521436326718204,38.70376229092628,2.055809259414673,32.76679611206055
659,22,1,False,0.0,0.0,,
659,15,1,False,1.824180982938024,59.811333834134636,10.187053680419922,37.31703567504883
659,227,1,False,0.0,0.0,,
659,236,2,False,0.0,0.0,,
659,213,2,False,0.0,0.0,,
660,1,2,False,4.289461475726514,55.478406545109216,18.35175132751465,40.36606216430664
660,6,1,False,9.903050983255742,56.32744412808864,13.566082000732422,50.03729248046875
660,11,1,False,4.8345870178187615,55.27949549320411,2.1691949367523193,49.49898910522461
660,14,2,False,1.4022340096514163,56.58564899080319,2.0025951862335205,50.66807556152344
660,34,2,False,7.936964720095388,48.20777391425473,15.729323387145996,54.269737243652344
660,3,2,False,7.602287094352807,66.58290507462027,8.937095642089844,42.54195785522461
660,13,2,False,0.0,0.0,,
660,19,1,True,9.271102935352582,26.752423050513016,18.205015182495117,45.3494758605957
660,142,1,False,5.5615016503564645,34.40097295825095,5.50087308883667,20.455612182617188
660,12,1,False,9.128313080123668,59.91516123404428,6.9215407371521,42.26194763183594
660,5,1,False,14.523938727576507,65.62333000069859,14.854778289794922,44.18528747558594
660,120,2,False,6.165060763200206,18.507113937572072,8.391952514648438,19.843042373657227
660,7,2,False,3.4442046489099405,45.62768231759529,17.441303253173828,39.682430267333984
660,156,2,False,0.0,0.0,,
660,8,2,False,4.181574539490879,49.19528583264611,10.655410766601562,31.92110252380371
660,132,1,False,4.401139663298116,38.958457873293064,2.0805602073669434,32.77119827270508
660,22,1,False,0.0,0.0,,
660,15,1,False,2.1209156803097993,59.93407201007849,10.177952766418457,37.42189407348633
660,227,1,False,0.0,0.0,,
660,236,2,False,0.0,0.0,,
660,213,2,False,0.0,0.0,,
661,1,2,False,4.289461475726514,55.478406545109216,18.35175132751465,40.36606216430664
661,6,1,False,9.903050983255742,56.32744412808864,13.472579002380371,50.09585189819336
661,11,1,False,4.8345870178187615,55.27949549320411,2.247699499130249,49.51398849487305
661,14,2,False,1.4022340096514163,56.58564899080319,2.004302978515625,50.737640380859375
661,34,2,False,7.936964720095388,48.20777391425473,15.65183162689209,54.254798889160156
661,3,2,False,7.602287094352807,66.58290507462027,9.012693405151367,42.73978805541992
661,13,2,False,0.0,0.0,,
661,19,1,True,9.271102935352582,26.752423050513016,18.190311431884766,45.52644729614258
661,142,1,False,5.5615016503564645,34.40097295825095,5.443147659301758,20.44594383239746
661,12,1,False,9.128313080123668,59.91516123404428,6.966109275817871,42.27017593383789
661,5,1,False,14.523938727576507,65.62333000069859,14.997185707092285,44.30272674560547
661,120,2,False,6.165060763200206,18.507113937572072,8.341300010681152,19.675825119018555
661,7,2,False,3.4442046489099405,45.62768231759529,17.441303253173828,39.682430267333984
661,156,2,False,0.0,0.0,,
661,8,2,False,4.181574539490879,49.19528583264611,10.665872573852539,31.800575256347656
661,132,1,False,4.401139663298116,38.958457873293064,2.1073615550994873,32.89036178588867
661,22,1,False,0.0,0.0,,
661,15,1,False,2.1209156803097993,59.93407201007849,10.177952766418457,37.42189407348633
661,227,1,False,0.0,0.0,,
661,236,2,False,0.0,0.0,,
661,213,2,False,0.0,0.0,,
662,1,2,False,4.289461475726514,55.478406545109216,18.34786033630371,40.26215362548828
662,6,1,False,9.903050983255742,56.32744412808864,13.38831901550293,50.23192596435547
662,11,1,False,4.8345870178187615,55.27949549320411,2.326214075088501,49.528987884521484
662,14,2,False,1.4022340096514163,56.58564899080319,2.004302978515625,50.737640380859375
662,34,2,False,7.936964720095388,48.20777391425473,15.5805025100708,54.308921813964844
662,3,2,False,7.602287094352807,66.58290507462027,9.079683303833008,42.75215530395508
662,13,2,False,0.0,0.0,,
662,19,1,True,9.271102935352582,26.752423050513016,18.234941482543945,45.53472900390625
662,142,1,False,5.5615016503564645,34.40097295825095,5.414287090301514,20.44110870361328
662,12,1,False,9.128313080123668,59.91516123404428,7.0508012771606445,42.37749099731445
662,5,1,False,14.523938727576507,65.62333000069859,15.139266967773438,44.41989517211914
662,120,2,False,6.165060763200206,18.507113937572072,8.282539367675781,19.66604232788086
662,7,2,False,3.4442046489099405,45.62768231759529,17.41724395751953,39.67807388305664
662,156,2,False,0.0,0.0,,
662,8,2,False,4.181574539490879,49.19528583264611,10.665872573852539,31.800575256347656
662,132,1,False,4.401139663298116,38.958457873293064,2.1320793628692627,32.89475631713867
662,22,1,False,0.0,0.0,,
662,15,1,False,2.1209156803097993,59.93407201007849,10.211167335510254,37.321380615234375
662,227,1,False,0.0,0.0,,
662,236,2,False,0.0,0.0,,
662,213,2,False,0.0,0.0,,
663,1,2,False,4.289461475726514,55.478406545109216,18.299928665161133,40.25345993041992
663,6,1,False,9.903050983255742,56.32744412808864,13.327080726623535,50.22029495239258
663,11,1,False,4.8345870178187615,55.27949549320411,2.385106325149536,49.54023742675781
663,14,2,False,1.4022340096514163,56.58564899080319,2.004302978515625,50.737640380859375
663,34,2,False,7.936964720095388,48.20777391425473,15.509336471557617,54.362918853759766
663,3,2,False,7.602287094352807,66.58290507462027,9.139566421508789,42.85481643676758
663,13,2,False,0.0,0.0,,
663,19,1,True,9.271102935352582,26.752423050513016,18.220199584960938,45.71080017089844
663,142,1,False,5.5615016503564645,34.40097295825095,5.3277130126953125,20.42660903930664
663,12,1,False,9.128313080123668,59.91516123404428,7.113056182861328,42.480438232421875
663,5,1,False,14.523938727576507,65.62333000069859,15.25866985321045,44.53265380859375
663,120,2,False,6.165060763200206,18.507113937572072,8.186640739440918,19.80883026123047
663,7,2,False,3.4442046489099405,45.62768231759529,17.369123458862305,39.66936111450195
663,156,2,False,0.0,0.0,,
663,8,2,False,4.181574539490879,49.19528583264611,10.640010833740234,31.796030044555664
663,132,1,False,4.401139663298116,38.958457873293064,2.1587719917297363,33.013587951660156
663,22,1,False,0.0,0.0,,
663,15,1,False,2.1209156803097993,59.93407201007849,10.211167335510254,37.321380615234375
663,227,1,False,0.0,0.0,,
663,236,2,False,0.0,0.0,,
663,213,2,False,0.0,0.0,,
664,1,2,False,4.289461475726514,55.478406545109216,18.252002716064453,40.24476623535156
664,6,1,False,9.903050983255742,56.32744412808864,13.213824272155762,50.27454376220703
664,11,1,False,4.8345870178187615,55.27949549320411,2.404738187789917,49.54399108886719
664,14,2,False,1.4022340096514163,56.58564899080319,2.0235331058502197,50.7413330078125
664,34,2,False,7.936964720095388,48.20777391425473,15.425331115722656,54.48170852661133
664,3,2,False,7.602287094352807,66.58290507462027,9.184178352355957,42.86305618286133
664,13,2,False,0.0,0.0,,
664,19,1,True,9.271102935352582,26.752423050513016,18.22397232055664,45.80057144165039
664,142,1,False,5.5615016503564645,34.40097295825095,5.241150379180908,20.412109375
664,12,1,False,9.128313080123668,59.91516123404428,7.175159931182861,42.58313751220703
664,5,1,False,14.523938727576507,65.62333000069859,15.35546875,44.64101791381836
664,120,2,False,6.165060763200206,18.507113937572072,8.127992630004883,19.79905891418457
664,7,2,False,3.4442046489099405,45.62768231759529,17.321008682250977,39.66065216064453
664,156,2,False,0.0,0.0,,
664,8,2,False,4.181574539490879,49.19528583264611,10.629587173461914,31.916561126708984
664,132,1,False,4.401139663298116,38.958457873293064,2.1587719917297363,33.013587951660156
664,22,1,False,0.0,0.0,,
664,15,1,False,2.1209156803097993,59.93407201007849,10.235280990600586,37.32572555541992
664,227,1,False,0.0,0.0,,
664,236,2,False,0.0,0.0,,
664,213,2,False,0.0,0.0,,
665,1,2,False,3.103561756514025,55.658010813426,18.24797248840332,40.14056396484375
665,6,1,False,6.25179940197734,56.68923807496233,13.13048267364502,50.40970230102539
665,11,1,False,0.0,0.0,2.4440040588378906,49.551490783691406
665,14,2,False,9.136359627120376,57.11437350626155,2.058703660964966,50.60945129394531
665,34,2,False,2.8548520074109365,48.3729852572762,15.354580879211426,54.53532791137695
665,3,2,False,9.21839279763898,67.1163768800392,9.228793144226074,42.871299743652344
665,13,2,False,0.0,0.0,,
665,19,1,True,8.827240935778454,27.26325875281501,18.20553207397461,45.8859977722168
665,142,1,False,1.907756218212431,34.511375517175274,5.183448791503906,20.40244483947754
665,12,1,False,9.48073892886503,60.46381510724248,7.237112522125244,42.68558883666992
665,5,1,False,12.551723763493763,66.34970290367855,15.474342346191406,44.753257751464844
665,120,2,False,4.3341672444373165,18.757933801254786,8.040030479431152,19.784400939941406
665,7,2,False,5.040175660614671,45.91935914980679,17.2916202545166,39.55081558227539
665,156,2,False,0.0,0.0,,
665,8,2,False,5.817335652901617,49.53193720144829,10.583086013793945,32.15203094482422
665,132,1,False,6.517202274071661,39.33561078267221,2.1587719917297363,33.013587951660156
665,22,1,False,0.0,0.0,,
665,15,1,False,9.096146517611357,60.460469377995814,10.25939655303955,37.33007049560547
665,227,1,False,0.0,0.0,,
665,236,2,False,0.0,0.0,,
665,213,2,False,0.0,0.0,,
666,1,2,False,3.103561756514025,55.658010813426,18.22397804260254,40.13621520996094
666,6,1,False,6.25179940197734,56.68923807496233,13.069479942321777,50.398101806640625
666,11,1,False,0.0,0.0,2.4624123573303223,49.482906341552734
666,14,2,False,9.136359627120376,57.11437350626155,2.1133501529693604,50.48068618774414
666,34,2,False,2.8548520074109365,48.3729852572762,15.316065788269043,54.52789306640625
666,3,2,False,9.21839279763898,67.1163768800392,9.27341079711914,42.87954330444336
666,13,2,False,0.0,0.0,,
666,19,1,False,8.827240935778454,27.26325875281501,18.190935134887695,46.06031799316406
666,142,1,False,1.907756218212431,34.511375517175274,5.1257524490356445,20.392780303955078
666,12,1,False,9.48073892886503,60.46381510724248,7.276759624481201,42.78369140625
666,5,1,True,12.551723763493763,66.34970290367855,15.563562393188477,44.76979446411133
666,120,2,False,4.3341672444373165,18.757933801254786,7.9594550132751465,19.612247467041016
666,7,2,False,5.040175660614671,45.91935914980679,17.286272048950195,39.44505310058594
666,156,2,False,0.0,0.0,,
666,8,2,False,5.817335652901617,49.53193720144829,10.562527656555176,32.3906364440918
666,132,1,False,6.517202274071661,39.33561078267221,2.1834568977355957,33.01797866821289
666,22,1,False,0.0,0.0,,
666,15,1,False,9.096146517611357,60.460469377995814,10.274277687072754,37.43925857543945
666,227,1,False,0.0,0.0,,
666,236,2,False,0.0,0.0,,
666,213,2,False,0.0,0.0,,
667,1,2,False,3.103561756514025,55.658010813426,18.243932723999023,40.03607940673828
667,6,1,False,6.25179940197734,56.68923807496233,12.986677169799805,50.53264236450195
667,11,1,False,0.0,0.0,2.4993553161621094,49.34526443481445
667,14,2,False,9.136359627120376,57.11437350626155,2.1504368782043457,50.417938232421875
667,34,2,False,2.8548520074109365,48.3729852572762,15.27755355834961,54.52045822143555
667,3,2,False,9.21839279763898,67.1163768800392,9.318032264709473,42.88778305053711
667,13,2,False,0.0,0.0,,
667,19,1,False,8.827240935778454,27.26325875281501,18.213085174560547,46.06443786621094
667,142,1,False,1.907756218212431,34.511375517175274,5.096906661987305,20.387948989868164
667,12,1,False,9.48073892886503,60.46381510724248,7.316309452056885,42.881553649902344
667,5,1,True,12.551723763493763,66.34970290367855,15.659782409667969,44.87763214111328
667,120,2,False,4.3341672444373165,18.757933801254786,7.930091857910156,19.607357025146484
667,7,2,False,5.040175660614671,45.91935914980679,17.26215362548828,39.44068908691406
667,156,2,False,0.0,0.0,,
667,8,2,False,5.817335652901617,49.53193720144829,10.5881986618042,32.39516067504883
667,132,1,False,6.517202274071661,39.33561078267221,2.210041046142578,33.136470794677734
667,22,1,False,0.0,0.0,,
667,15,1,False,9.096146517611357,60.460469377995814,10.298360824584961,37.443603515625
667,227,1,False,0.0,0.0,,
667,236,2,False,0.0,0.0,,
667,213,2,False,0.0,0.0,,
668,1,2,False,3.103561756514025,55.658010813426,18.243932723999023,40.03607940673828
668,6,1,False,6.25179940197734,56.68923807496233,12.894775390625,50.59003829956055
668,11,1,False,0.0,0.0,2.5029072761535645,49.562744140625
668,14,2,False,9.136359627120376,57.11437350626155,2.1860923767089844,50.28458023071289
668,34,2,False,2.8548520074109365,48.3729852572762,15.239043235778809,54.513023376464844
668,3,2,False,9.21839279763898,67.1163768800392,9.35527515411377,42.98604965209961
668,13,2,False,0.0,0.0,,
668,19,1,False,8.827240935778454,27.26325875281501,18.238971710205078,46.157440185546875
668,142,1,False,1.907756218212431,34.511375517175274,5.070567607879639,20.22880744934082
668,12,1,False,9.48073892886503,60.46381510724248,7.382699012756348,42.893836975097656
668,5,1,True,12.551723763493763,66.34970290367855,15.771202087402344,44.89828872680664
668,120,2,False,4.3341672444373165,18.757933801254786,7.908029556274414,19.44443130493164
668,7,2,False,5.040175660614671,45.91935914980679,17.28091049194336,39.33900451660156
668,156,2,False,0.0,0.0,,
668,8,2,False,5.817335652901617,49.53193720144829,10.59850025177002,32.27603530883789
668,132,1,False,6.517202274071661,39.33561078267221,2.2593460083007812,33.14524841308594
668,22,1,False,0.0,0.0,,
668,15,1,False,9.096146517611357,60.460469377995814,10.322444915771484,37.44794464111328
668,227,1,False,0.0,0.0,,
668,236,2,False,0.0,0.0,,
668,213,2,False,0.0,0.0,,
669,1,2,False,3.103561756514025,55.658010813426,18.39086151123047,39.6765251159668
669,6,1,False,6.25179940197734,56.68923807496233,12.955253601074219,50.32375717163086
669,11,1,False,0.0,0.0,2.5589699745178223,49.378517150878906
669,14,2,False,9.136359627120376,57.11437350626155,2.3155157566070557,49.9775505065918
669,34,2,False,2.8548520074109365,48.3729852572762,15.305953025817871,54.276432037353516
669,3,2,False,9.21839279763898,67.1163768800392,9.547262191772461,42.59010314941406
669,13,2,False,0.0,0.0,,
669,19,1,False,8.827240935778454,27.26325875281501,18.459632873535156,45.782161712646484
669,142,1,False,1.907756218212431,34.511375517175274,5.170063018798828,19.51155662536621
669,12,1,False,9.48073892886503,60.46381510724248,7.534300327301025,42.585819244384766
669,5,1,True,12.551723763493763,66.34970290367855,16.00135040283203,44.515987396240234
669,120,2,False,4.3341672444373165,18.757933801254786,8.03184986114502,18.709566116333008
669,7,2,False,5.040175660614671,45.91935914980679,17.4428768157959,38.87070083618164
669,156,2,False,0.0,0.0,,
669,8,2,False,5.817335652901617,49.53193720144829,10.787650108337402,31.61332893371582
669,132,1,False,6.517202274071661,39.33561078267221,2.373347759246826,32.51286697387695
669,22,1,False,0.0,0.0,,
669,15,1,False,9.096146517611357,60.460469377995814,10.478231430053711,37.08061981201172
669,227,1,False,0.0,0.0,,
669,236,2,False,0.0,0.0,,
669,213,2,False,0.0,0.0,,
670,1,2,False,4.127153576922835,55.89685071949793,18.329925537109375,40.30038070678711
670,6,1,False,9.068001497921104,57.2140066801661,12.911829948425293,50.69794845581055
670,14,2,False,6.239964068029768,57.475482537976234,2.4876272678375244,50.30030059814453
670,34,2,False,11.922139770433532,49.06292390139851,15.277359008789062,54.68138122558594
670,3,2,False,8.07186252989786,67.5834985542231,9.669540405273438,43.17185592651367
670,13,2,False,0.0,0.0,,
670,19,1,False,7.935567332846363,27.72249297346584,18.469192504882812,46.32353210449219
670,142,1,False,3.676951293742075,34.72416205037794,5.259790420532227,20.322690963745117
670,12,1,False,7.253991039361106,60.883606255353655,7.631969451904297,43.06652069091797
670,5,1,True,15.720761945362218,67.25946921996109,16.118709564208984,45.088531494140625
670,120,2,False,4.264175646329662,19.0047032252322,8.06933879852295,19.53529930114746
670,7,2,False,0.6014832639851176,45.95416720906518,17.451419830322266,39.30680847167969
670,156,2,False,0.0,0.0,,
670,8,2,False,3.7308726500913636,49.747844183513756,10.902917861938477,32.257110595703125
670,132,1,False,4.180577537424453,39.57754235312502,2.519547939300537,33.12351989746094
670,22,1,False,0.0,0.0,,
670,15,1,False,3.476688976880405,60.66166665675047,10.578436851501465,37.7487678527832
670,227,1,False,0.0,0.0,,
670,236,2,False,0.0,0.0,,
670,213,2,False,0.0,0.0,,
671,1,2,False,4.127153576922835,55.89685071949793,18.251962661743164,40.47187042236328
671,6,1,False,9.068001497921104,57.2140066801661,12.807121276855469,50.737796783447266
671,14,2,False,6.239964068029768,57.475482537976234,2.4775161743164062,50.56480407714844
671,34,2,False,11.922139770433532,49.06292390139851,15.20805549621582,54.85477066040039
671,3,2,False,8.07186252989786,67.5834985542231,9.735468864440918,43.256996154785156
671,13,2,False,0.0,0.0,,
671,19,1,False,7.935567332846363,27.72249297346584,18.485130310058594,46.48440933227539
671,142,1,False,3.676951293742075,34.72416205037794,5.2385334968566895,20.288576126098633
671,12,1,False,7.253991039361106,60.883606255353655,7.672214984893799,43.23609924316406
671,5,1,True,15.720761945362218,67.25946921996109,16.228885650634766,45.270164489746094
671,120,2,False,4.264175646329662,19.0047032252322,8.011739730834961,19.653423309326172
671,7,2,False,0.6014832639851176,45.95416720906518,17.442073822021484,39.38963317871094
671,156,2,False,0.0,0.0,,
671,8,2,False,3.7308726500913636,49.747844183513756,10.911352157592773,32.234642028808594
671,132,1,False,4.180577537424453,39.57754235312502,2.549999952316284,33.10647201538086
671,22,1,False,0.0,0.0,,
671,15,1,False,3.476688976880405,60.66166665675047,10.576607704162598,37.83318328857422
671,227,1,False,0.0,0.0,,
671,236,2,False,0.0,0.0,,
671,213,2,False,0.0,0.0,,
671,11,1,False,0.0,0.0,2.7738759517669678,49.5571403503418
672,1,2,False,4.127153576922835,55.89685071949793,18.264305114746094,40.57197189331055
672,6,1,False,9.068001497921104,57.2140066801661,12.783085823059082,50.80411911010742
672,14,2,False,6.239964068029768,57.475482537976234,2.542570114135742,50.643768310546875
672,34,2,False,11.922139770433532,49.06292390139851,15.17020320892334,54.976993560791016
672,3,2,False,8.07186252989786,67.5834985542231,9.845964431762695,43.36393737792969
672,13,2,False,0.0,0.0,,
672,19,1,False,7.935567332846363,27.72249297346584,18.558984756469727,46.4941291809082
672,142,1,False,3.676951293742075,34.72416205037794,5.244847297668457,20.43715476989746
672,12,1,False,7.253991039361106,60.883606255353655,7.762231826782227,43.33827209472656
672,5,1,True,15.720761945362218,67.25946921996109,16.343711853027344,45.55406951904297
672,120,2,False,4.264175646329662,19.0047032252322,8.013737678527832,19.80507469177246
672,7,2,False,0.6014832639851176,45.95416720906518,17.4746150970459,39.390663146972656
672,156,2,False,0.0,0.0,,
672,8,2,False,3.7308726500913636,49.747844183513756,11.008055686950684,32.12443542480469
672,132,1,False,4.180577537424453,39.57754235312502,2.656398296356201,33.12015151977539
672,22,1,False,0.0,0.0,,
672,15,1,False,3.476688976880405,60.66166665675047,10.656488418579102,37.84273910522461
672,227,1,False,0.0,0.0,,
672,236,2,False,0.0,0.0,,
672,213,2,False,0.0,0.0,,
672,259,2,False,0.0,0.0,2.8753645420074463,51.12275314331055
672,11,1,False,0.0,0.0,2.857039451599121,49.42500686645508
673,1,2,False,4.127153576922835,55.89685071949793,18.265146255493164,40.61656188964844
673,6,1,False,9.068001497921104,57.2140066801661,12.695326805114746,50.8936882019043
673,14,2,False,6.239964068029768,57.475482537976234,2.5710904598236084,50.748924255371094
673,34,2,False,11.922139770433532,49.06292390139851,15.10908031463623,55.12577438354492
673,3,2,False,8.07186252989786,67.5834985542231,9.86552906036377,43.4972038269043
673,13,2,False,0.0,0.0,,
673,19,1,False,7.935567332846363,27.72249297346584,18.540912628173828,46.61589050292969
673,142,1,False,3.676951293742075,34.72416205037794,5.1947126388549805,20.649641036987305
673,12,1,False,7.253991039361106,60.883606255353655,7.790685653686523,43.38236999511719
673,5,1,True,15.720761945362218,67.25946921996109,16.42386245727539,45.783905029296875
673,120,2,False,4.264175646329662,19.0047032252322,7.963542938232422,19.865379333496094
673,7,2,False,0.6014832639851176,45.95416720906518,17.45178985595703,39.432151794433594
673,156,2,False,0.0,0.0,,
673,8,2,False,3.7308726500913636,49.747844183513756,11.024497985839844,32.05831527709961
673,132,1,False,4.180577537424453,39.57754235312502,2.6914215087890625,33.17578125
673,22,1,False,0.0,0.0,,
673,15,1,False,3.476688976880405,60.66166665675047,10.67151165008545,37.78569030761719
673,227,1,False,0.0,0.0,,
673,236,2,False,0.0,0.0,,
673,213,2,False,0.0,0.0,,
673,259,2,False,0.0,0.0,2.8641135692596436,51.15039825439453
673,11,1,False,0.0,0.0,2.9038631916046143,49.39287185668945
674,1,2,False,4.127153576922835,55.89685071949793,18.28596305847168,40.66038131713867
674,6,1,False,9.068001497921104,57.2140066801661,12.654264450073242,51.062347412109375
674,14,2,False,6.239964068029768,57.475482537976234,2.652435064315796,50.79169845581055
674,34,2,False,11.922139770433532,49.06292390139851,15.064061164855957,55.27404022216797
674,3,2,False,8.07186252989786,67.5834985542231,9.933317184448242,43.545066833496094
674,13,2,False,0.0,0.0,,
674,19,1,False,7.935567332846363,27.72249297346584,18.478830337524414,46.81201934814453
674,142,1,False,3.676951293742075,34.72416205037794,5.199385643005371,20.710540771484375
674,12,1,False,7.253991039361106,60.883606255353655,7.859012603759766,43.430023193359375
674,5,1,True,15.720761945362218,67.25946921996109,16.51605796813965,45.92335891723633
674,120,2,False,4.264175646329662,19.0047032252322,7.929912567138672,20.079313278198242
674,7,2,False,0.6014832639851176,45.95416720906518,17.44916343688965,39.4727783203125
674,156,2,False,0.0,0.0,,
674,8,2,False,3.7308726500913636,49.747844183513756,11.014382362365723,32.22595977783203
674,132,1,False,4.180577537424453,39.57754235312502,2.770831823348999,33.23442840576172
674,22,1,False,0.0,0.0,,
674,15,1,False,3.476688976880405,60.66166665675047,10.6724853515625,37.82719421386719
674,227,1,False,0.0,0.0,,
674,236,2,False,0.0,0.0,,
674,213,2,False,0.0,0.0,,
675,1,2,False,2.1975032548872178,56.024021046748345,18.32479476928711,40.53916549682617
675,6,1,False,11.815585332975681,57.89777897952812,12.577890396118164,51.102752685546875
675,14,2,False,9.499390958092084,58.02521581101397,2.718472719192505,50.57798767089844
675,34,2,False,3.6954042210017,49.27677831233611,14.989889144897461,55.30857849121094
675,3,2,False,11.153557662386318,68.22895906709267,9.97042465209961,43.52916717529297
675,13,2,False,0.0,0.0,,
675,19,1,False,3.9829488091571785,27.952987696217992,18.430435180664062,46.7811279296875
675,142,1,False,5.3876083974539135,35.035944943749115,5.161921501159668,20.511634826660156
675,12,1,False,9.436757936390853,61.42971493222812,7.873188018798828,43.41008758544922
675,5,1,True,17.06836623654606,68.24722189568713,16.63750648498535,45.83587646484375
675,120,2,False,13.586341896032138,19.79094986273406,7.9048261642456055,19.71923065185547
675,7,2,False,3.2548599870480586,46.142527162019356,17.43871307373047,39.33921432495117
675,156,2,False,0.0,0.0,,
675,8,2,False,1.8006495511154244,49.85204843994405,11.017321586608887,32.074005126953125
675,132,1,False,4.515934668218223,39.8388811649432,2.7591097354888916,33.08974075317383
675,22,1,False,0.0,0.0,,
675,15,1,False,0.5860635967555716,60.69558237415531,10.708479881286621,37.595245361328125
675,227,1,False,0.0,0.0,,
675,236,2,False,0.0,0.0,,
675,213,2,False,0.0,0.0,,
676,1,2,False,2.1975032548872178,56.024021046748345,18.21223258972168,40.44366455078125
676,6,1,False,11.815585332975681,57.89777897952812,12.378060340881348,51.157718658447266
676,14,2,False,9.499390958092084,58.02521581101397,2.7511868476867676,50.60304641723633
676,34,2,False,3.6954042210017,49.27677831233611,14.854440689086914,55.365169525146484
676,3,2,False,11.153557662386318,68.22895906709267,9.916796684265137,43.54349899291992
676,13,2,False,0.0,0.0,,
676,19,1,False,3.9829488091571785,27.952987696217992,18.32707977294922,46.698463439941406
676,142,1,False,5.3876083974539135,35.035944943749115,5.0103759765625,20.373455047607422
676,12,1,False,9.436757936390853,61.42971493222812,7.803977012634277,43.331844329833984
676,5,1,True,17.06836623654606,68.24722189568713,16.64808464050293,45.861515045166016
676,120,2,False,13.586341896032138,19.79094986273406,7.738617420196533,19.256481170654297
676,7,2,False,3.2548599870480586,46.142527162019356,17.372283935546875,39.25014877319336
676,156,2,False,0.0,0.0,,
676,8,2,False,1.8006495511154244,49.85204843994405,10.913704872131348,31.966529846191406
676,132,1,False,4.515934668218223,39.8388811649432,2.677358865737915,33.10586166381836
676,22,1,False,0.0,0.0,,
676,15,1,False,0.5860635967555716,60.69558237415531,10.611530303955078,37.500064849853516
676,227,1,False,0.0,0.0,,
676,236,2,False,0.0,0.0,,
676,213,2,False,0.0,0.0,,
677,1,2,False,2.1975032548872178,56.024021046748345,18.31118392944336,40.67483139038086
677,6,1,False,11.815585332975681,57.89777897952812,12.33478832244873,51.44692611694336
677,14,2,False,9.499390958092084,58.02521581101397,3.0027544498443604,50.9349365234375
677,34,2,False,3.6954042210017,49.27677831233611,14.921468734741211,55.51344299316406
677,3,2,False,11.153557662386318,68.22895906709267,10.110258102416992,43.85599899291992
677,13,2,False,0.0,0.0,,
677,19,1,False,3.9829488091571785,27.952987696217992,18.461570739746094,46.903621673583984
677,142,1,False,5.3876083974539135,35.035944943749115,5.148235321044922,20.563085556030273
677,12,1,False,9.436757936390853,61.42971493222812,7.988026142120361,43.55178451538086
677,5,1,True,17.06836623654606,68.24722189568713,16.787519454956055,46.41838073730469
677,120,2,False,13.586341896032138,19.79094986273406,7.8965654373168945,19.614484786987305
677,7,2,False,3.2548599870480586,46.142527162019356,17.46969223022461,39.38154602050781
677,156,2,False,0.0,0.0,,
677,8,2,False,1.8006495511154244,49.85204843994405,11.094184875488281,32.251731872558594
677,132,1,False,4.515934668218223,39.8388811649432,2.8740084171295166,33.37723922729492
677,22,1,False,0.0,0.0,,
677,15,1,False,0.5860635967555716,60.69558237415531,10.70865249633789,37.73825454711914
677,227,1,False,0.0,0.0,,
677,236,2,False,0.0,0.0,,
677,213,2,False,0.0,0.0,,
678,1,2,False,2.1975032548872178,56.024021046748345,18.342182159423828,40.62350082397461
678,6,1,False,11.815585332975681,57.89777897952812,12.297231674194336,51.5443115234375
678,14,2,False,9.499390958092084,58.02521581101397,3.1332108974456787,50.78253173828125
678,34,2,False,3.6954042210017,49.27677831233611,14.931838035583496,55.5442008972168
678,3,2,False,11.153557662386318,68.22895906709267,10.182907104492188,43.998382568359375
678,13,2,False,0.0,0.0,,
678,19,1,False,3.9829488091571785,27.952987696217992,18.57788848876953,46.877197265625
678,142,1,False,5.3876083974539135,35.035944943749115,5.202576637268066,20.48639678955078
678,12,1,False,9.436757936390853,61.42971493222812,8.080432891845703,43.78599166870117
678,5,1,True,17.06836623654606,68.24722189568713,16.874937057495117,46.645816802978516
678,120,2,False,13.586341896032138,19.79094986273406,7.932488441467285,19.37236976623535
678,7,2,False,3.2548599870480586,46.142527162019356,17.524654388427734,39.33285140991211
678,156,2,False,0.0,0.0,,
678,8,2,False,1.8006495511154244,49.85204843994405,11.147650718688965,32.193443298339844
678,132,1,False,4.515934668218223,39.8388811649432,2.9688596725463867,33.4443244934082
678,22,1,False,0.0,0.0,,
678,15,1,False,0.5860635967555716,60.69558237415531,10.782280921936035,37.69258117675781
678,227,1,False,0.0,0.0,,
678,236,2,False,0.0,0.0,,
678,213,2,False,0.0,0.0,,
679,1,2,False,2.1975032548872178,56.024021046748345,18.236129760742188,40.448001861572266
679,6,1,False,11.815585332975681,57.89777897952812,12.158967018127441,51.5523567199707
679,14,2,False,9.499390958092084,58.02521581101397,3.0993707180023193,50.66984176635742
679,34,2,False,3.6954042210017,49.27677831233611,14.868003845214844,55.49789047241211
679,3,2,False,11.153557662386318,68.22895906709267,10.14948844909668,43.94551086425781
679,13,2,False,0.0,0.0,,
679,19,1,False,3.9829488091571785,27.952987696217992,18.56541633605957,46.65597915649414
679,142,1,False,5.3876083974539135,35.035944943749115,5.0416765213012695,20.22397232055664
679,12,1,False,9.436757936390853,61.42971493222812,8.023904800415039,43.729129791259766
679,5,1,True,17.06836623654606,68.24722189568713,16.851524353027344,46.68251037597656
679,120,2,False,13.586341896032138,19.79094986273406,7.782293796539307,18.942590713500977
679,7,2,False,3.2548599870480586,46.142527162019356,17.4396915435791,39.15666961669922
679,156,2,False,0.0,0.0,,
679,8,2,False,1.8006495511154244,49.85204843994405,11.094573020935059,31.998340606689453
679,132,1,False,4.515934668218223,39.8388811649432,2.9015820026397705,33.37308883666992
679,22,1,False,0.0,0.0,,
679,15,1,False,0.5860635967555716,60.69558237415531,10.683821678161621,37.513099670410156
679,227,1,False,0.0,0.0,,
679,236,2,False,0.0,0.0,,
679,213,2,False,0.0,0.0,,
680,1,2,False,5.3488841119046855,56.33356295137246,18.236129760742188,40.448001861572266
680,6,1,False,11.400279058646007,58.55751735097754,12.129368782043457,51.618865966796875
680,14,2,False,12.751041733624355,58.763123318746864,3.235178232192993,50.765663146972656
680,34,2,False,8.832441716808638,49.78791498576254,14.90583610534668,55.50522232055664
680,3,2,False,12.09734470153138,68.92903688546834,10.198966979980469,44.1328125
680,13,2,False,0.0,0.0,,
680,19,1,False,6.2818661589328295,28.31652161745253,18.63141441345215,46.668277740478516
680,142,1,False,3.0961534497417857,35.21512049060917,5.0416765213012695,20.22397232055664
680,12,1,False,13.663326040654216,62.22041667069191,8.078374862670898,43.91618347167969
680,5,1,True,13.749971774559961,69.04293785486306,16.92231559753418,46.78167724609375
680,120,2,False,1.5528853398046925,19.880815912491276,7.782293796539307,18.942590713500977
680,7,2,False,1.8492792784100363,46.249545638779196,17.415468215942383,39.15229415893555
680,156,2,False,0.0,0.0,,
680,8,2,False,6.041639449972481,50.2016803525582,11.109298706054688,32.122982025146484
680,132,1,False,4.332699520767663,40.08961609091355,2.9500222206115723,33.26820755004883
680,22,1,False,0.0,0.0,,
680,15,1,False,5.455010168685649,61.011265832991285,10.72218132019043,37.62627029418945
680,227,1,False,0.0,0.0,,
680,236,2,False,0.0,0.0,,
680,213,2,False,0.0,0.0,,
680,11,1,False,8.190417757449008,55.753478002315745,3.0384836196899414,50.307044982910156
681,1,2,False,5.3488841119046855,56.33356295137246,18.240158081054688,40.5513801574707
681,6,1,False,11.400279058646007,58.55751735097754,12.159381866455078,51.69661331176758
681,14,2,False,12.751041733624355,58.763123318746864,3.3709142208099365,50.9307975769043
681,34,2,False,8.832441716808638,49.78791498576254,14.931453704833984,55.57503128051758
681,3,2,False,12.09734470153138,68.92903688546834,10.300556182861328,44.24040222167969
681,13,2,False,0.0,0.0,,
681,19,1,False,6.2818661589328295,28.31652161745253,18.675418853759766,46.67647933959961
681,142,1,False,3.0961534497417857,35.21512049060917,5.039217948913574,20.378286361694336
681,12,1,False,13.663326040654216,62.22041667069191,8.11075210571289,44.098262786865234
681,5,1,True,13.749971774559961,69.04293785486306,16.95461654663086,46.95899963378906
681,120,2,False,1.5528853398046925,19.880815912491276,7.745667457580566,19.09735107421875
681,7,2,False,1.8492792784100363,46.249545638779196,17.391244888305664,39.147918701171875
681,156,2,False,0.0,0.0,,
681,8,2,False,6.041639449972481,50.2016803525582,11.149748802185059,32.251800537109375
681,132,1,False,4.332699520767663,40.08961609091355,2.999385118484497,33.27699661254883
681,22,1,False,0.0,0.0,,
681,15,1,False,5.455010168685649,61.011265832991285,10.73640251159668,37.73480224609375
681,227,1,False,0.0,0.0,,
681,236,2,False,0.0,0.0,,
681,213,2,False,0.0,0.0,,
681,11,1,False,8.190417757449008,55.753478002315745,3.058488368988037,50.381412506103516
682,1,2,False,5.3488841119046855,56.33356295137246,18.240158081054688,40.5513801574707
682,6,1,False,11.400279058646007,58.55751735097754,12.179230690002441,51.700408935546875
682,14,2,False,12.751041733624355,58.763123318746864,3.5060808658599854,51.09524154663086
682,34,2,False,8.832441716808638,49.78791498576254,14.938138961791992,55.641029357910156
682,3,2,False,12.09734470153138,68.92903688546834,10.357988357543945,44.33958435058594
682,13,2,False,0.0,0.0,,
682,19,1,False,6.2818661589328295,28.31652161745253,18.7634334564209,46.69287872314453
682,142,1,False,3.0961534497417857,35.21512049060917,5.039217948913574,20.378286361694336
682,12,1,False,13.663326040654216,62.22041667069191,8.148681640625,44.193023681640625
682,5,1,True,13.749971774559961,69.04293785486306,17.03017234802246,47.14358139038086
682,120,2,False,1.5528853398046925,19.880815912491276,7.7161664962768555,19.092451095581055
682,7,2,False,1.8492792784100363,46.249545638779196,17.342802047729492,39.13916778564453
682,156,2,False,0.0,0.0,,
682,8,2,False,6.041639449972481,50.2016803525582,11.175518035888672,32.25634002685547
682,132,1,False,4.332699520767663,40.08961609091355,3.073436975479126,33.29018020629883
682,22,1,False,0.0,0.0,,
682,15,1,False,5.455010168685649,61.011265832991285,10.774589538574219,37.847373962402344
682,227,1,False,0.0,0.0,,
682,236,2,False,0.0,0.0,,
682,213,2,False,0.0,0.0,,
682,11,1,False,8.190417757449008,55.753478002315745,3.1167924404144287,50.39258575439453
683,1,2,False,5.3488841119046855,56.33356295137246,18.244176864624023,40.65447998046875
683,6,1,False,11.400279058646007,58.55751735097754,12.189675331115723,51.9174690246582
683,14,2,False,12.751041733624355,58.763123318746864,3.62154221534729,51.18644332885742
683,34,2,False,8.832441716808638,49.78791498576254,14.944811820983887,55.70689010620117
683,3,2,False,12.09734470153138,68.92903688546834,10.406721115112305,44.5250244140625
683,13,2,False,0.0,0.0,,
683,19,1,False,6.2818661589328295,28.31652161745253,18.848499298095703,46.62158203125
683,142,1,False,3.0961534497417857,35.21512049060917,4.981534957885742,20.368623733520508
683,12,1,False,13.663326040654216,62.22041667069191,8.186519622802734,44.28755569458008
683,5,1,False,13.749971774559961,69.04293785486306,17.08371353149414,47.3232421875
683,120,2,False,1.5528853398046925,19.880815912491276,7.686666965484619,19.087549209594727
683,7,2,False,1.8492792784100363,46.249545638779196,17.342802047729492,39.13916778564453
683,156,2,False,0.0,0.0,,
683,8,2,False,6.041639449972481,50.2016803525582,11.227060317993164,32.26541519165039
683,132,1,False,4.332699520767663,40.08961609091355,3.122809886932373,33.29896926879883
683,22,1,False,0.0,0.0,,
683,15,1,False,5.455010168685649,61.011265832991285,10.788702011108398,37.955322265625
683,227,1,False,0.0,0.0,,
683,236,2,False,0.0,0.0,,
683,213,2,False,0.0,0.0,,
683,11,1,False,8.190417757449008,55.753478002315745,3.194936990737915,50.47794723510742
684,1,2,False,5.3488841119046855,56.33356295137246,18.26801109313965,40.6588134765625
684,6,1,False,11.400279058646007,58.55751735097754,12.190019607543945,52.06011199951172
684,14,2,False,12.751041733624355,58.763123318746864,3.7177345752716064,51.20492935180664
684,34,2,False,8.832441716808638,49.78791498576254,14.920477867126465,55.83089065551758
684,3,2,False,12.09734470153138,68.92903688546834,10.485699653625488,44.62757873535156
684,13,2,False,0.0,0.0,,
684,19,1,False,6.2818661589328295,28.31652161745253,18.933786392211914,46.55009841918945
684,142,1,False,3.0961534497417857,35.21512049060917,4.981534957885742,20.368623733520508
684,12,1,False,13.663326040654216,62.22041667069191,8.261921882629395,44.47593307495117
684,5,1,False,13.749971774559961,69.04293785486306,17.153648376464844,47.42084503173828
684,120,2,False,1.5528853398046925,19.880815912491276,7.686666965484619,19.087549209594727
684,7,2,False,1.8492792784100363,46.249545638779196,17.386003494262695,39.04102325439453
684,156,2,False,0.0,0.0,,
684,8,2,False,6.041639449972481,50.2016803525582,11.278606414794922,32.27449035644531
684,132,1,False,4.332699520767663,40.08961609091355,3.1474976539611816,33.30336380004883
684,22,1,False,0.0,0.0,,
684,15,1,False,5.455010168685649,61.011265832991285,10.870612144470215,37.86471176147461
684,227,1,False,0.0,0.0,,
684,236,2,False,0.0,0.0,,
684,213,2,False,0.0,0.0,,
684,11,1,False,8.190417757449008,55.753478002315745,3.2535202503204346,50.559410095214844
685,1,2,False,2.1178891802105335,56.45612598263464,18.248184204101562,40.75730895996094
685,6,1,False,8.597520461276515,59.05505904433845,12.200369834899902,52.27477264404297
685,14,2,False,11.637898286535329,59.43661280292136,3.813941478729248,51.223419189453125
685,34,2,False,12.927268749576372,50.53602081617784,14.884171485900879,56.015899658203125
685,3,2,False,13.854617600094178,69.73080873732563,10.564492225646973,44.729888916015625
685,13,2,False,0.0,0.0,,
685,19,1,False,8.17465484443021,28.789591920949647,18.97791862487793,46.55831527709961
685,142,1,False,2.9822237763833725,35.387702885075804,4.92385721206665,20.358963012695312
685,12,1,False,10.46148515923687,62.82582669148108,8.33696174621582,44.66340637207031
685,5,1,False,4.805196872083989,69.32101637755311,17.223421096801758,47.51822280883789
685,120,2,False,2.747742639950016,20.039828796747642,7.69364070892334,18.927875518798828
685,7,2,False,0.4259159171684375,46.27419355065237,17.410259246826172,39.04540252685547
685,156,2,False,0.0,0.0,,
685,8,2,False,4.29733280736098,50.450368593724924,11.31876277923584,32.402923583984375
685,132,1,False,8.189883679959427,40.56356769276306,3.196876049041748,33.31215286254883
685,22,1,False,0.0,0.0,,
685,15,1,False,2.117378970299366,61.133799338216946,10.918628692626953,37.873382568359375
685,227,1,False,0.0,0.0,,
685,236,2,False,0.0,0.0,,
685,213,2,False,0.0,0.0,,
685,11,1,False,7.112567582538439,56.16508492260154,3.292889356613159,50.706966400146484
686,1,2,False,2.1178891802105335,56.45612598263464,18.38239860534668,40.86132049560547
686,6,1,True,8.597520461276515,59.05505904433845,12.326391220092773,52.42457580566406
686,14,2,False,11.637898286535329,59.43661280292136,4.050678253173828,51.253841400146484
686,34,2,False,12.927268749576372,50.53602081617784,14.987133026123047,56.2129020690918
686,3,2,False,13.854617600094178,69.73080873732563,10.760653495788574,44.834747314453125
686,13,2,False,0.0,0.0,,
686,19,1,False,8.17465484443021,28.789591920949647,19.167802810668945,46.66199493408203
686,142,1,False,2.9822237763833725,35.387702885075804,5.108517169952393,20.201290130615234
686,12,1,False,10.46148515923687,62.82582669148108,8.4902925491333,44.759544372558594
686,5,1,False,4.805196872083989,69.32101637755311,17.4110050201416,47.61911392211914
686,120,2,False,2.747742639950016,20.039828796747642,7.88124418258667,18.923805236816406
686,7,2,False,0.4259159171684375,46.27419355065237,17.567153930664062,39.05054473876953
686,156,2,False,0.0,0.0,,
686,8,2,False,4.29733280736098,50.450368593724924,11.53482723236084,32.41450119018555
686,132,1,False,8.189883679959427,40.56356769276306,3.401644229888916,33.323760986328125
686,22,1,False,0.0,0.0,,
686,15,1,False,2.117378970299366,61.133799338216946,11.096030235290527,37.88234329223633
686,227,1,False,0.0,0.0,,
686,236,2,False,0.0,0.0,,
686,11,1,False,7.112567582538439,56.16508492260154,3.472867488861084,50.796043395996094
687,1,2,False,2.1178891802105335,56.45612598263464,18.228410720825195,40.85554122924805
687,6,1,True,8.597520461276515,59.05505904433845,12.191381454467773,52.62437438964844
687,14,2,False,11.637898286535329,59.43661280292136,4.007404327392578,51.12235641479492
687,34,2,False,12.927268749576372,50.53602081617784,14.861488342285156,56.32889175415039
687,3,2,False,13.854617600094178,69.73080873732563,10.712631225585938,45.01915740966797
687,13,2,False,0.0,0.0,,
687,19,1,False,8.17465484443021,28.789591920949647,19.09093475341797,46.666744232177734
687,142,1,False,2.9822237763833725,35.387702885075804,4.955010890960693,20.20946502685547
687,12,1,False,10.46148515923687,62.82582669148108,8.34087085723877,44.92279052734375
687,5,1,False,4.805196872083989,69.32101637755311,17.27145004272461,47.61133575439453
687,120,2,False,2.747742639950016,20.039828796747642,7.69364070892334,18.927875518798828
687,7,2,False,0.4259159171684375,46.27419355065237,17.429325103759766,38.94260787963867
687,156,2,False,0.0,0.0,,
687,8,2,False,4.29733280736098,50.450368593724924,11.38450813293457,32.535518646240234
687,132,1,False,8.189883679959427,40.56356769276306,3.3206660747528076,33.44773483276367
687,22,1,False,0.0,0.0,,
687,15,1,False,2.117378970299366,61.133799338216946,10.966649055480957,37.882049560546875
687,227,1,False,0.0,0.0,,
687,236,2,False,0.0,0.0,,
687,11,1,False,7.112567582538439,56.16508492260154,3.4285244941711426,50.802764892578125
688,1,2,False,2.1178891802105335,56.45612598263464,18.252180099487305,40.85986328125
688,6,1,True,8.597520461276515,59.05505904433845,12.201321601867676,52.696083068847656
688,14,2,False,11.637898286535329,59.43661280292136,4.162428379058838,51.0827751159668
688,34,2,False,12.927268749576372,50.53602081617784,14.874823570251465,56.457515716552734
688,3,2,False,13.854617600094178,69.73080873732563,10.825289726257324,45.21355438232422
688,13,2,False,0.0,0.0,,
688,19,1,False,8.17465484443021,28.789591920949647,19.181671142578125,46.77082061767578
688,142,1,False,2.9822237763833725,35.387702885075804,4.952695369720459,20.363792419433594
688,12,1,False,10.46148515923687,62.82582669148108,8.350640296936035,45.09600067138672
688,5,1,False,4.805196872083989,69.32101637755311,17.293033599853516,47.61537551879883
688,120,2,False,2.747742639950016,20.039828796747642,7.69364070892334,18.927875518798828
688,7,2,False,0.4259159171684375,46.27419355065237,17.453615188598633,38.946990966796875
688,156,2,False,0.0,0.0,,
688,8,2,False,4.29733280736098,50.450368593724924,11.447467803955078,32.425594329833984
688,132,1,False,8.189883679959427,40.56356769276306,3.3456175327301025,33.56540298461914
688,22,1,False,0.0,0.0,,
688,15,1,False,2.117378970299366,61.133799338216946,10.976799011230469,37.77818298339844
688,227,1,False,0.0,0.0,,
688,236,2,False,0.0,0.0,,
688,11,1,False,7.112567582538439,56.16508492260154,3.5058794021606445,50.81761169433594
689,1,2,False,2.1178891802105335,56.45612598263464,18.27595329284668,40.86418533325195
689,6,1,True,8.597520461276515,59.05505904433845,12.220865249633789,52.69983673095703
689,14,2,False,11.637898286535329,59.43661280292136,4.259805679321289,51.03195571899414
689,34,2,False,12.927268749576372,50.53602081617784,14.869523048400879,56.58198928833008
689,3,2,False,13.854617600094178,69.73080873732563,10.94654369354248,45.322547912597656
689,13,2,False,0.0,0.0,,
689,19,1,False,8.17465484443021,28.789591920949647,19.269756317138672,46.787235260009766
689,142,1,False,2.9822237763833725,35.387702885075804,4.981534957885742,20.368623733520508
689,12,1,False,10.46148515923687,62.82582669148108,8.338874816894531,45.26435089111328
689,5,1,False,4.805196872083989,69.32101637755311,17.336200714111328,47.62346267700195
689,120,2,False,2.747742639950016,20.039828796747642,7.69364070892334,18.927875518798828
689,7,2,False,0.4259159171684375,46.27419355065237,17.410259246826172,39.04540252685547
689,156,2,False,0.0,0.0,,
689,8,2,False,4.29733280736098,50.450368593724924,11.473211288452148,32.43013000488281
689,132,1,False,8.189883679959427,40.56356769276306,3.3948721885681152,33.574180603027344
689,22,1,False,0.0,0.0,,
689,15,1,False,2.117378970299366,61.133799338216946,10.976799011230469,37.77818298339844
689,227,1,False,0.0,0.0,,
689,236,2,False,0.0,0.0,,
689,11,1,False,7.112567582538439,56.16508492260154,3.6026434898376465,50.76639175415039
689,213,2,False,0.0,0.0,,
690,1,2,False,5.53205842865475,56.77626825281142,18.299726486206055,40.868507385253906
690,6,1,False,11.730251432540442,59.733893039277135,12.230762481689453,52.771385192871094
690,14,2,False,9.763893418793845,60.00165293132378,4.416473865509033,50.922515869140625
690,34,2,False,7.898509933264917,50.99311051138993,14.833833694458008,56.76231002807617
690,3,2,True,16.216908444669752,70.66928723528106,10.980782508850098,45.41511917114258
690,13,2,False,0.0,0.0,,
690,19,1,False,6.293934077458619,29.153824217098872,19.379880905151367,46.80775833129883
690,142,1,False,3.561472338056485,35.59380660834296,4.979179859161377,20.522438049316406
690,12,1,False,10.590733668748042,63.43871637138548,8.360363006591797,45.26836395263672
690,5,1,False,4.245696896964635,69.56671642946078,17.302576065063477,47.78479766845703
690,120,2,False,8.313600918323171,20.520939961002455,7.657168865203857,19.08264923095703
690,7,2,False,3.843832795313828,46.49663757815896,17.386003494262695,39.04102325439453
690,156,2,False,0.0,0.0,,
690,8,2,False,4.82224114249389,50.72943347465628,11.513038635253906,32.55817413330078
690,132,1,False,5.603480323209918,40.8878431744303,3.4688780307769775,33.70028305053711
690,22,1,False,0.0,0.0,,
690,15,1,False,9.826552194322133,61.70246555316614,11.000843048095703,37.78252410888672
690,227,1,False,0.0,0.0,,
690,236,2,False,0.0,0.0,,
690,11,1,False,15.37669172584225,57.05493976784704,3.6998016834259033,50.64497756958008
690,213,2,False,0.0,0.0,,
691,1,2,False,5.53205842865475,56.77626825281142,18.347274780273438,40.87715530395508
691,6,1,False,11.730251432540442,59.733893039277135,12.24063777923584,52.842777252197266
691,14,2,False,9.763893418793845,60.00165293132378,4.55332612991333,50.8787727355957
691,34,2,False,7.898509933264917,50.99311051138993,14.7916841506958,56.87828826904297
691,3,2,True,16.216908444669752,70.66928723528106,10.993280410766602,45.50342559814453
691,13,2,False,0.0,0.0,,
691,19,1,False,6.293934077458619,29.153824217098872,19.445964813232422,46.82007598876953
691,142,1,False,3.561472338056485,35.59380660834296,4.976832389831543,20.67574691772461
691,12,1,False,10.590733668748042,63.43871637138548,8.348602294921875,45.435882568359375
691,5,1,False,4.245696896964635,69.56671642946078,17.285825729370117,47.865169525146484
691,120,2,False,8.313600918323171,20.520939961002455,7.5981764793396,19.07284927368164
691,7,2,False,3.843832795313828,46.49663757815896,17.386003494262695,39.04102325439453
691,156,2,False,0.0,0.0,,
691,8,2,False,4.82224114249389,50.72943347465628,11.550450325012207,32.4437370300293
691,132,1,False,5.603480323209918,40.8878431744303,3.518073081970215,33.70905303955078
691,22,1,False,0.0,0.0,,
691,15,1,False,9.826552194322133,61.70246555316614,11.02488899230957,37.786861419677734
691,227,1,False,0.0,0.0,,
691,236,2,False,0.0,0.0,,
691,11,1,False,15.37669172584225,57.05493976784704,3.8168649673461914,50.526729583740234
691,213,2,False,0.0,0.0,,
692,1,2,False,5.53205842865475,56.77626825281142,18.35113525390625,40.97942352294922
692,6,1,False,11.730251432540442,59.733893039277135,12.211823463439941,53.044803619384766
692,14,2,False,9.763893418793845,60.00165293132378,4.673567771911621,50.690887451171875
692,34,2,False,7.898509933264917,50.99311051138993,14.712830543518066,56.98658752441406
692,3,2,True,16.216908444669752,70.66928723528106,11.039791107177734,45.683433532714844
692,13,2,False,0.0,0.0,,
692,19,1,False,6.293934077458619,29.153824217098872,19.534086227416992,46.83649826049805
692,142,1,False,3.561472338056485,35.59380660834296,5.005578517913818,20.68056869506836
692,12,1,False,10.590733668748042,63.43871637138548,8.342743873596191,45.51933670043945
692,5,1,False,4.245696896964635,69.56671642946078,17.26432228088379,47.86113739013672
692,120,2,False,8.313600918323171,20.520939961002455,7.6050004959106445,18.91316032409668
692,7,2,False,3.843832795313828,46.49663757815896,17.410259246826172,39.04540252685547
692,156,2,False,0.0,0.0,,
692,8,2,False,4.82224114249389,50.72943347465628,11.601947784423828,32.45280838012695
692,132,1,False,5.603480323209918,40.8878431744303,3.5918729305267334,33.72221374511719
692,22,1,False,0.0,0.0,,
692,15,1,False,9.826552194322133,61.70246555316614,11.038686752319336,37.895057678222656
692,227,1,False,0.0,0.0,,
692,236,2,False,0.0,0.0,,
692,11,1,False,15.37669172584225,57.05493976784704,3.973482608795166,50.4154052734375
692,213,2,False,0.0,0.0,,
693,1,2,False,5.53205842865475,56.77626825281142,18.354984283447266,41.0814208984375
693,6,1,False,11.730251432540442,59.733893039277135,12.14445686340332,53.238040924072266
693,14,2,False,9.763893418793845,60.00165293132378,4.79325008392334,50.57239532470703
693,34,2,False,7.898509933264917,50.99311051138993,14.634313583374023,57.09442138671875
693,3,2,True,16.216908444669752,70.66928723528106,11.107633590698242,45.866600036621094
693,13,2,False,0.0,0.0,,
693,19,1,False,6.293934077458619,29.153824217098872,19.602222442626953,46.93618392944336
693,142,1,False,3.561472338056485,35.59380660834296,5.005578517913818,20.68056869506836
693,12,1,False,10.590733668748042,63.43871637138548,8.395143508911133,45.6976203918457
693,5,1,False,4.245696896964635,69.56671642946078,17.247638702392578,47.94131851196289
693,120,2,False,8.313600918323171,20.520939961002455,7.634546279907227,18.918066024780273
693,7,2,False,3.843832795313828,46.49663757815896,17.429325103759766,38.94260787963867
693,156,2,False,0.0,0.0,,
693,8,2,False,4.82224114249389,50.72943347465628,11.67920207977295,32.4664192199707
693,132,1,False,5.603480323209918,40.8878431744303,3.6412038803100586,33.61807632446289
693,22,1,False,0.0,0.0,,
693,15,1,False,9.826552194322133,61.70246555316614,11.052447319030762,38.002960205078125
693,227,1,False,0.0,0.0,,
693,236,2,False,0.0,0.0,,
693,11,1,False,15.37669172584225,57.05493976784704,4.130840301513672,50.30355453491211
693,213,2,False,0.0,0.0,,
694,1,2,False,5.53205842865475,56.77626825281142,18.35882568359375,41.18314743041992
694,6,1,False,11.730251432540442,59.733893039277135,12.08691120147705,53.36366653442383
694,14,2,False,9.763893418793845,60.00165293132378,4.929981708526611,50.59857940673828
694,34,2,False,7.898509933264917,50.99311051138993,14.6043701171875,57.149959564208984
694,3,2,True,16.216908444669752,70.66928723528106,11.239673614501953,46.06096267700195
694,13,2,False,0.0,0.0,,
694,19,1,False,6.293934077458619,29.153824217098872,19.66824722290039,46.948490142822266
694,142,1,False,3.561472338056485,35.59380660834296,5.03432559967041,20.685392379760742
694,12,1,False,10.590733668748042,63.43871637138548,8.410582542419434,45.78445053100586
694,5,1,False,4.245696896964635,69.56671642946078,17.230995178222656,48.021305084228516
694,120,2,False,8.313600918323171,20.520939961002455,7.641443729400635,18.757841110229492
694,7,2,False,3.843832795313828,46.49663757815896,17.453615188598633,38.946990966796875
694,156,2,False,0.0,0.0,,
694,8,2,False,4.82224114249389,50.72943347465628,11.73071002960205,32.475494384765625
694,132,1,False,5.603480323209918,40.8878431744303,3.690678119659424,33.51363754272461
694,22,1,False,0.0,0.0,,
694,15,1,False,9.826552194322133,61.70246555316614,11.079856872558594,38.217899322509766
694,227,1,False,0.0,0.0,,
694,236,2,False,0.0,0.0,,
694,11,1,False,15.37669172584225,57.05493976784704,4.3076982498168945,50.26616287231445
694,213,2,False,0.0,0.0,,
695,1,2,False,3.9977241129921555,57.00761802786884,18.35882568359375,41.18314743041992
695,6,1,False,8.89938982458618,60.24890402449624,12.03892993927002,53.422550201416016
695,14,2,False,13.330348083916666,60.773085112105996,4.8713788986206055,50.58735656738281
695,34,2,False,5.209059934041365,51.29456073905436,14.585990905761719,57.1463737487793
695,3,2,True,17.098203592783353,71.65876660986343,11.392560958862305,46.2584342956543
695,13,2,False,0.0,0.0,,
695,19,1,False,8.195366858253902,29.628093132507086,19.712268829345703,46.95669937133789
695,142,1,False,7.394951818668728,36.021755208960364,5.091824054718018,20.695035934448242
695,12,1,False,15.62310622854994,64.3428313151673,8.447294235229492,45.875057220458984
695,5,1,False,1.3416394721298182,69.64435760261644,17.2524471282959,48.02532958984375
695,120,2,False,5.121203789643489,20.81730592105127,7.678011417388916,18.60198974609375
695,7,2,False,1.8214882011974676,46.60204777498752,17.497093200683594,38.848304748535156
695,156,2,False,0.0,0.0,,
695,8,2,False,6.8307859781931395,51.124733589135055,11.782221794128418,32.48456954956055
695,132,1,False,10.259953853032739,41.481590503888214,3.7400293350219727,33.522430419921875
695,22,1,False,0.0,0.0,,
695,15,1,False,7.677131594164245,62.1467440019025,11.141281127929688,38.33357620239258
695,227,1,False,0.0,0.0,,
695,236,2,False,0.0,0.0,,
695,11,1,False,14.772502911935966,57.909829982658145,4.523131847381592,50.3073844909668
695,213,2,False,0.0,0.0,,
696,1,2,False,3.9977241129921555,57.00761802786884,18.315357208251953,41.2759895324707
696,6,1,False,8.89938982458618,60.24890402449624,12.01033878326416,53.48501968383789
696,14,2,False,13.330348083916666,60.773085112105996,5.06674337387085,50.62477111816406
696,34,2,False,5.209059934041365,51.29456073905436,14.592850685119629,57.20896530151367
696,3,2,True,17.098203592783353,71.65876660986343,11.523331642150879,46.45098876953125
696,13,2,False,0.0,0.0,,
696,19,1,False,8.195366858253902,29.628093132507086,19.778305053710938,46.96900939941406
696,142,1,False,7.394951818668728,36.021755208960364,5.154600143432617,20.397611618041992
696,12,1,False,15.62310622854994,64.3428313151673,8.456679344177246,46.04368591308594
696,5,1,False,1.3416394721298182,69.64435760261644,17.2524471282959,48.02532958984375
696,120,2,False,5.121203789643489,20.81730592105127,7.714704990386963,18.445600509643555
696,7,2,False,1.8214882011974676,46.60204777498752,17.521419525146484,38.852691650390625
696,156,2,False,0.0,0.0,,
696,8,2,False,6.8307859781931395,51.124733589135055,11.833738327026367,32.49364471435547
696,132,1,False,10.259953853032739,41.481590503888214,3.789384603500366,33.531219482421875
696,22,1,False,0.0,0.0,,
696,15,1,False,7.677131594164245,62.1467440019025,11.178688049316406,38.44463348388672
696,227,1,False,0.0,0.0,,
696,236,2,False,0.0,0.0,,
696,11,1,False,14.772502911935966,57.909829982658145,4.584214210510254,50.17607498168945
696,213,2,False,0.0,0.0,,
697,1,2,False,3.9977241129921555,57.00761802786884,18.315357208251953,41.2759895324707
697,6,1,False,8.89938982458618,60.24890402449624,11.991057395935059,53.481300354003906
697,14,2,False,13.330348083916666,60.773085112105996,5.144906044006348,50.639739990234375
697,34,2,False,5.209059934041365,51.29456073905436,14.611210823059082,57.21255111694336
697,3,2,True,17.098203592783353,71.65876660986343,11.589401245117188,46.63064193725586
697,13,2,False,0.0,0.0,,
697,19,1,False,8.195366858253902,29.628093132507086,19.844348907470703,46.981319427490234
697,142,1,False,7.394951818668728,36.021755208960364,5.209563255310059,20.56105613708496
697,12,1,False,15.62310622854994,64.3428313151673,8.481263160705566,46.29709243774414
697,5,1,False,1.3416394721298182,69.64435760261644,17.27389907836914,48.029354095458984
697,120,2,False,5.121203789643489,20.81730592105127,7.744405269622803,18.450519561767578
697,7,2,False,1.8214882011974676,46.60204777498752,17.521419525146484,38.852691650390625
697,156,2,False,0.0,0.0,,
697,8,2,False,6.8307859781931395,51.124733589135055,11.897489547729492,32.38345718383789
697,132,1,False,10.259953853032739,41.481590503888214,3.8387439250946045,33.54001235961914
697,22,1,False,0.0,0.0,,
697,15,1,False,7.677131594164245,62.1467440019025,11.22640323638916,38.453269958496094
697,227,1,False,0.0,0.0,,
697,236,2,False,0.0,0.0,,
697,11,1,False,14.772502911935966,57.909829982658145,4.703323841094971,50.12710952758789
697,213,2,False,0.0,0.0,,
698,1,2,False,3.9977241129921555,57.00761802786884,18.33514404296875,41.1788330078125
698,6,1,False,8.89938982458618,60.24890402449624,11.972585678100586,53.61324691772461
698,14,2,False,13.330348083916666,60.773085112105996,5.324771881103516,50.53206253051758
698,34,2,False,5.209059934041365,51.29456073905436,14.618038177490234,57.27501678466797
698,3,2,False,17.098203592783353,71.65876660986343,11.68634033203125,46.73215103149414
698,13,2,False,0.0,0.0,,
698,19,1,False,8.195366858253902,29.628093132507086,19.91205406188965,47.08073806762695
698,142,1,False,7.394951818668728,36.021755208960364,5.267172336578369,20.57071304321289
698,12,1,True,15.62310622854994,64.3428313151673,8.448248863220215,46.455772399902344
698,5,1,False,1.3416394721298182,69.64435760261644,17.27389907836914,48.029354095458984
698,120,2,False,5.121203789643489,20.81730592105127,7.721773624420166,18.283750534057617
698,7,2,False,1.8214882011974676,46.60204777498752,17.497093200683594,38.848304748535156
698,156,2,False,0.0,0.0,,
698,8,2,False,6.8307859781931395,51.124733589135055,11.923290252685547,32.38800048828125
698,132,1,False,10.259953853032739,41.481590503888214,3.9122800827026367,33.666385650634766
698,22,1,False,0.0,0.0,,
698,15,1,False,7.677131594164245,62.1467440019025,11.274123191833496,38.4619026184082
698,227,1,False,0.0,0.0,,
698,236,2,False,0.0,0.0,,
698,11,1,False,14.772502911935966,57.909829982658145,4.875818252563477,50.37486267089844
698,213,2,False,0.0,0.0,,
699,1,2,False,3.9977241129921555,57.00761802786884,18.49821662902832,41.3065185546875
699,6,1,False,8.89938982458618,60.24890402449624,12.054749488830566,53.82939910888672
699,14,2,False,13.330348083916666,60.773085112105996,5.4626874923706055,50.34207534790039
699,34,2,False,5.209059934041365,51.29456073905436,14.699850082397461,57.41120147705078
699,3,2,False,17.098203592783353,71.65876660986343,11.883718490600586,46.850006103515625
699,13,2,False,0.0,0.0,,
699,19,1,False,8.195366858253902,29.628093132507086,20.104148864746094,47.114166259765625
699,142,1,False,7.394951818668728,36.021755208960364,5.48933744430542,20.60369873046875
699,12,1,True,15.62310622854994,64.3428313151673,8.508845329284668,46.710723876953125
699,5,1,False,1.3416394721298182,69.64435760261644,17.337160110473633,48.121849060058594
699,120,2,False,5.121203789643489,20.81730592105127,7.973590850830078,18.483980178833008
699,7,2,False,1.8214882011974676,46.60204777498752,17.636497497558594,38.87050247192383
699,156,2,False,0.0,0.0,,
699,8,2,False,6.8307859781931395,51.124733589135055,12.135748863220215,32.54349899291992
699,132,1,False,10.259953853032739,41.481590503888214,4.126169681549072,33.81435775756836
699,22,1,False,0.0,0.0,,
699,15,1,False,7.677131594164245,62.1467440019025,11.471478462219238,38.59878158569336
699,227,1,False,0.0,0.0,,
699,236,2,False,0.0,0.0,,
699,11,1,False,14.772502911935966,57.909829982658145,5.207132339477539,50.293209075927734
699,213,2,False,0.0,0.0,,
700,1,2,False,5.939891350613375,57.351361740288596,18.559911727905273,41.29754638671875
700,6,1,False,9.131161159874102,60.77732770272969,11.931623458862305,53.9262580871582
700,14,2,False,12.143679498598777,61.47584434234898,5.6267409324646,50.43071746826172
700,34,2,False,14.022162748457484,52.106028490701206,14.625433921813965,57.44523239135742
700,3,2,False,16.81044065476715,72.63159303664393,11.928571701049805,47.09015655517578
700,13,2,False,0.0,0.0,,
700,19,1,False,4.725017783127257,29.901531661623245,20.161914825439453,47.10752868652344
700,142,1,False,3.9159959048380624,36.2483753423422,5.502586841583252,20.57497787475586
700,12,1,True,14.614246310956922,65.1885631618662,8.51329231262207,46.77676010131836
700,5,1,False,7.407720310911756,70.07304512060901,17.285594940185547,48.09553909301758
700,120,2,False,3.5367114480116952,21.021976722440833,7.928652286529541,18.443838119506836
700,7,2,False,2.942576548852806,46.7723357697128,17.602365493774414,38.84291458129883
700,156,2,False,0.0,0.0,,
700,8,2,False,2.8498040766349004,51.28965280653291,12.175333023071289,32.5261116027832
700,132,1,False,4.5877531067339365,41.74708547534272,4.185474395751953,33.91500473022461
700,22,1,False,0.0,0.0,,
700,15,1,False,2.0371715070435865,62.264635871523076,11.50790786743164,38.584510803222656
700,227,1,False,0.0,0.0,,
700,236,2,False,0.0,0.0,,
700,11,1,False,20.29318775533773,59.084204274055004,5.304551124572754,50.65411376953125
700,213,2,False,0.0,0.0,,
701,1,2,False,5.939891350613375,57.351361740288596,18.274799346923828,41.71733093261719
701,6,1,False,9.131161159874102,60.77732770272969,11.640551567077637,54.31596374511719
701,14,2,False,12.143679498598777,61.47584434234898,5.4151129722595215,50.15419006347656
701,34,2,False,14.022162748457484,52.106028490701206,14.299407958984375,57.846126556396484
701,3,2,False,16.81044065476715,72.63159303664393,11.689924240112305,47.59483337402344
701,13,2,False,0.0,0.0,,
701,19,1,False,4.725017783127257,29.901531661623245,19.90930938720703,47.46699142456055
701,142,1,False,3.9159959048380624,36.2483753423422,5.223928928375244,21.400684356689453
701,12,1,True,14.614246310956922,65.1885631618662,8.304162979125977,47.28024673461914
701,5,1,False,7.407720310911756,70.07304512060901,16.911741256713867,48.49549865722656
701,120,2,False,3.5367114480116952,21.021976722440833,7.595558166503906,19.150392532348633
701,7,2,False,2.942576548852806,46.7723357697128,17.2911376953125,39.286739349365234
701,156,2,False,0.0,0.0,,
701,8,2,False,2.8498040766349004,51.28965280653291,11.933804512023926,33.05165481567383
701,132,1,False,4.5877531067339365,41.74708547534272,3.9828598499298096,34.40602493286133
701,22,1,False,0.0,0.0,,
701,15,1,False,2.0371715070435865,62.264635871523076,11.264937400817871,39.027469635009766
701,227,1,False,0.0,0.0,,
701,236,2,False,0.0,0.0,,
701,11,1,False,20.29318775533773,59.084204274055004,5.198707580566406,51.591949462890625
701,213,2,False,0.0,0.0,,
702,1,2,False,5.939891350613375,57.351361740288596,18.48457908630371,41.407318115234375
702,6,1,False,9.131161159874102,60.77732770272969,11.719025611877441,54.16678237915039
702,14,2,False,12.143679498598777,61.47584434234898,5.602490425109863,49.86480712890625
702,34,2,False,14.022162748457484,52.106028490701206,14.399307250976562,57.71674728393555
702,3,2,False,16.81044065476715,72.63159303664393,11.841804504394531,47.58391571044922
702,13,2,False,0.0,0.0,,
702,19,1,False,4.725017783127257,29.901531661623245,20.15399932861328,47.125858306884766
702,12,1,True,14.614246310956922,65.1885631618662,8.42241096496582,47.1025390625
702,5,1,False,7.407720310911756,70.07304512060901,17.048059463500977,48.15257263183594
702,120,2,False,3.5367114480116952,21.021976722440833,7.811030387878418,18.298521041870117
702,7,2,False,2.942576548852806,46.7723357697128,17.545747756958008,38.857078552246094
702,156,2,False,0.0,0.0,,
702,8,2,False,2.8498040766349004,51.28965280653291,12.194470405578613,32.557193756103516
702,132,1,False,4.5877531067339365,41.74708547534272,4.205364227294922,34.05660629272461
702,22,1,False,0.0,0.0,,
702,15,1,False,2.0371715070435865,62.264635871523076,11.478139877319336,38.60285949707031
702,227,1,False,0.0,0.0,,
702,236,2,False,0.0,0.0,,
702,11,1,False,20.29318775533773,59.084204274055004,5.457653522491455,50.69963073730469
702,213,2,False,0.0,0.0,,
703,1,2,False,5.939891350613375,57.351361740288596,17.848722457885742,43.01933288574219
703,6,1,False,9.131161159874102,60.77732770272969,11.246513366699219,55.285316467285156
703,14,2,False,12.143679498598777,61.47584434234898,5.355154037475586,51.076316833496094
703,34,2,False,14.022162748457484,52.106028490701206,13.915284156799316,58.71929168701172
703,3,2,False,16.81044065476715,72.63159303664393,11.390229225158691,49.057098388671875
703,13,2,False,0.0,0.0,,
703,19,1,False,4.725017783127257,29.901531661623245,19.484622955322266,48.578975677490234
703,12,1,True,14.614246310956922,65.1885631618662,7.985548496246338,48.64386749267578
703,5,1,False,7.407720310911756,70.07304512060901,16.432209014892578,49.38261032104492
703,120,2,False,3.5367114480116952,21.021976722440833,7.32157039642334,21.011323928833008
703,7,2,False,2.942576548852806,46.7723357697128,16.889652252197266,40.573936462402344
703,156,2,False,0.0,0.0,,
703,8,2,False,2.8498040766349004,51.28965280653291,11.683895111083984,34.550270080566406
703,132,1,False,4.5877531067339365,41.74708547534272,3.9101529121398926,35.93300247192383
703,22,1,False,0.0,0.0,,
703,15,1,False,2.0371715070435865,62.264635871523076,10.998394012451172,40.30397415161133
703,227,1,False,0.0,0.0,,
703,236,2,False,0.0,0.0,,
703,11,1,False,20.29318775533773,59.084204274055004,5.403151512145996,51.433712005615234
703,213,2,False,0.0,0.0,,
704,1,2,False,5.939891350613375,57.351361740288596,18.535419464111328,41.51682662963867
704,6,1,False,9.131161159874102,60.77732770272969,11.661893844604492,54.155738830566406
704,34,2,False,14.022162748457484,52.106028490701206,14.318471908569336,57.94017791748047
704,3,2,False,16.81044065476715,72.63159303664393,11.907166481018066,47.9198112487793
704,13,2,False,0.0,0.0,,
704,19,1,False,4.725017783127257,29.901531661623245,20.19930076599121,47.220909118652344
704,12,1,True,14.614246310956922,65.1885631618662,8.300768852233887,47.320796966552734
704,5,1,False,7.407720310911756,70.07304512060901,17.043018341064453,48.068931579589844
704,120,2,False,3.5367114480116952,21.021976722440833,7.900300025939941,18.313295364379883
704,7,2,False,2.942576548852806,46.7723357697128,17.61873435974121,38.870243072509766
704,156,2,False,0.0,0.0,,
704,8,2,False,2.8498040766349004,51.28965280653291,12.349133491516113,32.58443832397461
704,132,1,False,4.5877531067339365,41.74708547534272,4.352718353271484,34.08290481567383
704,22,1,False,0.0,0.0,,
704,15,1,False,2.0371715070435865,62.264635871523076,11.597332000732422,38.62443923950195
704,227,1,False,0.0,0.0,,
704,236,2,False,0.0,0.0,,
704,11,1,False,20.29318775533773,59.084204274055004,5.9621124267578125,49.8604736328125
704,213,2,False,0.0,0.0,,
705,1,2,False,7.226407915368506,57.76955664279835,18.359210968017578,41.57661437988281
705,6,1,False,2.492027964294799,60.92154228399675,11.517772674560547,54.25482940673828
705,34,2,False,3.6813843994764457,52.319071569374614,14.111161231994629,58.07292938232422
705,3,2,False,15.934302639161885,73.5537170319658,11.810583114624023,48.05580139160156
705,13,2,False,0.0,0.0,,
705,19,1,False,10.866428282771686,30.53037589095031,20.05671501159668,47.359920501708984
705,12,1,True,16.338798860353194,66.13409550332182,8.103615760803223,47.51664352416992
705,5,1,False,2.9889057614750687,70.2460142040277,16.8685359954834,48.19470977783203
705,120,2,False,9.392567037815969,21.565528055647775,7.724215507507324,18.434053421020508
705,7,2,False,6.722347237506471,47.16136049410553,17.46247100830078,38.94001007080078
705,156,2,False,0.0,0.0,,
705,8,2,False,9.94824653338823,51.86536151795583,12.242067337036133,32.67692565917969
705,132,1,False,11.99599142769698,42.441297942223336,4.2609543800354,34.1695442199707
705,22,1,False,0.0,0.0,,
705,15,1,False,10.725998143417984,62.88535335667458,11.499239921569824,38.702083587646484
705,227,1,False,0.0,0.0,,
705,236,2,False,0.0,0.0,,
705,11,1,False,18.8254596105043,60.17364059410734,6.013615131378174,49.717960357666016
705,213,2,False,0.0,0.0,,
705,142,1,False,13.792710874720685,37.04656462907372,5.330764293670654,20.722740173339844
705,14,2,False,17.72447090586839,62.501566038290434,5.812036991119385,49.75282669067383
706,1,2,False,7.226407915368506,57.76955664279835,18.320100784301758,41.786521911621094
706,6,1,False,2.492027964294799,60.92154228399675,11.44525146484375,54.384342193603516
706,34,2,False,3.6813843994764457,52.319071569374614,13.935861587524414,58.226200103759766
706,3,2,False,15.934302639161885,73.5537170319658,11.856392860412598,48.39779281616211
706,13,2,False,0.0,0.0,,
706,19,1,False,10.866428282771686,30.53037589095031,20.101829528808594,47.469764709472656
706,12,1,True,16.338798860353194,66.13409550332182,8.069183349609375,47.76210403442383
706,5,1,False,2.9889057614750687,70.2460142040277,16.852996826171875,48.28887939453125
706,120,2,False,9.392567037815969,21.565528055647775,7.779980182647705,18.634984970092773
706,7,2,False,6.722347237506471,47.16136049410553,17.473237991333008,39.17322540283203
706,156,2,False,0.0,0.0,,
706,8,2,False,9.94824653338823,51.86536151795583,12.295419692993164,32.70807647705078
706,132,1,False,11.99599142769698,42.441297942223336,4.361700057983398,34.319358825683594
706,22,1,False,0.0,0.0,,
706,15,1,False,10.725998143417984,62.88535335667458,11.527159690856934,38.93240737915039
706,227,1,False,0.0,0.0,,
706,236,2,False,0.0,0.0,,
706,11,1,False,18.8254596105043,60.17364059410734,6.135746002197266,49.75444030761719
706,213,2,False,0.0,0.0,,
706,142,1,False,13.792710874720685,37.04656462907372,5.389390468597412,20.913381576538086
707,1,2,False,7.226407915368506,57.76955664279835,18.515439987182617,41.613162994384766
707,6,1,False,2.492027964294799,60.92154228399675,11.513143539428711,54.390960693359375
707,34,2,False,3.6813843994764457,52.319071569374614,13.957204818725586,58.1656608581543
707,3,2,False,15.934302639161885,73.5537170319658,12.02529239654541,48.50108337402344
707,13,2,False,0.0,0.0,,
707,19,1,False,10.866428282771686,30.53037589095031,20.33342933654785,47.418521881103516
707,12,1,True,16.338798860353194,66.13409550332182,8.199522972106934,47.85774612426758
707,5,1,False,2.9889057614750687,70.2460142040277,16.946256637573242,48.21595001220703
707,120,2,False,9.392567037815969,21.565528055647775,7.989582061767578,18.32806968688965
707,7,2,False,6.722347237506471,47.16136049410553,17.652868270874023,39.08920669555664
707,156,2,False,0.0,0.0,,
707,8,2,False,9.94824653338823,51.86536151795583,12.542803764343262,32.49707794189453
707,132,1,False,11.99599142769698,42.441297942223336,4.599859237670898,34.01463317871094
707,22,1,False,0.0,0.0,,
707,15,1,False,10.725998143417984,62.88535335667458,11.765796661376953,38.86221694946289
707,227,1,False,0.0,0.0,,
707,236,2,False,0.0,0.0,,
707,11,1,False,18.8254596105043,60.17364059410734,6.461949825286865,49.44023895263672
707,213,2,False,0.0,0.0,,
707,142,1,False,13.792710874720685,37.04656462907372,5.634893894195557,20.939411163330078
707,14,2,False,17.72447090586839,62.501566038290434,6.195564270019531,49.53765106201172
708,1,2,False,7.226407915368506,57.76955664279835,18.684703826904297,41.62466812133789
708,6,1,False,2.492027964294799,60.92154228399675,11.544425964355469,54.44993591308594
708,34,2,False,3.6813843994764457,52.319071569374614,13.995594024658203,58.1617546081543
708,3,2,False,15.934302639161885,73.5537170319658,12.122114181518555,48.74089813232422
708,13,2,False,0.0,0.0,,
708,19,1,False,10.866428282771686,30.53037589095031,20.514205932617188,47.521602630615234
708,12,1,True,16.338798860353194,66.13409550332182,8.199677467346191,48.15627670288086
708,5,1,False,2.9889057614750687,70.2460142040277,16.997591018676758,48.29195022583008
708,120,2,False,9.392567037815969,21.565528055647775,8.162370681762695,18.488161087036133
708,7,2,False,6.722347237506471,47.16136049410553,17.778406143188477,39.091285705566406
708,156,2,False,0.0,0.0,,
708,8,2,False,9.94824653338823,51.86536151795583,12.726655960083008,32.5058479309082
708,132,1,False,11.99599142769698,42.441297942223336,4.772871971130371,34.02366256713867
708,22,1,False,0.0,0.0,,
708,15,1,False,10.725998143417984,62.88535335667458,11.912263870239258,39.075008392333984
708,227,1,False,0.0,0.0,,
708,236,2,False,0.0,0.0,,
708,11,1,False,18.8254596105043,60.17364059410734,6.763519287109375,49.48324203491211
708,213,2,False,0.0,0.0,,
708,142,1,False,13.792710874720685,37.04656462907372,5.808487415313721,20.938865661621094
708,14,2,False,17.72447090586839,62.501566038290434,6.419581890106201,49.491966247558594
709,1,2,False,7.226407915368506,57.76955664279835,18.70973014831543,41.642822265625
709,6,1,False,2.492027964294799,60.92154228399675,11.470879554748535,54.44462585449219
709,34,2,False,3.6813843994764457,52.319071569374614,13.953964233398438,58.10260009765625
709,3,2,False,15.934302639161885,73.5537170319658,12.155795097351074,48.83654022216797
709,13,2,False,0.0,0.0,,
709,19,1,False,10.866428282771686,30.53037589095031,20.55992317199707,47.62762451171875
709,12,1,True,16.338798860353194,66.13409550332182,8.171175956726074,48.31724548339844
709,5,1,False,2.9889057614750687,70.2460142040277,16.961626052856445,48.37849044799805
709,120,2,False,9.392567037815969,21.565528055647775,8.226056098937988,18.52086067199707
709,7,2,False,6.722347237506471,47.16136049410553,17.804346084594727,39.110408782958984
709,156,2,False,0.0,0.0,,
709,8,2,False,9.94824653338823,51.86536151795583,12.767565727233887,32.651126861572266
709,132,1,False,11.99599142769698,42.441297942223336,4.87549352645874,34.05728530883789
709,22,1,False,0.0,0.0,,
709,15,1,False,10.725998143417984,62.88535335667458,11.962413787841797,39.09809875488281
709,227,1,False,0.0,0.0,,
709,236,2,False,0.0,0.0,,
709,11,1,False,18.8254596105043,60.17364059410734,7.007129192352295,49.53971862792969
709,213,2,False,0.0,0.0,,
709,142,1,False,13.792710874720685,37.04656462907372,5.866783142089844,21.122310638427734
709,14,2,False,17.72447090586839,62.501566038290434,6.562768459320068,49.5293083190918
709,270,1,False,0.0,0.0,8.316702842712402,48.032535552978516
710,1,2,False,3.696998986351543,57.983503343397395,18.776058197021484,41.543067932128906
710,6,1,False,8.432488081041873,61.40953349239038,11.420723915100098,54.36150360107422
710,34,2,False,10.909626939522772,52.95041572096737,13.898445129394531,58.0847282409668
710,3,2,False,17.32413527464169,74.55627115665571,12.164473533630371,48.90731430053711
710,13,2,False,0.0,0.0,,
710,19,1,False,2.287574047140878,30.662758648308,20.624792098999023,47.62961196899414
710,12,1,True,13.340872218425455,66.90613671966588,8.157953262329102,48.46061325073242
710,5,1,False,5.3729940138884125,70.55695135760921,16.917720794677734,48.360538482666016
710,120,2,False,5.310166779910511,21.872829373929633,8.260270118713379,18.34408950805664
710,7,2,False,2.4597861221389974,47.30370922802561,17.846961975097656,38.999229431152344
710,156,2,False,0.0,0.0,,
710,8,2,False,4.460569124913613,52.12349630527722,12.816916465759277,32.645477294921875
710,132,1,False,6.469735324188057,42.81570392163237,4.945906639099121,34.05653381347656
710,22,1,False,0.0,0.0,,
710,15,1,False,2.107942706502144,63.00734078181938,11.983941078186035,39.089839935302734
710,227,1,False,0.0,0.0,,
710,236,2,False,0.0,0.0,,
710,11,1,False,7.201319335118019,60.59038361118593,7.052721977233887,49.390655517578125
710,213,2,False,0.0,0.0,,
710,142,1,False,3.088033072029668,37.22527024666803,5.916464328765869,21.2650146484375
710,14,2,False,7.788631989702636,62.95229705621304,6.80411958694458,49.49229431152344
711,1,2,False,3.696998986351543,57.983503343397395,18.526859283447266,41.5409049987793
711,6,1,False,8.432488081041873,61.40953349239038,11.12926197052002,54.333499908447266
711,34,2,False,10.909626939522772,52.95041572096737,13.620193481445312,58.055702209472656
711,3,2,False,17.32413527464169,74.55627115665571,11.92845344543457,48.89651870727539
711,13,2,False,0.0,0.0,,
711,19,1,False,2.287574047140878,30.662758648308,20.392784118652344,47.623294830322266
711,12,1,True,13.340872218425455,66.90613671966588,7.916327953338623,48.6024284362793
711,5,1,False,5.3729940138884125,70.55695135760921,16.635263442993164,48.424720764160156
711,120,2,False,5.310166779910511,21.872829373929633,7.923819541931152,18.359006881713867
711,7,2,False,2.4597861221389974,47.30370922802561,17.59088897705078,38.99900817871094
711,156,2,False,0.0,0.0,,
711,8,2,False,4.460569124913613,52.12349630527722,12.574049949645996,32.65512466430664
711,132,1,False,6.469735324188057,42.81570392163237,4.718893527984619,34.0646858215332
711,22,1,False,0.0,0.0,,
711,15,1,False,2.107942706502144,63.00734078181938,11.737340927124023,39.08955383300781
711,227,1,False,0.0,0.0,,
711,236,2,False,0.0,0.0,,
711,213,2,False,0.0,0.0,,
711,142,1,False,3.088033072029668,37.22527024666803,5.619647026062012,21.43248176574707
711,14,2,False,7.788631989702636,62.95229705621304,6.742226600646973,49.43830871582031
712,1,2,False,3.696998986351543,57.983503343397395,18.85023307800293,41.67696762084961
712,6,1,False,8.432488081041873,61.40953349239038,11.32771110534668,54.356876373291016
712,34,2,False,10.909626939522772,52.95041572096737,13.716597557067871,58.1789665222168
712,3,2,False,17.32413527464169,74.55627115665571,12.166622161865234,49.07985305786133
712,13,2,False,0.0,0.0,,
712,19,1,False,2.287574047140878,30.662758648308,20.71270751953125,47.749053955078125
712,12,1,True,13.340872218425455,66.90613671966588,8.163848876953125,49.01426696777344
712,5,1,False,5.3729940138884125,70.55695135760921,16.89703369140625,48.37334060668945
712,120,2,False,5.310166779910511,21.872829373929633,8.369802474975586,18.067626953125
712,7,2,False,2.4597861221389974,47.30370922802561,17.92033576965332,39.03413009643555
712,156,2,False,0.0,0.0,,
712,8,2,False,4.460569124913613,52.12349630527722,12.959892272949219,32.8165168762207
712,132,1,False,6.469735324188057,42.81570392163237,5.070988655090332,34.214176177978516
712,22,1,False,0.0,0.0,,
712,15,1,False,2.107942706502144,63.00734078181938,12.068655967712402,39.023170471191406
712,227,1,False,0.0,0.0,,
712,236,2,False,0.0,0.0,,
712,213,2,False,0.0,0.0,,
712,142,1,False,3.088033072029668,37.22527024666803,6.035524845123291,21.315980911254883
712,14,2,False,7.788631989702636,62.95229705621304,7.091716766357422,49.48779296875
712,11,1,False,7.201319335118019,60.59038361118593,7.37022066116333,49.241573333740234
713,1,2,False,3.696998986351543,57.983503343397395,18.879974365234375,41.6617431640625
713,6,1,False,8.432488081041873,61.40953349239038,11.28475570678711,54.400634765625
713,34,2,False,10.909626939522772,52.95041572096737,13.548165321350098,58.19253921508789
713,3,2,False,17.32413527464169,74.55627115665571,12.13008975982666,49.36719512939453
713,13,2,False,0.0,0.0,,
713,19,1,False,2.287574047140878,30.662758648308,20.740753173828125,47.73662185668945
713,12,1,True,13.340872218425455,66.90613671966588,8.155952453613281,49.14889144897461
713,5,1,False,5.3729940138884125,70.55695135760921,16.886016845703125,48.436248779296875
713,120,2,False,5.310166779910511,21.872829373929633,8.433749198913574,18.0441837310791
713,7,2,False,2.4597861221389974,47.30370922802561,17.994943618774414,38.91896438598633
713,156,2,False,0.0,0.0,,
713,8,2,False,4.460569124913613,52.12349630527722,13.042193412780762,32.806007385253906
713,132,1,False,6.469735324188057,42.81570392163237,5.145008087158203,34.316349029541016
713,22,1,False,0.0,0.0,,
713,15,1,False,2.107942706502144,63.00734078181938,12.120532989501953,39.011253356933594
713,227,1,False,0.0,0.0,,
713,236,2,False,0.0,0.0,,
713,213,2,False,0.0,0.0,,
713,142,1,False,3.088033072029668,37.22527024666803,6.0960516929626465,21.294713973999023
713,14,2,False,7.788631989702636,62.95229705621304,7.17868185043335,49.41437530517578
713,11,1,False,7.201319335118019,60.59038361118593,7.473691940307617,49.24570083618164
714,1,2,False,3.696998986351543,57.983503343397395,18.85582160949707,41.758056640625
714,6,1,False,8.432488081041873,61.40953349239038,11.189640998840332,54.513710021972656
714,34,2,False,10.909626939522772,52.95041572096737,13.437602996826172,58.1713981628418
714,3,2,False,17.32413527464169,74.55627115665571,12.055927276611328,49.58473587036133
714,13,2,False,0.0,0.0,,
714,19,1,False,2.287574047140878,30.662758648308,20.780994415283203,47.74494171142578
714,12,1,True,13.340872218425455,66.90613671966588,8.16778564453125,49.227508544921875
714,5,1,False,5.3729940138884125,70.55695135760921,16.8453369140625,48.51110076904297
714,120,2,False,5.310166779910511,21.872829373929633,8.48896312713623,18.05483627319336
714,7,2,False,2.4597861221389974,47.30370922802561,18.01984977722168,39.03107833862305
714,156,2,False,0.0,0.0,,
714,8,2,False,4.460569124913613,52.12349630527722,13.089741706848145,32.815513610839844
714,132,1,False,6.469735324188057,42.81570392163237,5.239556312561035,34.33427047729492
714,22,1,False,0.0,0.0,,
714,15,1,False,2.107942706502144,63.00734078181938,12.188161849975586,39.024478912353516
714,227,1,False,0.0,0.0,,
714,236,2,False,0.0,0.0,,
714,213,2,False,0.0,0.0,,
714,142,1,False,3.088033072029668,37.22527024666803,6.182005405426025,21.15814971923828
714,14,2,False,7.788631989702636,62.95229705621304,7.199909210205078,49.34436798095703
714,11,1,False,7.201319335118019,60.59038361118593,7.526579856872559,49.33155822753906
715,1,2,False,1.653995830160536,58.07922069467983,18.730859756469727,41.7521858215332
715,6,1,False,6.616964148886962,61.79245965841393,10.969515800476074,54.54737091064453
715,34,2,False,12.367692206719722,53.66613864959698,13.279444694519043,58.208961486816406
715,3,2,False,14.063411456677816,75.37012598632457,11.889163970947266,49.8713264465332
715,13,2,False,0.0,0.0,,
715,19,1,False,7.150563375960125,31.076564399231618,20.751379013061523,47.66835403442383
715,12,1,True,2.641866499806429,67.05902251247875,8.123130798339844,49.231868743896484
715,5,1,False,7.367224738424369,70.98329538182358,16.695819854736328,48.57835006713867
715,120,2,False,3.1140893847862663,22.053042879993654,8.393067359924316,18.06696319580078
715,7,2,False,0.4262519749909593,47.32837658768944,17.89556884765625,39.13302230834961
715,156,2,False,0.0,0.0,,
715,8,2,False,7.238500413652971,52.5423910051414,13.005906105041504,32.82130813598633
715,132,1,False,5.645532787394054,43.14241299497693,5.186078071594238,34.34375762939453
715,22,1,False,0.0,0.0,,
715,15,1,False,9.512790199515385,63.55784947392097,12.099502563476562,39.128910064697266
715,227,1,False,0.0,0.0,,
715,236,2,False,0.0,0.0,,
715,213,2,False,0.0,0.0,,
715,142,1,False,5.966816327905396,37.57057211749589,6.0863823890686035,21.320363998413086
715,14,2,False,9.598041120271535,63.5077392506732,7.236203670501709,49.363990783691406
715,11,1,False,14.503563255569881,61.42971018847585,7.4464216232299805,49.253997802734375
716,1,2,False,1.653995830160536,58.07922069467983,18.7511043548584,41.656150817871094
716,6,1,False,6.616964148886962,61.79245965841393,10.840715408325195,54.652374267578125
716,34,2,False,12.367692206719722,53.66613864959698,13.197885513305664,58.2514533996582
716,3,2,False,14.063411456677816,75.37012598632457,11.869868278503418,50.019195556640625
716,13,2,False,0.0,0.0,,
716,19,1,False,7.150563375960125,31.076564399231618,20.79515266418457,47.67653274536133
716,12,1,True,2.641866499806429,67.05902251247875,8.143375396728516,49.2357177734375
716,5,1,False,7.367224738424369,70.98329538182358,16.595218658447266,48.640716552734375
716,120,2,False,3.1140893847862663,22.053042879993654,8.393067359924316,18.06696319580078
716,7,2,False,0.4262519749909593,47.32837658768944,17.89556884765625,39.13302230834961
716,156,2,False,0.0,0.0,,
716,8,2,False,7.238500413652971,52.5423910051414,13.057446479797363,32.83039474487305
716,132,1,False,5.645532787394054,43.14241299497693,5.259762287139893,34.35691452026367
716,22,1,False,0.0,0.0,,
716,15,1,False,9.512790199515385,63.55784947392097,12.146967887878418,39.13751983642578
716,227,1,False,0.0,0.0,,
716,236,2,False,0.0,0.0,,
716,213,2,False,0.0,0.0,,
716,142,1,False,5.966816327905396,37.57057211749589,6.172352313995361,21.334815979003906
716,14,2,False,9.598041120271535,63.5077392506732,7.36133337020874,49.31289291381836
716,11,1,False,14.503563255569881,61.42971018847585,7.586081504821777,48.978492736816406
717,1,2,False,1.653995830160536,58.07922069467983,18.7511043548584,41.656150817871094
717,6,1,False,6.616964148886962,61.79245965841393,10.693717956542969,54.75326919555664
717,34,2,False,12.367692206719722,53.66613864959698,13.116500854492188,58.293853759765625
717,3,2,False,14.063411456677816,75.37012598632457,11.819619178771973,50.08515167236328
717,13,2,False,0.0,0.0,,
717,19,1,False,7.150563375960125,31.076564399231618,20.81757926940918,47.76631164550781
717,12,1,True,2.641866499806429,67.05902251247875,8.102886199951172,49.22802734375
717,5,1,False,7.367224738424369,70.98329538182358,16.494871139526367,48.70292663574219
717,120,2,False,3.1140893847862663,22.053042879993654,8.414660453796387,18.234750747680664
717,7,2,False,0.4262519749909593,47.32837658768944,17.87588119506836,39.23545455932617
717,156,2,False,0.0,0.0,,
717,8,2,False,7.238500413652971,52.5423910051414,13.134766578674316,32.844024658203125
717,132,1,False,5.645532787394054,43.14241299497693,5.3334550857543945,34.37007522583008
717,22,1,False,0.0,0.0,,
717,15,1,False,9.512790199515385,63.55784947392097,12.147494316101074,39.342742919921875
717,227,1,False,0.0,0.0,,
717,236,2,False,0.0,0.0,,
717,213,2,False,0.0,0.0,,
717,142,1,False,5.966816327905396,37.57057211749589,6.201011657714844,21.33963394165039
717,14,2,False,9.598041120271535,63.5077392506732,7.406070232391357,49.24633026123047
717,11,1,False,14.503563255569881,61.42971018847585,7.706695556640625,48.696510314941406
718,1,2,False,1.653995830160536,58.07922069467983,18.774675369262695,41.66044998168945
718,6,1,False,6.616964148886962,61.79245965841393,10.65617561340332,54.74599075317383
718,34,2,False,12.367692206719722,53.66613864959698,12.972107887268066,58.38188934326172
718,3,2,False,14.063411456677816,75.37012598632457,11.770803451538086,50.30134201049805
718,13,2,False,0.0,0.0,,
718,19,1,False,7.150563375960125,31.076564399231618,20.83995246887207,47.85588073730469
718,12,1,True,2.641866499806429,67.05902251247875,8.123130798339844,49.231868743896484
718,5,1,False,7.367224738424369,70.98329538182358,16.43706703186035,48.772945404052734
718,120,2,False,3.1140893847862663,22.053042879993654,8.444494247436523,18.239683151245117
718,7,2,False,0.4262519749909593,47.32837658768944,17.87588119506836,39.23545455932617
718,156,2,False,0.0,0.0,,
718,8,2,False,7.238500413652971,52.5423910051414,13.200451850891113,32.734413146972656
718,132,1,False,5.645532787394054,43.14241299497693,5.385164260864258,34.26716995239258
718,22,1,False,0.0,0.0,,
718,15,1,False,9.512790199515385,63.55784947392097,12.148018836975098,39.546875
718,227,1,False,0.0,0.0,,
718,236,2,False,0.0,0.0,,
718,213,2,False,0.0,0.0,,
718,142,1,False,5.966816327905396,37.57057211749589,6.2869977951049805,21.354087829589844
718,14,2,False,9.598041120271535,63.5077392506732,7.511515140533447,49.191123962402344
719,1,2,False,1.653995830160536,58.07922069467983,18.801481246948242,41.76507568359375
719,6,1,False,6.616964148886962,61.79245965841393,10.644987106323242,54.67919921875
719,34,2,False,12.367692206719722,53.66613864959698,12.774892807006836,58.459049224853516
719,3,2,False,14.063411456677816,75.37012598632457,11.702152252197266,50.5121955871582
719,13,2,False,0.0,0.0,,
719,19,1,False,7.150563375960125,31.076564399231618,20.884082794189453,47.949310302734375
719,12,1,True,2.641866499806429,67.05902251247875,8.138077735900879,49.3101692199707
719,5,1,False,7.367224738424369,70.98329538182358,16.415922164916992,48.76896286010742
719,120,2,False,3.1140893847862663,22.053042879993654,8.444494247436523,18.239683151245117
719,7,2,False,0.4262519749909593,47.32837658768944,17.900123596191406,39.23983383178711
719,156,2,False,0.0,0.0,,
719,8,2,False,7.238500413652971,52.5423910051414,13.24048137664795,32.61991882324219
719,132,1,False,5.645532787394054,43.14241299497693,5.458975315093994,34.28034591674805
719,22,1,False,0.0,0.0,,
719,15,1,False,9.512790199515385,63.55784947392097,12.18364429473877,39.65496063232422
719,227,1,False,0.0,0.0,,
719,213,2,False,0.0,0.0,,
719,142,1,False,5.966816327905396,37.57057211749589,6.339761257171631,21.51482391357422
719,14,2,False,9.598041120271535,63.5077392506732,7.576765060424805,49.12809371948242
719,11,1,False,14.503563255569881,61.42971018847585,7.951204776763916,48.742862701416016
720,1,2,False,5.105126385189871,58.37465624937832,18.825021743774414,41.769371032714844
720,6,1,False,9.166586218577589,62.32293339791495,10.60740852355957,54.671913146972656
720,34,2,False,10.343163730841413,54.264701365502155,12.596806526184082,58.42405319213867
720,3,2,True,12.432222688711567,76.08958331784723,11.663357734680176,50.653228759765625
720,13,2,False,0.0,0.0,,
720,19,1,False,2.620368838555894,31.228206114425824,20.92810821533203,48.04252243041992
720,12,1,False,11.784963438526821,67.74102271146756,8.132791519165039,49.38444900512695
720,5,1,False,11.220532748143464,71.63263176771152,16.358287811279297,48.83881378173828
720,120,2,False,3.1357201865112563,22.234508168564908,8.444494247436523,18.239683151245117
720,7,2,False,7.4638008120778645,47.760309505055055,17.919843673706055,39.13740539550781
720,156,2,False,0.0,0.0,,
720,8,2,False,3.8899100807554663,52.767501542222156,13.280630111694336,32.50508117675781
720,132,1,False,6.90132461113404,43.541795206269406,5.508187294006348,34.289127349853516
720,22,1,False,0.0,0.0,,
720,15,1,False,6.075530112711001,63.909442651739894,12.230799674987793,39.66353225708008
720,227,1,False,0.0,0.0,,
720,213,2,False,0.0,0.0,,
720,142,1,False,4.0128702460719206,37.802798404884314,6.368381023406982,21.519638061523438
720,14,2,False,4.37244429305937,63.760774221336355,7.64690637588501,48.99003982543945
720,11,1,False,9.201117487541298,61.96218226530116,7.961462020874023,48.59127426147461
721,1,2,False,5.105126385189871,58.37465624937832,18.828216552734375,41.86943054199219
721,6,1,False,9.166586218577589,62.32293339791495,10.56233024597168,54.72779083251953
721,34,2,False,10.343163730841413,54.264701365502155,12.489978790283203,58.40305709838867
721,3,2,True,12.432222688711567,76.08958331784723,11.61552906036377,50.865474700927734
721,13,2,False,0.0,0.0,,
721,19,1,False,2.620368838555894,31.228206114425824,20.950271606445312,48.131439208984375
721,12,1,False,11.784963438526821,67.74102271146756,8.147693634033203,49.4623908996582
721,5,1,False,11.220532748143464,71.63263176771152,16.30079460144043,48.90848922729492
721,120,2,False,3.1357201865112563,22.234508168564908,8.474329948425293,18.244617462158203
721,7,2,False,7.4638008120778645,47.760309505055055,17.924365997314453,39.24421310424805
721,156,2,False,0.0,0.0,,
721,8,2,False,3.8899100807554663,52.767501542222156,13.306524276733398,32.50963592529297
721,132,1,False,6.90132461113404,43.541795206269406,5.557403087615967,34.29791259765625
721,22,1,False,0.0,0.0,,
721,15,1,False,6.075530112711001,63.909442651739894,12.277957916259766,39.67210388183594
721,227,1,False,0.0,0.0,,
721,213,2,False,0.0,0.0,,
721,142,1,False,4.0128702460719206,37.802798404884314,6.397002696990967,21.52445411682129
721,14,2,False,4.37244429305937,63.760774221336355,7.687459468841553,48.997737884521484
721,11,1,False,9.201117487541298,61.96218226530116,8.01271915435791,48.44673538208008
721,236,2,False,0.0,0.0,,
722,1,2,False,5.105126385189871,58.37465624937832,18.80792236328125,41.96493911743164
722,6,1,False,9.166586218577589,62.32293339791495,10.472472190856934,54.83918380737305
722,34,2,False,10.343163730841413,54.264701365502155,12.40993595123291,58.32945251464844
722,3,2,True,12.432222688711567,76.08958331784723,11.568028450012207,51.07626724243164
722,13,2,False,0.0,0.0,,
722,19,1,False,2.620368838555894,31.228206114425824,20.993791580200195,48.139583587646484
722,12,1,False,11.784963438526821,67.74102271146756,8.182714462280273,49.54399108886719
722,5,1,False,11.220532748143464,71.63263176771152,16.222379684448242,48.97402572631836
722,120,2,False,3.1357201865112563,22.234508168564908,8.542499542236328,18.09165382385254
722,7,2,False,7.4638008120778645,47.760309505055055,17.928874969482422,39.350730895996094
722,156,2,False,0.0,0.0,,
722,8,2,False,3.8899100807554663,52.767501542222156,13.372767448425293,32.399024963378906
722,132,1,False,6.90132461113404,43.541795206269406,5.60662317276001,34.306697845458984
722,22,1,False,0.0,0.0,,
722,15,1,False,6.075530112711001,63.909442651739894,12.301538467407227,39.676387786865234
722,213,2,False,0.0,0.0,,
722,142,1,False,4.0128702460719206,37.802798404884314,6.425625324249268,21.529268264770508
722,14,2,False,4.37244429305937,63.760774221336355,7.717380046844482,48.8513298034668
722,11,1,False,9.201117487541298,61.96218226530116,8.105273246765137,48.30927276611328
722,236,2,False,0.0,0.0,,
723,1,2,False,5.105126385189871,58.37465624937832,18.81113052368164,42.06447982788086
723,6,1,False,9.166586218577589,62.32293339791495,10.334177017211914,54.87654495239258
723,34,2,False,10.343163730841413,54.264701365502155,12.311908721923828,58.2522087097168
723,3,2,True,12.432222688711567,76.08958331784723,11.540769577026367,51.289424896240234
723,13,2,False,0.0,0.0,,
723,19,1,False,2.620368838555894,31.228206114425824,20.993791580200195,48.139583587646484
723,12,1,False,11.784963438526821,67.74102271146756,8.1921968460083,49.695167541503906
723,5,1,False,11.220532748143464,71.63263176771152,16.087139129638672,49.10857391357422
723,120,2,False,3.1357201865112563,22.234508168564908,8.563844680786133,18.259418487548828
723,7,2,False,7.4638008120778645,47.760309505055055,17.95308494567871,39.355106353759766
723,156,2,False,0.0,0.0,,
723,8,2,False,3.8899100807554663,52.767501542222156,13.384212493896484,32.52330780029297
723,132,1,False,6.90132461113404,43.541795206269406,5.680459976196289,34.31987380981445
723,22,1,False,0.0,0.0,,
723,15,1,False,6.075530112711001,63.909442651739894,12.336920738220215,39.784175872802734
723,213,2,False,0.0,0.0,,
723,142,1,False,4.0128702460719206,37.802798404884314,6.482874870300293,21.538898468017578
723,14,2,False,4.37244429305937,63.760774221336355,7.737705230712891,48.85518264770508
723,11,1,False,9.201117487541298,61.96218226530116,8.207918167114258,48.32869338989258
723,236,2,False,0.0,0.0,,
724,1,2,False,5.105126385189871,58.37465624937832,18.641992568969727,41.737911224365234
724,6,1,False,9.166586218577589,62.32293339791495,10.065028190612793,54.761383056640625
724,34,2,False,10.343163730841413,54.264701365502155,12.047988891601562,58.085201263427734
724,3,2,True,12.432222688711567,76.08958331784723,11.363948822021484,51.111671447753906
724,13,2,False,0.0,0.0,,
724,19,1,False,2.620368838555894,31.228206114425824,20.888471603393555,47.86661148071289
724,12,1,False,11.784963438526821,67.74102271146756,8.056770324707031,49.371463775634766
724,5,1,False,11.220532748143464,71.63263176771152,15.854517936706543,48.986331939697266
724,120,2,False,3.1357201865112563,22.234508168564908,8.326746940612793,17.729137420654297
724,7,2,False,7.4638008120778645,47.760309505055055,17.77967643737793,39.114166259765625
724,156,2,False,0.0,0.0,,
724,8,2,False,3.8899100807554663,52.767501542222156,13.225727081298828,32.12997055053711
724,132,1,False,6.90132461113404,43.541795206269406,5.519602298736572,34.068119049072266
724,22,1,False,0.0,0.0,,
724,15,1,False,6.075530112711001,63.909442651739894,12.153484344482422,39.54984664916992
724,213,2,False,0.0,0.0,,
724,142,1,False,4.0128702460719206,37.802798404884314,6.274074077606201,21.0496883392334
724,14,2,False,4.37244429305937,63.760774221336355,7.57828950881958,48.520179748535156
724,11,1,False,9.201117487541298,61.96218226530116,8.116321563720703,47.922245025634766
724,236,2,False,0.0,0.0,,
725,1,2,False,2.4717729759634377,58.5176986669688,18.81113052368164,42.06447982788086
725,6,1,False,7.396783834168459,62.75098801794785,10.170486450195312,54.972747802734375
725,34,2,False,14.403927446550611,55.09826198162198,12.009477615356445,58.308631896972656
725,3,2,True,5.0736988532278025,76.38320014963125,11.551621437072754,51.363956451416016
725,13,2,False,0.0,0.0,,
725,19,1,False,7.27619432816748,31.649282175083663,21.037315368652344,48.14773178100586
725,12,1,False,17.793300509712978,68.77072760207595,8.185722351074219,50.06439208984375
725,5,1,False,3.574197807585069,71.83947191861343,15.916919708251953,49.31508255004883
725,120,2,False,2.0909659655643513,22.355513143423956,8.623528480529785,18.269287109375
725,7,2,False,2.750606000811249,47.91948809306496,17.96200180053711,39.56727600097656
725,156,2,False,0.0,0.0,,
725,8,2,False,5.4990456778579055,53.08573335228338,13.447348594665527,32.656341552734375
725,132,1,False,6.511714798974736,43.918630553432294,5.797220230102539,34.56474685668945
725,22,1,False,0.0,0.0,,
725,15,1,False,5.115504715013972,64.20547880422913,12.360428810119629,39.9903564453125
725,213,2,False,0.0,0.0,,
725,142,1,False,9.79370497336651,38.369563738991175,6.597389221191406,21.558164596557617
725,14,2,False,4.654192113735289,64.03011404273308,7.803618431091309,48.79137420654297
725,11,1,False,8.464341464408973,62.45201684078779,8.39840030670166,48.28695297241211
725,236,2,False,0.0,0.0,,
726,1,2,False,2.4717729759634377,58.5176986669688,18.83458137512207,42.068763732910156
726,6,1,False,7.396783834168459,62.75098801794785,10.114518165588379,54.96187973022461
726,34,2,False,14.403927446550611,55.09826198162198,11.805472373962402,58.326271057128906
726,3,2,True,5.0736988532278025,76.38320014963125,11.571517944335938,51.367759704589844
726,13,2,False,0.0,0.0,,
726,19,1,False,7.27619432816748,31.649282175083663,21.037315368652344,48.14773178100586
726,12,1,False,17.793300509712978,68.77072760207595,8.144771575927734,50.34992599487305
726,5,1,False,3.574197807585069,71.83947191861343,15.875062942504883,49.30717849731445
726,120,2,False,2.0909659655643513,22.355513143423956,8.623528480529785,18.269287109375
726,7,2,False,2.750606000811249,47.91948809306496,17.94232940673828,39.6685676574707
726,156,2,False,0.0,0.0,,
726,8,2,False,5.4990456778579055,53.08573335228338,13.473211288452148,32.660892486572266
726,132,1,False,6.511714798974736,43.918630553432294,5.846320629119873,34.573516845703125
726,22,1,False,0.0,0.0,,
726,15,1,False,5.115504715013972,64.20547880422913,12.325221061706543,40.08449935913086
726,213,2,False,0.0,0.0,,
726,142,1,False,9.79370497336651,38.369563738991175,6.654654026031494,21.56779670715332
726,14,2,False,4.654192113735289,64.03011404273308,7.83934211730957,48.87446594238281
726,11,1,False,8.464341464408973,62.45201684078779,8.518692970275879,48.07524108886719
726,236,2,False,0.0,0.0,,
726,227,1,False,0.0,0.0,,
727,1,2,False,2.4717729759634377,58.5176986669688,18.8580322265625,42.07304763793945
727,6,1,False,7.396783834168459,62.75098801794785,10.06547737121582,54.88844680786133
727,34,2,False,14.403927446550611,55.09826198162198,11.708404541015625,58.36479949951172
727,3,2,True,5.0736988532278025,76.38320014963125,11.53172492980957,51.36015701293945
727,13,2,False,0.0,0.0,,
727,19,1,False,7.27619432816748,31.649282175083663,20.99411392211914,48.22421646118164
727,12,1,False,17.793300509712978,68.77072760207595,8.143815040588379,50.640438079833984
727,5,1,False,3.574197807585069,71.83947191861343,15.833209991455078,49.29927444458008
727,120,2,False,2.0909659655643513,22.355513143423956,8.644702911376953,18.436481475830078
727,7,2,False,2.750606000811249,47.91948809306496,17.94232940673828,39.6685676574707
727,156,2,False,0.0,0.0,,
727,8,2,False,5.4990456778579055,53.08573335228338,13.524940490722656,32.67000198364258
727,132,1,False,6.511714798974736,43.918630553432294,5.895424842834473,34.58229064941406
727,22,1,False,0.0,0.0,,
727,15,1,False,5.115504715013972,64.20547880422913,12.301764488220215,40.08022689819336
727,213,2,False,0.0,0.0,,
727,142,1,False,9.79370497336651,38.369563738991175,6.7119245529174805,21.577430725097656
727,14,2,False,4.654192113735289,64.03011404273308,7.885029315948486,48.80681228637695
727,11,1,False,8.464341464408973,62.45201684078779,8.625137329101562,47.78013610839844
727,236,2,False,0.0,0.0,,
727,227,1,False,0.0,0.0,,
728,1,2,False,2.4717729759634377,58.5176986669688,18.92533302307129,41.98638153076172
728,6,1,False,7.396783834168459,62.75098801794785,9.972116470336914,54.870323181152344
728,34,2,False,14.403927446550611,55.09826198162198,11.592315673828125,58.28437042236328
728,3,2,True,5.0736988532278025,76.38320014963125,11.562448501586914,51.438323974609375
728,13,2,False,0.0,0.0,,
728,19,1,False,7.27619432816748,31.649282175083663,21.016145706176758,48.312705993652344
728,12,1,False,17.793300509712978,68.77072760207595,8.128293991088867,50.85377883911133
728,5,1,False,3.574197807585069,71.83947191861343,15.826851844787598,49.218727111816406
728,120,2,False,2.0909659655643513,22.355513143423956,8.644702911376953,18.436481475830078
728,7,2,False,2.750606000811249,47.91948809306496,18.010295867919922,39.576011657714844
728,156,2,False,0.0,0.0,,
728,8,2,False,5.4990456778579055,53.08573335228338,13.561963081359863,32.798095703125
728,132,1,False,6.511714798974736,43.918630553432294,5.941179275512695,34.7020263671875
728,22,1,False,0.0,0.0,,
728,15,1,False,5.115504715013972,64.20547880422913,12.301764488220215,40.08022689819336
728,14,2,False,4.654192113735289,64.03011404273308,7.930825233459473,48.73899841308594
728,11,1,False,8.464341464408973,62.45201684078779,8.734967231750488,47.72158432006836
728,236,2,False,0.0,0.0,,
728,227,1,False,0.0,0.0,,
729,1,2,False,2.4717729759634377,58.5176986669688,18.94881820678711,41.99067306518555
729,6,1,False,7.396783834168459,62.75098801794785,9.878769874572754,54.852203369140625
729,34,2,False,14.403927446550611,55.09826198162198,11.406803131103516,58.30550003051758
729,3,2,True,5.0736988532278025,76.38320014963125,11.593104362487793,51.51632308959961
729,13,2,False,0.0,0.0,,
729,19,1,False,7.27619432816748,31.649282175083663,21.016735076904297,48.48093795776367
729,12,1,False,17.793300509712978,68.77072760207595,8.19681167602539,51.010284423828125
729,5,1,False,3.574197807585069,71.83947191861343,15.770435333251953,49.287418365478516
729,120,2,False,2.0909659655643513,22.355513143423956,8.674497604370117,18.4414119720459
729,7,2,False,2.750606000811249,47.91948809306496,18.014671325683594,39.68165969848633
729,156,2,False,0.0,0.0,,
729,8,2,False,5.4990456778579055,53.08573335228338,13.665289878845215,32.81629943847656
729,132,1,False,6.511714798974736,43.918630553432294,5.990222454071045,34.71078872680664
729,22,1,False,0.0,0.0,,
729,15,1,False,5.115504715013972,64.20547880422913,12.313532829284668,40.18265151977539
729,14,2,False,4.654192113735289,64.03011404273308,8.012347221374512,48.75445556640625
729,11,1,False,8.464341464408973,62.45201684078779,8.807680130004883,48.129852294921875
729,236,2,False,0.0,0.0,,
729,227,1,False,0.0,0.0,,
729,142,1,False,9.79370497336651,38.369563738991175,6.815800666809082,21.897268295288086
730,1,2,False,3.3904219736252887,58.71390364229433,18.95184326171875,42.09019088745117
730,6,1,False,9.96554732446171,63.327697932557896,9.76677131652832,54.83046340942383
730,34,2,False,12.874982063814757,55.84334196216682,11.178600311279297,58.37546157836914
730,3,2,True,3.834110179979972,76.6050815257875,11.574976921081543,51.65664291381836
730,13,2,False,0.0,0.0,,
730,19,1,False,4.268977418827583,31.896329479413964,21.038660049438477,48.56880569458008
730,12,1,False,5.97276864697677,69.11637393581303,8.250638961791992,51.09204864501953
730,5,1,False,8.182823565726368,72.31301494903741,15.714156150817871,49.3559455871582
730,120,2,False,8.70522390736754,22.85928767510032,8.742912292480469,18.28902816772461
730,7,2,False,3.551931208473384,48.125039667629395,18.062904357910156,39.69038772583008
730,156,2,False,0.0,0.0,,
730,8,2,False,2.0657557829677344,53.20527940453845,13.716959953308105,32.825401306152344
730,132,1,False,4.84505375614604,44.19901560876482,6.060277938842773,34.834571838378906
730,22,1,False,0.0,0.0,,
730,15,1,False,3.441479388442985,64.40463849106033,12.301876068115234,40.28054428100586
730,14,2,False,5.730893384167958,64.36176296542799,8.068242073059082,48.841556549072266
730,11,1,False,5.182375903989627,62.75192285375015,8.883993148803711,48.22262954711914
730,236,2,False,0.0,0.0,,
730,227,1,False,0.0,0.0,,
730,142,1,False,5.324815703141132,38.67771279588592,6.867492198944092,22.056428909301758
730,213,2,False,0.0,0.0,,
731,1,2,False,3.3904219736252887,58.71390364229433,18.93143653869629,42.18516540527344
731,6,1,False,9.96554732446171,63.327697932557896,9.617471694946289,54.80147933959961
731,34,2,False,12.874982063814757,55.84334196216682,10.96904468536377,58.44858932495117
731,3,2,True,3.834110179979972,76.6050815257875,11.565943717956543,51.726566314697266
731,13,2,False,0.0,0.0,,
731,19,1,False,4.268977418827583,31.896329479413964,21.06053352355957,48.65646743774414
731,12,1,False,5.97276864697677,69.11637393581303,8.265028953552246,51.166107177734375
731,5,1,False,8.182823565726368,72.31301494903741,15.574535369873047,49.408531188964844
731,120,2,False,8.70522390736754,22.85928767510032,8.772761344909668,18.293964385986328
731,7,2,False,3.551931208473384,48.125039667629395,18.131046295166016,39.59785079956055
731,156,2,False,0.0,0.0,,
731,8,2,False,2.0657557829677344,53.20527940453845,13.768633842468262,32.83450698852539
731,132,1,False,4.84505375614604,44.19901560876482,6.109261989593506,34.84333038330078
731,22,1,False,0.0,0.0,,
731,15,1,False,3.441479388442985,64.40463849106033,12.313613891601562,40.38243865966797
731,14,2,False,5.730893384167958,64.36176296542799,8.155035018920898,48.7815055847168
731,11,1,False,5.182375903989627,62.75192285375015,8.91893196105957,48.30741500854492
731,236,2,False,0.0,0.0,,
731,227,1,False,0.0,0.0,,
731,142,1,False,5.324815703141132,38.67771279588592,6.895996570587158,22.061233520507812
731,213,2,False,0.0,0.0,,
732,1,2,False,3.3904219736252887,58.71390364229433,18.93143653869629,42.18516540527344
732,6,1,False,9.96554732446171,63.327697932557896,9.549213409423828,54.72420883178711
732,34,2,False,12.874982063814757,55.84334196216682,10.845479965209961,58.42427444458008
732,3,2,True,3.834110179979972,76.6050815257875,11.58573055267334,51.73035430908203
732,13,2,False,0.0,0.0,,
732,19,1,False,4.268977418827583,31.896329479413964,21.10374641418457,48.66456985473633
732,12,1,False,5.97276864697677,69.11637393581303,8.324014663696289,51.177398681640625
732,5,1,False,8.182823565726368,72.31301494903741,15.44933795928955,49.38487243652344
732,120,2,False,8.70522390736754,22.85928767510032,8.811567306518555,18.136110305786133
732,7,2,False,3.551931208473384,48.125039667629395,18.15519905090332,39.60221862792969
732,156,2,False,0.0,0.0,,
732,8,2,False,2.0657557829677344,53.20527940453845,13.768633842468262,32.83450698852539
732,132,1,False,4.84505375614604,44.19901560876482,6.158249378204346,34.852088928222656
732,22,1,False,0.0,0.0,,
732,15,1,False,3.441479388442985,64.40463849106033,12.3369779586792,40.386695861816406
732,14,2,False,5.730893384167958,64.36176296542799,8.21619701385498,48.79309844970703
732,11,1,False,5.182375903989627,62.75192285375015,8.960137367248535,48.31520462036133
732,236,2,False,0.0,0.0,,
732,227,1,False,0.0,0.0,,
732,142,1,False,5.324815703141132,38.67771279588592,6.953009605407715,22.070844650268555
732,213,2,False,0.0,0.0,,
733,1,2,False,3.3904219736252887,58.71390364229433,18.90801429748535,42.180885314941406
733,6,1,False,9.96554732446171,63.327697932557896,9.499512672424316,54.650413513183594
733,34,2,False,12.874982063814757,55.84334196216682,10.74681568145752,58.34775161743164
733,3,2,True,3.834110179979972,76.6050815257875,11.60551643371582,51.7341423034668
733,13,2,False,0.0,0.0,,
733,19,1,False,4.268977418827583,31.896329479413964,21.082353591918945,48.743919372558594
733,12,1,False,5.97276864697677,69.11637393581303,8.402669906616211,51.19245910644531
733,5,1,False,8.182823565726368,72.31301494903741,15.365885734558105,49.369102478027344
733,120,2,False,8.70522390736754,22.85928767510032,8.850506782531738,17.97770881652832
733,7,2,False,3.551931208473384,48.125039667629395,18.1352596282959,39.7034797668457
733,156,2,False,0.0,0.0,,
733,8,2,False,2.0657557829677344,53.20527940453845,13.768633842468262,32.83450698852539
733,132,1,False,4.84505375614604,44.19901560876482,6.235495090484619,34.75463104248047
733,22,1,False,0.0,0.0,,
733,15,1,False,3.441479388442985,64.40463849106033,12.278655052185059,40.47555160522461
733,14,2,False,5.730893384167958,64.36176296542799,8.297755241394043,48.808563232421875
733,11,1,False,5.182375903989627,62.75192285375015,9.0283842086792,48.24992370605469
733,236,2,False,0.0,0.0,,
733,227,1,False,0.0,0.0,,
733,142,1,False,5.324815703141132,38.67771279588592,7.015667915344238,21.930940628051758
733,213,2,False,0.0,0.0,,
734,1,2,False,3.3904219736252887,58.71390364229433,18.864301681518555,42.27133560180664
734,6,1,False,9.96554732446171,63.327697932557896,9.474743843078613,54.51689529418945
734,34,2,False,12.874982063814757,55.84334196216682,10.619726181030273,58.20819854736328
734,3,2,True,3.834110179979972,76.6050815257875,11.684669494628906,51.749290466308594
734,13,2,False,0.0,0.0,,
734,19,1,False,4.268977418827583,31.896329479413964,21.039459228515625,48.819026947021484
734,12,1,False,5.97276864697677,69.11637393581303,8.467182159423828,51.13349151611328
734,5,1,False,8.182823565726368,72.31301494903741,15.303304672241211,49.357276916503906
734,120,2,False,8.70522390736754,22.85928767510032,8.832465171813965,18.303836822509766
734,7,2,False,3.551931208473384,48.125039667629395,18.067203521728516,39.79574203491211
734,156,2,False,0.0,0.0,,
734,8,2,False,2.0657557829677344,53.20527940453845,13.727861404418945,32.94856262207031
734,132,1,False,4.84505375614604,44.19901560876482,6.2845611572265625,34.76340103149414
734,22,1,False,0.0,0.0,,
734,15,1,False,3.441479388442985,64.40463849106033,12.255324363708496,40.47129440307617
734,14,2,False,5.730893384167958,64.36176296542799,8.358930587768555,48.820159912109375
734,11,1,False,5.182375903989627,62.75192285375015,9.069644927978516,48.25772476196289
734,236,2,False,0.0,0.0,,
734,227,1,False,0.0,0.0,,
734,142,1,False,5.324815703141132,38.67771279588592,7.072784423828125,21.940563201904297
734,213,2,False,0.0,0.0,,
735,1,2,False,1.2327677229429694,58.78524436700168,18.887691497802734,42.275611877441406
735,6,1,False,8.123293006033082,63.79779590744407,9.412322998046875,54.37553405761719
735,34,2,False,14.323781203529892,56.67226448551924,10.460471153259277,58.1768798828125
735,3,2,True,5.579232388489691,76.92795377049177,11.7929048538208,51.698341369628906
735,13,2,False,0.0,0.0,,
735,19,1,False,1.5158587108344797,31.984052784439108,21.01790428161621,48.814979553222656
735,12,1,False,8.643863611398027,69.6165975244356,8.534749031066895,51.28890609741211
735,5,1,False,9.944771391563338,72.88852255271584,15.240729331970215,49.345455169677734
735,120,2,False,17.020672227381592,23.844280280851567,8.805631637573242,18.788883209228516
735,7,2,False,0.4223752113800671,48.14948267754722,18.023387908935547,39.89210510253906
735,156,2,False,0.0,0.0,,
735,8,2,False,6.215469427949506,53.564970922359606,13.702062606811523,32.94401550292969
735,132,1,False,12.34961281415007,44.91369227625035,6.3336310386657715,34.77217102050781
735,22,1,False,0.0,0.0,,
735,15,1,False,6.731464849036685,64.7941908550092,12.231993675231934,40.467041015625
735,14,2,False,9.863776511567139,64.93258336540293,8.394083976745605,48.90334701538086
735,11,1,False,14.373307730166378,63.58371149554219,9.165382385253906,48.11888122558594
735,236,2,False,0.0,0.0,,
735,227,1,False,0.0,0.0,,
735,142,1,False,6.591459807970746,39.059163016254594,7.158469200134277,21.954998016357422
735,213,2,False,0.0,0.0,,
736,1,2,False,1.2327677229429694,58.78524436700168,18.93143653869629,42.18516540527344
736,6,1,False,8.123293006033082,63.79779590744407,9.324640274047852,54.29370880126953
736,34,2,False,14.323781203529892,56.67226448551924,10.241454124450684,58.191123962402344
736,3,2,True,5.579232388489691,76.92795377049177,11.891987800598145,51.71730041503906
736,13,2,False,0.0,0.0,,
736,19,1,False,1.5158587108344797,31.984052784439108,20.99666976928711,48.89394760131836
736,12,1,False,8.643863611398027,69.6165975244356,8.565634727478027,51.15233612060547
736,5,1,False,9.944771391563338,72.88852255271584,15.157304763793945,49.329689025878906
736,120,2,False,17.020672227381592,23.844280280851567,8.805631637573242,18.788883209228516
736,7,2,False,0.4223752113800671,48.14948267754722,17.999338150024414,39.88774871826172
736,156,2,False,0.0,0.0,,
736,8,2,False,6.215469427949506,53.564970922359606,13.716959953308105,32.825401306152344
736,132,1,False,12.34961281415007,44.91369227625035,6.3787407875061035,34.89152145385742
736,22,1,False,0.0,0.0,,
736,15,1,False,6.731464849036685,64.7941908550092,12.220491409301758,40.56416320800781
736,14,2,False,9.863776511567139,64.93258336540293,8.420112609863281,48.831756591796875
736,11,1,False,14.373307730166378,63.58371149554219,9.240850448608398,47.97544860839844
736,236,2,False,0.0,0.0,,
736,227,1,False,0.0,0.0,,
736,142,1,False,6.591459807970746,39.059163016254594,7.2155985832214355,21.964622497558594
736,213,2,False,0.0,0.0,,
737,1,2,False,1.2327677229429694,58.78524436700168,18.71988296508789,41.30818176269531
737,6,1,False,8.123293006033082,63.79779590744407,8.898453712463379,53.66044616699219
737,34,2,False,14.323781203529892,56.67226448551924,9.771175384521484,57.67122268676758
737,3,2,True,5.579232388489691,76.92795377049177,11.686717987060547,51.06881332397461
737,13,2,False,0.0,0.0,,
737,19,1,False,1.5158587108344797,31.984052784439108,20.801759719848633,48.153385162353516
737,12,1,False,8.643863611398027,69.6165975244356,8.256016731262207,50.4140510559082
737,5,1,False,9.944771391563338,72.88852255271584,14.694554328918457,48.733070373535156
737,120,2,False,17.020672227381592,23.844280280851567,8.287877082824707,16.983312606811523
737,7,2,False,0.4223752113800671,48.14948267754722,17.722761154174805,38.951690673828125
737,156,2,False,0.0,0.0,,
737,8,2,False,6.215469427949506,53.564970922359606,13.433647155761719,31.617109298706055
737,132,1,False,12.34961281415007,44.91369227625035,6.006078243255615,33.9927978515625
737,22,1,False,0.0,0.0,,
737,15,1,False,6.731464849036685,64.7941908550092,11.900618553161621,39.764278411865234
737,14,2,False,9.863776511567139,64.93258336540293,8.118330955505371,48.045654296875
737,11,1,False,14.373307730166378,63.58371149554219,9.012593269348145,47.09945297241211
737,236,2,False,0.0,0.0,,
737,227,1,False,0.0,0.0,,
737,142,1,False,6.591459807970746,39.059163016254594,6.7906317710876465,20.76250457763672
737,213,2,False,0.0,0.0,,
738,1,2,False,1.2327677229429694,58.78524436700168,18.978282928466797,42.193729400634766
738,6,1,False,8.123293006033082,63.79779590744407,9.061622619628906,54.24274826049805
738,34,2,False,14.323781203529892,56.67226448551924,9.917088508605957,58.18450164794922
738,3,2,True,5.579232388489691,76.92795377049177,12.030729293823242,51.74384307861328
738,13,2,False,0.0,0.0,,
738,19,1,False,1.5158587108344797,31.984052784439108,21.061012268066406,48.82307052612305
738,12,1,False,8.643863611398027,69.6165975244356,8.616397857666016,51.0189208984375
738,5,1,False,9.944771391563338,72.88852255271584,14.846165657043457,49.506534576416016
738,120,2,False,17.020672227381592,23.844280280851567,8.79059886932373,17.967819213867188
738,7,2,False,0.4223752113800671,48.14948267754722,18.047439575195312,39.896461486816406
738,156,2,False,0.0,0.0,,
738,8,2,False,6.215469427949506,53.564970922359606,13.850543975830078,32.605369567871094
738,132,1,False,12.34961281415007,44.91369227625035,6.440122127532959,35.23451614379883
738,22,1,False,0.0,0.0,,
738,15,1,False,6.731464849036685,64.7941908550092,12.2555570602417,40.669525146484375
738,14,2,False,9.863776511567139,64.93258336540293,8.539505004882812,48.62371826171875
738,11,1,False,14.373307730166378,63.58371149554219,9.44155502319336,47.61579132080078
738,236,2,False,0.0,0.0,,
738,227,1,False,0.0,0.0,,
738,142,1,False,6.591459807970746,39.059163016254594,7.295196056365967,22.1285343170166
738,213,2,False,0.0,0.0,,
739,1,2,False,1.2327677229429694,58.78524436700168,18.98126220703125,42.292724609375
739,6,1,False,8.123293006033082,63.79779590744407,8.999442100524902,54.29551315307617
739,34,2,False,14.323781203529892,56.67226448551924,9.811244010925293,58.16367721557617
739,3,2,True,5.579232388489691,76.92795377049177,12.079992294311523,51.681427001953125
739,13,2,False,0.0,0.0,,
739,19,1,False,1.5158587108344797,31.984052784439108,21.061012268066406,48.82307052612305
739,12,1,False,8.643863611398027,69.6165975244356,8.687177658081055,50.888675689697266
739,5,1,False,9.944771391563338,72.88852255271584,14.742317199707031,49.48689270019531
739,120,2,False,17.020672227381592,23.844280280851567,8.79059886932373,17.967819213867188
739,7,2,False,0.4223752113800671,48.14948267754722,18.047439575195312,39.896461486816406
739,156,2,False,0.0,0.0,,
739,8,2,False,6.215469427949506,53.564970922359606,13.824627876281738,32.60081100463867
739,132,1,False,12.34961281415007,44.91369227625035,6.484841346740723,35.35258483886719
739,22,1,False,0.0,0.0,,
739,15,1,False,6.731464849036685,64.7941908550092,12.220815658569336,40.76188278198242
739,14,2,False,9.863776511567139,64.93258336540293,8.60091781616211,48.63534927368164
739,11,1,False,14.373307730166378,63.58371149554219,9.518338203430176,47.469913482666016
739,236,2,False,0.0,0.0,,
739,227,1,False,0.0,0.0,,
739,142,1,False,6.591459807970746,39.059163016254594,7.317586898803711,22.282325744628906
739,213,2,False,0.0,0.0,,
740,1,2,False,1.8374826765119638,58.89158017004057,18.957868576049805,42.28844451904297
740,6,1,False,9.420833647819208,64.34298303984102,8.992321968078613,54.16436767578125
740,34,2,False,15.05652553542432,57.54359119474519,9.647127151489258,58.016929626464844
740,3,2,True,4.307102603191398,77.17720739336164,12.110024452209473,51.75901794433594
740,13,2,False,0.0,0.0,,
740,19,1,False,5.632592516256683,32.31001299950026,21.104122161865234,48.83116149902344
740,12,1,False,9.383990885706456,70.15965255254362,8.712785720825195,50.82143783569336
740,5,1,False,9.473540249002294,73.43675983564421,14.68001651763916,49.4751091003418
740,120,2,False,1.5765575284794435,23.935516248934867,8.799562454223633,17.803909301757812
740,7,2,False,3.5637336888545468,48.355717266022594,18.047439575195312,39.896461486816406
740,156,2,False,0.0,0.0,,
740,8,2,False,2.226220806705328,53.69380314496987,13.746885299682617,32.587127685546875
740,132,1,False,5.94156154895156,45.25753264366653,6.505100250244141,35.465972900390625
740,22,1,False,0.0,0.0,,
740,15,1,False,2.4453874153155173,64.93570633043255,12.13975715637207,40.845516204833984
740,14,2,False,9.783755842223018,65.49877293960566,8.700849533081055,48.42196273803711
740,11,1,False,11.46055039308846,64.24693779143851,9.58828353881836,47.40262222290039
740,236,2,False,0.0,0.0,,
740,142,1,False,5.440998981018904,39.374035642470965,7.346065521240234,22.28713035583496
740,213,2,False,0.0,0.0,,
741,1,2,False,1.8374826765119638,58.89158017004057,18.93750762939453,42.382911682128906
741,6,1,False,9.420833647819208,64.34298303984102,8.985170364379883,54.03266525268555
741,34,2,False,15.05652553542432,57.54359119474519,9.429204940795898,58.03135299682617
741,3,2,True,4.307102603191398,77.17720739336164,12.139533996582031,51.69281768798828
741,13,2,False,0.0,0.0,,
741,19,1,False,5.632592516256683,32.31001299950026,21.12567901611328,48.835208892822266
741,12,1,False,9.383990885706456,70.15965255254362,8.772211074829102,50.832794189453125
741,5,1,False,9.473540249002294,73.43675983564421,14.6384859085083,49.46725082397461
741,120,2,False,1.5765575284794435,23.935516248934867,8.799562454223633,17.803909301757812
741,7,2,False,3.5637336888545468,48.355717266022594,18.027729034423828,39.99690246582031
741,156,2,False,0.0,0.0,,
741,8,2,False,2.226220806705328,53.69380314496987,13.680153846740723,32.697330474853516
741,132,1,False,5.94156154895156,45.25753264366653,6.578119277954102,35.47906494140625
741,22,1,False,0.0,0.0,,
741,15,1,False,2.4453874153155173,64.93570633043255,12.093350410461426,40.8370361328125
741,14,2,False,9.783755842223018,65.49877293960566,8.774734497070312,48.280147552490234
741,11,1,False,11.46055039308846,64.24693779143851,9.64471435546875,47.25173568725586
741,236,2,False,0.0,0.0,,
741,142,1,False,5.440998981018904,39.374035642470965,7.374545574188232,22.291934967041016
741,213,2,False,0.0,0.0,,
742,1,2,False,1.8374826765119638,58.89158017004057,18.91414451599121,42.37863540649414
742,6,1,False,9.420833647819208,64.34298303984102,8.902467727661133,53.88578414916992
742,34,2,False,15.05652553542432,57.54359119474519,9.182206153869629,57.982765197753906
742,3,2,True,4.307102603191398,77.17720739336164,12.119686126708984,51.689022064208984
742,13,2,False,0.0,0.0,,
742,19,1,False,5.632592516256683,32.31001299950026,21.082992553710938,48.992916107177734
742,12,1,False,9.383990885706456,70.15965255254362,8.843599319458008,50.701663970947266
742,5,1,False,9.473540249002294,73.43675983564421,14.542478561401367,49.527252197265625
742,120,2,False,1.5765575284794435,23.935516248934867,8.829566955566406,17.80885887145996
742,7,2,False,3.5637336888545468,48.355717266022594,17.960102081298828,40.088375091552734
742,156,2,False,0.0,0.0,,
742,8,2,False,2.226220806705328,53.69380314496987,13.695061683654785,32.57801055908203
742,132,1,False,5.94156154895156,45.25753264366653,6.65114688873291,35.49215316772461
742,22,1,False,0.0,0.0,,
742,15,1,False,2.4453874153155173,64.93570633043255,12.070148468017578,40.83279800415039
742,14,2,False,9.783755842223018,65.49877293960566,8.80975341796875,48.3647575378418
742,11,1,False,11.46055039308846,64.24693779143851,9.701419830322266,47.10011291503906
742,236,2,False,0.0,0.0,,
742,142,1,False,5.440998981018904,39.374035642470965,7.425210475921631,22.45002555847168
742,213,2,False,0.0,0.0,,
742,227,1,False,0.0,0.0,,
743,1,2,False,1.8374826765119638,58.89158017004057,18.89386749267578,42.47285842895508
743,6,1,False,9.420833647819208,64.34298303984102,8.8326416015625,53.80663299560547
743,34,2,False,15.05652553542432,57.54359119474519,9.005837440490723,57.94807434082031
743,3,2,True,4.307102603191398,77.17720739336164,12.139533996582031,51.69281768798828
743,13,2,False,0.0,0.0,,
743,19,1,False,5.632592516256683,32.31001299950026,21.040250778198242,49.067447662353516
743,12,1,False,9.383990885706456,70.15965255254362,8.921412467956543,50.49812316894531
743,5,1,False,9.473540249002294,73.43675983564421,14.433915138244629,49.662471771240234
743,120,2,False,1.5765575284794435,23.935516248934867,8.859573364257812,17.81380844116211
743,7,2,False,3.5637336888545468,48.355717266022594,17.93611717224121,40.08403015136719
743,156,2,False,0.0,0.0,,
743,8,2,False,2.226220806705328,53.69380314496987,13.680153846740723,32.697330474853516
743,132,1,False,5.94156154895156,45.25753264366653,6.699836730957031,35.500885009765625
743,22,1,False,0.0,0.0,,
743,15,1,False,2.4453874153155173,64.93570633043255,12.023746490478516,40.824317932128906
743,14,2,False,9.783755842223018,65.49877293960566,8.87589168548584,48.0641975402832
743,11,1,False,11.46055039308846,64.24693779143851,9.758401870727539,46.94775390625
743,142,1,False,5.440998981018904,39.374035642470965,7.482086658477783,22.459627151489258
743,213,2,False,0.0,0.0,,
743,227,1,False,0.0,0.0,,
744,1,2,False,1.8374826765119638,58.89158017004057,19.068721771240234,42.47867965698242
744,6,1,False,9.420833647819208,64.34298303984102,8.82015609741211,53.78662872314453
744,34,2,False,15.05652553542432,57.54359119474519,8.994233131408691,57.93048095703125
744,3,2,True,4.307102603191398,77.17720739336164,12.316021919250488,51.63526153564453
744,13,2,False,0.0,0.0,,
744,19,1,False,5.632592516256683,32.31001299950026,21.1375789642334,49.14608383178711
744,12,1,False,9.383990885706456,70.15965255254362,9.02037239074707,50.35092544555664
744,5,1,False,9.473540249002294,73.43675983564421,14.450582504272461,49.72248840332031
744,120,2,False,1.5765575284794435,23.935516248934867,9.019901275634766,17.7959041595459
744,7,2,False,3.5637336888545468,48.355717266022594,18.09152603149414,40.08447265625
744,156,2,False,0.0,0.0,,
744,8,2,False,2.226220806705328,53.69380314496987,13.820265769958496,32.68940353393555
744,132,1,False,5.94156154895156,45.25753264366653,6.8824567794799805,35.394405364990234
744,22,1,False,0.0,0.0,,
744,15,1,False,2.4453874153155173,64.93570633043255,12.125588417053223,40.816612243652344
744,14,2,False,9.783755842223018,65.49877293960566,9.074440956115723,47.76437759399414
744,11,1,False,11.46055039308846,64.24693779143851,9.928958892822266,46.79393768310547
744,142,1,False,5.440998981018904,39.374035642470965,7.718818664550781,22.45962142944336
744,213,2,False,0.0,0.0,,
744,227,1,False,0.0,0.0,,
744,236,2,False,0.0,0.0,,
745,1,2,False,2.548159492299489,59.00955051690629,18.98423194885254,42.39146041870117
745,6,1,False,8.543228966405646,64.73850289939683,8.687016487121582,53.712684631347656
745,34,2,False,17.517018031640358,58.354564251765574,8.804821968078613,57.793922424316406
745,3,2,False,10.945607377126125,77.683948475636,12.278338432312012,51.57517623901367
745,13,2,False,0.0,0.0,,
745,19,1,False,1.7759233716256035,32.39223167411256,21.01906394958496,49.14582824707031
745,12,1,False,8.445849624302369,70.55066410922429,9.013534545898438,50.369266510009766
745,5,1,False,10.203653028410926,73.90915117955213,14.222713470458984,49.777496337890625
745,120,2,False,4.579031362054952,24.147508441622595,8.889581680297852,17.81875991821289
745,7,2,False,4.415739119343573,48.56014963265887,17.984085083007812,40.09272384643555
745,156,2,False,0.0,0.0,,
745,8,2,False,3.4041786613522707,53.851404008921364,13.680153846740723,32.697330474853516
745,132,1,False,11.911641764668513,45.80899754017896,6.806280136108398,35.30009078979492
745,22,1,False,0.0,0.0,,
745,15,1,False,10.63779081340764,65.42819664586808,12.0005464553833,40.8200798034668
745,14,2,False,6.311514693798233,65.79097269394816,8.971368789672852,47.92457962036133
745,11,1,True,8.012799763771387,64.61790074346497,9.879117012023926,46.80656433105469
745,142,1,False,4.728323305531,39.59293949920851,7.59585428237915,22.47883415222168
745,213,2,False,0.0,0.0,,
745,227,1,False,0.0,0.0,,
745,236,2,False,0.0,0.0,,
746,1,2,False,2.548159492299489,59.00955051690629,19.007596969604492,42.39573287963867
746,6,1,False,8.543228966405646,64.73850289939683,8.611368179321289,53.698055267333984
746,34,2,False,17.517018031640358,58.354564251765574,8.6487398147583,57.532657623291016
746,3,2,False,10.945607377126125,77.683948475636,12.347986221313477,51.51614761352539
746,13,2,False,0.0,0.0,,
746,19,1,False,1.7759233716256035,32.39223167411256,20.99761390686035,49.14179611206055
746,12,1,False,8.445849624302369,70.55066410922429,9.093436241149902,50.38450241088867
746,5,1,False,10.203653028410926,73.90915117955213,14.140196800231934,49.761863708496094
746,120,2,False,4.579031362054952,24.147508441622595,8.880462646484375,17.982654571533203
746,7,2,False,4.415739119343573,48.56014963265887,18.00370979309082,39.992549896240234
746,156,2,False,0.0,0.0,,
746,8,2,False,3.4041786613522707,53.851404008921364,13.654282569885254,32.69277572631836
746,132,1,False,11.911641764668513,45.80899754017896,6.835278034210205,35.19488525390625
746,22,1,False,0.0,0.0,,
746,15,1,False,10.63779081340764,65.42819664586808,11.966243743896484,40.9119758605957
746,14,2,False,6.311514693798233,65.79097269394816,8.999942779541016,48.08763122558594
746,11,1,True,8.012799763771387,64.61790074346497,9.950291633605957,46.73768997192383
746,142,1,False,4.728323305531,39.59293949920851,7.6242995262146,22.4836368560791
746,213,2,False,0.0,0.0,,
746,227,1,False,0.0,0.0,,
746,236,2,False,0.0,0.0,,
747,1,2,False,2.548159492299489,59.00955051690629,19.132099151611328,42.413387298583984
747,6,1,False,8.543228966405646,64.73850289939683,8.66032600402832,53.638160705566406
747,34,2,False,17.517018031640358,58.354564251765574,8.512171745300293,57.5028076171875
747,3,2,False,10.945607377126125,77.683948475636,12.514298439025879,51.25307083129883
747,13,2,False,0.0,0.0,,
747,19,1,False,1.7759233716256035,32.39223167411256,21.133487701416016,49.16303634643555
747,12,1,False,8.445849624302369,70.55066410922429,9.2462739944458,50.556297302246094
747,5,1,False,10.203653028410926,73.90915117955213,14.175479888916016,49.84175109863281
747,120,2,False,4.579031362054952,24.147508441622595,9.108641624450684,17.846237182617188
747,7,2,False,4.415739119343573,48.56014963265887,18.151479721069336,39.90986251831055
747,156,2,False,0.0,0.0,,
747,8,2,False,3.4041786613522707,53.851404008921364,13.714107513427734,32.69694519042969
747,132,1,False,11.911641764668513,45.80899754017896,6.998794078826904,34.9965934753418
747,22,1,False,0.0,0.0,,
747,15,1,False,10.63779081340764,65.42819664586808,12.054838180541992,41.02097702026367
747,14,2,False,6.311514693798233,65.79097269394816,9.158341407775879,48.2703971862793
747,11,1,True,8.012799763771387,64.61790074346497,10.126152992248535,46.766395568847656
747,142,1,False,4.728323305531,39.59293949920851,7.796492576599121,22.654033660888672
747,213,2,False,0.0,0.0,,
747,227,1,False,0.0,0.0,,
747,236,2,False,0.0,0.0,,
748,1,2,False,2.548159492299489,59.00955051690629,19.0543270111084,42.40428161621094
748,6,1,False,8.543228966405646,64.73850289939683,8.495000839233398,53.4774055480957
748,34,2,False,17.517018031640358,58.354564251765574,8.241059303283691,57.45257568359375
748,3,2,False,10.945607377126125,77.683948475636,12.428245544433594,51.093963623046875
748,13,2,False,0.0,0.0,,
748,19,1,False,1.7759233716256035,32.39223167411256,20.997928619384766,49.22401809692383
748,12,1,False,8.445849624302369,70.55066410922429,9.213939666748047,50.62692642211914
748,5,1,False,10.203653028410926,73.90915117955213,13.9798002243042,49.96260452270508
748,120,2,False,4.579031362054952,24.147508441622595,9.009626388549805,17.83856201171875
748,7,2,False,4.415739119343573,48.56014963265887,18.023387908935547,39.89210510253906
748,156,2,False,0.0,0.0,,
748,8,2,False,3.4041786613522707,53.851404008921364,13.524940490722656,32.67000198364258
748,132,1,False,11.911641764668513,45.80899754017896,6.873651027679443,34.86869430541992
748,22,1,False,0.0,0.0,,
748,15,1,False,10.63779081340764,65.42819664586808,11.863883972167969,41.18619918823242
748,14,2,False,6.311514693798233,65.79097269394816,9.090276718139648,48.26162338256836
748,11,1,True,8.012799763771387,64.61790074346497,10.077388763427734,46.76154708862305
748,142,1,False,4.728323305531,39.59293949920851,7.702901363372803,22.645999908447266
748,213,2,False,0.0,0.0,,
748,227,1,False,0.0,0.0,,
748,236,2,False,0.0,0.0,,
749,1,2,False,0.0,0.0,19.033864974975586,42.49848175048828
749,6,1,False,0.0,0.0,8.443390846252441,53.40110397338867
749,34,2,False,0.0,0.0,8.059331893920898,57.47467041015625
749,3,2,False,0.0,0.0,12.448305130004883,51.0977897644043
749,13,2,False,0.0,0.0,,
749,19,1,False,0.0,0.0,21.019351959228516,49.22804641723633
749,12,1,False,0.0,0.0,9.293596267700195,50.64213180541992
749,5,1,False,0.0,0.0,13.87350845336914,50.09563064575195
749,120,2,False,0.0,0.0,9.049049377441406,17.679079055786133
749,7,2,False,0.0,0.0,18.023387908935547,39.89210510253906
749,156,2,False,0.0,0.0,,
749,8,2,False,0.0,0.0,13.524940490722656,32.67000198364258
749,132,1,False,0.0,0.0,6.829135894775391,34.74909973144531
749,22,1,False,0.0,0.0,,
749,15,1,False,0.0,0.0,11.806903839111328,41.27290344238281
749,14,2,False,0.0,0.0,9.186064720153809,48.12278747558594
749,11,1,True,0.0,0.0,10.199369430541992,46.61934280395508
749,142,1,False,0.0,0.0,7.7313055992126465,22.650798797607422
749,213,2,False,0.0,0.0,,
749,227,1,False,0.0,0.0,,
749,236,2,False,0.0,0.0,,
